"period";"value";"obs_status";"source";"indicator";"indicator type";"freq";"decimals";"unit_measure";"unit_mult"
"2022-01-10";0.55;"A";"Данные ЦМИ";"Топливо моторное";"Темп прироста к предыдущей неделе";"Неделя";"2";"%";"0"
"2022-01-14";0.08;"A";"Данные ЦМИ";"Топливо моторное";"Темп прироста к предыдущей неделе";"Неделя";"2";"%";"0"
"2022-01-21";0.17;"A";"Данные ЦМИ";"Топливо моторное";"Темп прироста к предыдущей неделе";"Неделя";"2";"%";"0"
"2022-01-28";0.2;"A";"Данные ЦМИ";"Топливо моторное";"Темп прироста к предыдущей неделе";"Неделя";"2";"%";"0"
"2022-02-04";0.02;"A";"Данные ЦМИ";"Топливо моторное";"Темп прироста к предыдущей неделе";"Неделя";"2";"%";"0"
"2022-02-11";0.07;"A";"Данные ЦМИ";"Топливо моторное";"Темп прироста к предыдущей неделе";"Неделя";"2";"%";"0"
"2022-02-18";0.08;"A";"Данные ЦМИ";"Топливо моторное";"Темп прироста к предыдущей неделе";"Неделя";"2";"%";"0"
"2022-02-25";0.03;"A";"Данные ЦМИ";"Топливо моторное";"Темп прироста к предыдущей неделе";"Неделя";"2";"%";"0"
"2022-03-04";0;"A";"Данные ЦМИ";"Топливо моторное";"Темп прироста к предыдущей неделе";"Неделя";"2";"%";"0"
"2022-03-11";-0.08;"A";"Данные ЦМИ";"Топливо моторное";"Темп прироста к предыдущей неделе";"Неделя";"2";"%";"0"
"2022-03-18";-0.07;"A";"Данные ЦМИ";"Топливо моторное";"Темп прироста к предыдущей неделе";"Неделя";"2";"%";"0"
"2022-03-25";-0.03;"A";"Данные ЦМИ";"Топливо моторное";"Темп прироста к предыдущей неделе";"Неделя";"2";"%";"0"
"2022-04-01";-0.07;"A";"Данные ЦМИ";"Топливо моторное";"Темп прироста к предыдущей неделе";"Неделя";"2";"%";"0"
"2022-04-08";-0.08;"A";"Данные ЦМИ";"Топливо моторное";"Темп прироста к предыдущей неделе";"Неделя";"2";"%";"0"
"2022-04-15";-0.06;"A";"Данные ЦМИ";"Топливо моторное";"Темп прироста к предыдущей неделе";"Неделя";"2";"%";"0"
"2022-04-22";-0.06;"A";"Данные ЦМИ";"Топливо моторное";"Темп прироста к предыдущей неделе";"Неделя";"2";"%";"0"
"2022-04-29";-0.02;"A";"Данные ЦМИ";"Топливо моторное";"Темп прироста к предыдущей неделе";"Неделя";"2";"%";"0"
"2022-05-06";-0.03;"A";"Данные ЦМИ";"Топливо моторное";"Темп прироста к предыдущей неделе";"Неделя";"2";"%";"0"
"2022-05-13";-0.02;"A";"Данные ЦМИ";"Топливо моторное";"Темп прироста к предыдущей неделе";"Неделя";"2";"%";"0"
"2022-05-20";-0.08;"A";"Данные ЦМИ";"Топливо моторное";"Темп прироста к предыдущей неделе";"Неделя";"2";"%";"0"
"2022-05-27";-0.06;"A";"Данные ЦМИ";"Топливо моторное";"Темп прироста к предыдущей неделе";"Неделя";"2";"%";"0"
"2022-06-03";-0.05;"A";"Данные ЦМИ";"Топливо моторное";"Темп прироста к предыдущей неделе";"Неделя";"2";"%";"0"
"2022-06-10";-0.03;"A";"Данные ЦМИ";"Топливо моторное";"Темп прироста к предыдущей неделе";"Неделя";"2";"%";"0"
"2022-06-17";-0.03;"A";"Данные ЦМИ";"Топливо моторное";"Темп прироста к предыдущей неделе";"Неделя";"2";"%";"0"
"2022-06-24";-0.01;"A";"Данные ЦМИ";"Топливо моторное";"Темп прироста к предыдущей неделе";"Неделя";"2";"%";"0"
"2022-07-01";-0.02;"A";"Данные ЦМИ";"Топливо моторное";"Темп прироста к предыдущей неделе";"Неделя";"2";"%";"0"
"2022-07-08";-0.04;"A";"Данные ЦМИ";"Топливо моторное";"Темп прироста к предыдущей неделе";"Неделя";"2";"%";"0"
"2022-07-15";-0.01;"A";"Данные ЦМИ";"Топливо моторное";"Темп прироста к предыдущей неделе";"Неделя";"2";"%";"0"
"2022-07-22";0.01;"A";"Данные ЦМИ";"Топливо моторное";"Темп прироста к предыдущей неделе";"Неделя";"2";"%";"0"
"2022-08-01";0.01;"A";"Данные ЦМИ";"Топливо моторное";"Темп прироста к предыдущей неделе";"Неделя";"2";"%";"0"
"2022-08-08";0.03;"A";"Данные ЦМИ";"Топливо моторное";"Темп прироста к предыдущей неделе";"Неделя";"2";"%";"0"
"2022-08-15";0.03;"A";"Данные ЦМИ";"Топливо моторное";"Темп прироста к предыдущей неделе";"Неделя";"2";"%";"0"
"2022-08-22";0.14;"A";"Данные ЦМИ";"Топливо моторное";"Темп прироста к предыдущей неделе";"Неделя";"2";"%";"0"
"2022-08-29";0.06;"A";"Данные ЦМИ";"Топливо моторное";"Темп прироста к предыдущей неделе";"Неделя";"2";"%";"0"
"2022-09-05";0.03;"A";"Данные ЦМИ";"Топливо моторное";"Темп прироста к предыдущей неделе";"Неделя";"2";"%";"0"
"2022-09-12";0.02;"A";"Данные ЦМИ";"Топливо моторное";"Темп прироста к предыдущей неделе";"Неделя";"2";"%";"0"
"2022-09-19";0.04;"A";"Данные ЦМИ";"Топливо моторное";"Темп прироста к предыдущей неделе";"Неделя";"2";"%";"0"
"2022-09-26";0.03;"A";"Данные ЦМИ";"Топливо моторное";"Темп прироста к предыдущей неделе";"Неделя";"2";"%";"0"
"2022-10-03";0.01;"A";"Данные ЦМИ";"Топливо моторное";"Темп прироста к предыдущей неделе";"Неделя";"2";"%";"0"
"2022-10-10";0.03;"A";"Данные ЦМИ";"Топливо моторное";"Темп прироста к предыдущей неделе";"Неделя";"2";"%";"0"
"2022-10-17";0.03;"A";"Данные ЦМИ";"Топливо моторное";"Темп прироста к предыдущей неделе";"Неделя";"2";"%";"0"
"2022-10-24";0.02;"A";"Данные ЦМИ";"Топливо моторное";"Темп прироста к предыдущей неделе";"Неделя";"2";"%";"0"
"2022-10-31";0.02;"A";"Данные ЦМИ";"Топливо моторное";"Темп прироста к предыдущей неделе";"Неделя";"2";"%";"0"
"2022-11-07";0.02;"A";"Данные ЦМИ";"Топливо моторное";"Темп прироста к предыдущей неделе";"Неделя";"2";"%";"0"
"2022-11-14";0.03;"A";"Данные ЦМИ";"Топливо моторное";"Темп прироста к предыдущей неделе";"Неделя";"2";"%";"0"
"2022-11-21";0.15;"A";"Данные ЦМИ";"Топливо моторное";"Темп прироста к предыдущей неделе";"Неделя";"2";"%";"0"
"2022-11-28";0.16;"A";"Данные ЦМИ";"Топливо моторное";"Темп прироста к предыдущей неделе";"Неделя";"2";"%";"0"
"2022-12-05";0.1;"A";"Данные ЦМИ";"Топливо моторное";"Темп прироста к предыдущей неделе";"Неделя";"2";"%";"0"
"2022-12-12";0.09;"A";"Данные ЦМИ";"Топливо моторное";"Темп прироста к предыдущей неделе";"Неделя";"2";"%";"0"
"2022-12-19";0.06;"A";"Данные ЦМИ";"Топливо моторное";"Темп прироста к предыдущей неделе";"Неделя";"2";"%";"0"
"2022-12-26";0.06;"A";"Данные ЦМИ";"Топливо моторное";"Темп прироста к предыдущей неделе";"Неделя";"2";"%";"0"
"2023-01-09";0.04;"A";"Данные ЦМИ";"Топливо моторное";"Темп прироста к предыдущей неделе";"Неделя";"2";"%";"0"
"2023-01-16";0.02;"A";"Данные ЦМИ";"Топливо моторное";"Темп прироста к предыдущей неделе";"Неделя";"2";"%";"0"
"2023-01-23";0.01;"A";"Данные ЦМИ";"Топливо моторное";"Темп прироста к предыдущей неделе";"Неделя";"2";"%";"0"
"2023-01-30";0;"A";"Данные ЦМИ";"Топливо моторное";"Темп прироста к предыдущей неделе";"Неделя";"2";"%";"0"
"2023-02-06";-0.05;"A";"Данные ЦМИ";"Топливо моторное";"Темп прироста к предыдущей неделе";"Неделя";"2";"%";"0"
"2023-02-13";-0.04;"A";"Данные ЦМИ";"Топливо моторное";"Темп прироста к предыдущей неделе";"Неделя";"2";"%";"0"
"2023-02-20";-0.03;"A";"Данные ЦМИ";"Топливо моторное";"Темп прироста к предыдущей неделе";"Неделя";"2";"%";"0"
"2023-02-27";-0.02;"A";"Данные ЦМИ";"Топливо моторное";"Темп прироста к предыдущей неделе";"Неделя";"2";"%";"0"
"2023-03-06";-0.03;"A";"Данные ЦМИ";"Топливо моторное";"Темп прироста к предыдущей неделе";"Неделя";"2";"%";"0"
"2023-03-13";0.01;"A";"Данные ЦМИ";"Топливо моторное";"Темп прироста к предыдущей неделе";"Неделя";"2";"%";"0"
"2023-03-20";0.01;"A";"Данные ЦМИ";"Топливо моторное";"Темп прироста к предыдущей неделе";"Неделя";"2";"%";"0"
"2023-03-27";0.03;"A";"Данные ЦМИ";"Топливо моторное";"Темп прироста к предыдущей неделе";"Неделя";"2";"%";"0"
"2023-04-03";0.01;"A";"Данные ЦМИ";"Топливо моторное";"Темп прироста к предыдущей неделе";"Неделя";"2";"%";"0"
"2023-04-10";0.01;"A";"Данные ЦМИ";"Топливо моторное";"Темп прироста к предыдущей неделе";"Неделя";"2";"%";"0"
"2023-04-17";0;"A";"Данные ЦМИ";"Топливо моторное";"Темп прироста к предыдущей неделе";"Неделя";"2";"%";"0"
"2023-04-24";0.01;"A";"Данные ЦМИ";"Топливо моторное";"Темп прироста к предыдущей неделе";"Неделя";"2";"%";"0"
"2023-05-02";0.13;"A";"Данные ЦМИ";"Топливо моторное";"Темп прироста к предыдущей неделе";"Неделя";"2";"%";"0"
"2023-05-10";0.03;"A";"Данные ЦМИ";"Топливо моторное";"Темп прироста к предыдущей неделе";"Неделя";"2";"%";"0"
"2023-05-15";0.16;"A";"Данные ЦМИ";"Топливо моторное";"Темп прироста к предыдущей неделе";"Неделя";"2";"%";"0"
"2023-05-22";0.26;"A";"Данные ЦМИ";"Топливо моторное";"Темп прироста к предыдущей неделе";"Неделя";"2";"%";"0"
"2023-05-29";0.28;"A";"Данные ЦМИ";"Топливо моторное";"Темп прироста к предыдущей неделе";"Неделя";"2";"%";"0"
"2023-06-05";0.28;"A";"Данные ЦМИ";"Топливо моторное";"Темп прироста к предыдущей неделе";"Неделя";"2";"%";"0"
"2023-06-13";0.31;"A";"Данные ЦМИ";"Топливо моторное";"Темп прироста к предыдущей неделе";"Неделя";"2";"%";"0"
"2023-06-19";0.31;"A";"Данные ЦМИ";"Топливо моторное";"Темп прироста к предыдущей неделе";"Неделя";"2";"%";"0"
"2023-06-26";0.39;"A";"Данные ЦМИ";"Топливо моторное";"Темп прироста к предыдущей неделе";"Неделя";"2";"%";"0"
"2023-07-03";0.27;"A";"Данные ЦМИ";"Топливо моторное";"Темп прироста к предыдущей неделе";"Неделя";"2";"%";"0"
"2023-07-10";0.35;"A";"Данные ЦМИ";"Топливо моторное";"Темп прироста к предыдущей неделе";"Неделя";"2";"%";"0"
"2023-07-17";0.45;"A";"Данные ЦМИ";"Топливо моторное";"Темп прироста к предыдущей неделе";"Неделя";"2";"%";"0"
"2023-07-24";0.56;"A";"Данные ЦМИ";"Топливо моторное";"Темп прироста к предыдущей неделе";"Неделя";"2";"%";"0"
"2023-07-31";0.52;"A";"Данные ЦМИ";"Топливо моторное";"Темп прироста к предыдущей неделе";"Неделя";"2";"%";"0"
"2023-08-07";0.58;"A";"Данные ЦМИ";"Топливо моторное";"Темп прироста к предыдущей неделе";"Неделя";"2";"%";"0"
"2023-08-14";0.52;"A";"Данные ЦМИ";"Топливо моторное";"Темп прироста к предыдущей неделе";"Неделя";"2";"%";"0"
"2023-08-21";0.61;"A";"Данные ЦМИ";"Топливо моторное";"Темп прироста к предыдущей неделе";"Неделя";"2";"%";"0"
"2023-08-28";0.52;"A";"Данные ЦМИ";"Топливо моторное";"Темп прироста к предыдущей неделе";"Неделя";"2";"%";"0"
"2023-09-04";0.62;"A";"Данные ЦМИ";"Топливо моторное";"Темп прироста к предыдущей неделе";"Неделя";"2";"%";"0"
"2023-09-11";0.81;"A";"Данные ЦМИ";"Топливо моторное";"Темп прироста к предыдущей неделе";"Неделя";"2";"%";"0"
"2023-09-18";0.94;"A";"Данные ЦМИ";"Топливо моторное";"Темп прироста к предыдущей неделе";"Неделя";"2";"%";"0"
"2023-09-25";0.58;"A";"Данные ЦМИ";"Топливо моторное";"Темп прироста к предыдущей неделе";"Неделя";"2";"%";"0"
"2023-10-02";-0.42;"A";"Данные ЦМИ";"Топливо моторное";"Темп прироста к предыдущей неделе";"Неделя";"2";"%";"0"
"2023-10-09";-0.53;"A";"Данные ЦМИ";"Топливо моторное";"Темп прироста к предыдущей неделе";"Неделя";"2";"%";"0"
"2023-10-16";-0.32;"A";"Данные ЦМИ";"Топливо моторное";"Темп прироста к предыдущей неделе";"Неделя";"2";"%";"0"
"2023-10-23";-0.25;"A";"Данные ЦМИ";"Топливо моторное";"Темп прироста к предыдущей неделе";"Неделя";"2";"%";"0"
"2023-10-30";-0.25;"A";"Данные ЦМИ";"Топливо моторное";"Темп прироста к предыдущей неделе";"Неделя";"2";"%";"0"
"2023-11-07";-0.2;"A";"Данные ЦМИ";"Топливо моторное";"Темп прироста к предыдущей неделе";"Неделя";"2";"%";"0"
"2023-11-13";-0.14;"A";"Данные ЦМИ";"Топливо моторное";"Темп прироста к предыдущей неделе";"Неделя";"2";"%";"0"
"2023-11-20";-0.16;"A";"Данные ЦМИ";"Топливо моторное";"Темп прироста к предыдущей неделе";"Неделя";"2";"%";"0"
"2023-11-27";-0.08;"A";"Данные ЦМИ";"Топливо моторное";"Темп прироста к предыдущей неделе";"Неделя";"2";"%";"0"
"2023-12-04";-0.15;"A";"Данные ЦМИ";"Топливо моторное";"Темп прироста к предыдущей неделе";"Неделя";"2";"%";"0"
"2023-12-11";-0.09;"A";"Данные ЦМИ";"Топливо моторное";"Темп прироста к предыдущей неделе";"Неделя";"2";"%";"0"
"2023-12-18";0.04;"A";"Данные ЦМИ";"Топливо моторное";"Темп прироста к предыдущей неделе";"Неделя";"2";"%";"0"
"2023-12-25";0.19;"A";"Данные ЦМИ";"Топливо моторное";"Темп прироста к предыдущей неделе";"Неделя";"2";"%";"0"
"2024-01-09";0.46;"A";"Данные ЦМИ";"Топливо моторное";"Темп прироста к предыдущей неделе";"Неделя";"2";"%";"0"
"2024-01-15";0.01;"A";"Данные ЦМИ";"Топливо моторное";"Темп прироста к предыдущей неделе";"Неделя";"2";"%";"0"
"2024-01-22";0.05;"A";"Данные ЦМИ";"Топливо моторное";"Темп прироста к предыдущей неделе";"Неделя";"2";"%";"0"
"2024-01-29";0.02;"A";"Данные ЦМИ";"Топливо моторное";"Темп прироста к предыдущей неделе";"Неделя";"2";"%";"0"
"2024-02-05";0.01;"A";"Данные ЦМИ";"Топливо моторное";"Темп прироста к предыдущей неделе";"Неделя";"2";"%";"0"
"2024-02-12";0.01;"A";"Данные ЦМИ";"Топливо моторное";"Темп прироста к предыдущей неделе";"Неделя";"2";"%";"0"
"2024-02-19";-0.02;"A";"Данные ЦМИ";"Топливо моторное";"Темп прироста к предыдущей неделе";"Неделя";"2";"%";"0"
"2024-02-26";0.01;"A";"Данные ЦМИ";"Топливо моторное";"Темп прироста к предыдущей неделе";"Неделя";"2";"%";"0"
"2024-03-04";-0.02;"A";"Данные ЦМИ";"Топливо моторное";"Темп прироста к предыдущей неделе";"Неделя";"2";"%";"0"
"2024-03-11";-0.02;"A";"Данные ЦМИ";"Топливо моторное";"Темп прироста к предыдущей неделе";"Неделя";"2";"%";"0"
"2024-03-18";0.04;"A";"Данные ЦМИ";"Топливо моторное";"Темп прироста к предыдущей неделе";"Неделя";"2";"%";"0"
"2024-03-25";0.09;"A";"Данные ЦМИ";"Топливо моторное";"Темп прироста к предыдущей неделе";"Неделя";"2";"%";"0"
"2024-04-01";0.04;"A";"Данные ЦМИ";"Топливо моторное";"Темп прироста к предыдущей неделе";"Неделя";"2";"%";"0"
"2024-04-08";0.15;"A";"Данные ЦМИ";"Топливо моторное";"Темп прироста к предыдущей неделе";"Неделя";"2";"%";"0"
"2024-04-15";0.26;"A";"Данные ЦМИ";"Топливо моторное";"Темп прироста к предыдущей неделе";"Неделя";"2";"%";"0"
"2024-04-22";0.09;"A";"Данные ЦМИ";"Топливо моторное";"Темп прироста к предыдущей неделе";"Неделя";"2";"%";"0"
"2024-05-02";0.11;"A";"Данные ЦМИ";"Топливо моторное";"Темп прироста к предыдущей неделе";"Неделя";"2";"%";"0"
"2024-05-06";0.01;"A";"Данные ЦМИ";"Топливо моторное";"Темп прироста к предыдущей неделе";"Неделя";"2";"%";"0"
"2024-05-13";0.05;"A";"Данные ЦМИ";"Топливо моторное";"Темп прироста к предыдущей неделе";"Неделя";"2";"%";"0"
"2024-05-20";0.11;"A";"Данные ЦМИ";"Топливо моторное";"Темп прироста к предыдущей неделе";"Неделя";"2";"%";"0"
"2024-05-27";0.1;"A";"Данные ЦМИ";"Топливо моторное";"Темп прироста к предыдущей неделе";"Неделя";"2";"%";"0"
"2024-06-03";0.25;"A";"Данные ЦМИ";"Топливо моторное";"Темп прироста к предыдущей неделе";"Неделя";"2";"%";"0"
"2024-06-10";0.22;"A";"Данные ЦМИ";"Топливо моторное";"Темп прироста к предыдущей неделе";"Неделя";"2";"%";"0"
"2024-06-17";0.16;"A";"Данные ЦМИ";"Топливо моторное";"Темп прироста к предыдущей неделе";"Неделя";"2";"%";"0"
"2024-06-24";0.41;"A";"Данные ЦМИ";"Топливо моторное";"Темп прироста к предыдущей неделе";"Неделя";"2";"%";"0"
"2024-07-01";0.51;"A";"Данные ЦМИ";"Топливо моторное";"Темп прироста к предыдущей неделе";"Неделя";"2";"%";"0"
"2024-07-08";0.59;"A";"Данные ЦМИ";"Топливо моторное";"Темп прироста к предыдущей неделе";"Неделя";"2";"%";"0"
"2024-07-15";0.51;"A";"Данные ЦМИ";"Топливо моторное";"Темп прироста к предыдущей неделе";"Неделя";"2";"%";"0"
"2024-07-22";0.54;"A";"Данные ЦМИ";"Топливо моторное";"Темп прироста к предыдущей неделе";"Неделя";"2";"%";"0"
"2024-07-29";0.39;"A";"Данные ЦМИ";"Топливо моторное";"Темп прироста к предыдущей неделе";"Неделя";"2";"%";"0"
"2024-08-05";0.24;"A";"Данные ЦМИ";"Топливо моторное";"Темп прироста к предыдущей неделе";"Неделя";"2";"%";"0"
"2024-08-12";0.21;"A";"Данные ЦМИ";"Топливо моторное";"Темп прироста к предыдущей неделе";"Неделя";"2";"%";"0"
"2024-08-19";0.2;"A";"Данные ЦМИ";"Топливо моторное";"Темп прироста к предыдущей неделе";"Неделя";"2";"%";"0"
"2024-08-26";0.15;"A";"Данные ЦМИ";"Топливо моторное";"Темп прироста к предыдущей неделе";"Неделя";"2";"%";"0"
"2024-09-02";0.14;"A";"Данные ЦМИ";"Топливо моторное";"Темп прироста к предыдущей неделе";"Неделя";"2";"%";"0"
"2024-09-09";0.29;"A";"Данные ЦМИ";"Топливо моторное";"Темп прироста к предыдущей неделе";"Неделя";"2";"%";"0"
"2024-09-16";0.16;"A";"Данные ЦМИ";"Топливо моторное";"Темп прироста к предыдущей неделе";"Неделя";"2";"%";"0"
"2024-09-23";0.1;"A";"Данные ЦМИ";"Топливо моторное";"Темп прироста к предыдущей неделе";"Неделя";"2";"%";"0"
"2024-09-30";0.1;"A";"Данные ЦМИ";"Топливо моторное";"Темп прироста к предыдущей неделе";"Неделя";"2";"%";"0"
"2024-10-07";0.1;"A";"Данные ЦМИ";"Топливо моторное";"Темп прироста к предыдущей неделе";"Неделя";"2";"%";"0"
"2024-10-14";0.07;"A";"Данные ЦМИ";"Топливо моторное";"Темп прироста к предыдущей неделе";"Неделя";"2";"%";"0"
"2024-10-21";0.14;"A";"Данные ЦМИ";"Топливо моторное";"Темп прироста к предыдущей неделе";"Неделя";"2";"%";"0"
"2024-10-28";0.17;"A";"Данные ЦМИ";"Топливо моторное";"Темп прироста к предыдущей неделе";"Неделя";"2";"%";"0"
"2024-11-05";0.19;"A";"Данные ЦМИ";"Топливо моторное";"Темп прироста к предыдущей неделе";"Неделя";"2";"%";"0"
"2024-11-11";0.11;"A";"Данные ЦМИ";"Топливо моторное";"Темп прироста к предыдущей неделе";"Неделя";"2";"%";"0"
"2024-11-18";0.31;"A";"Данные ЦМИ";"Топливо моторное";"Темп прироста к предыдущей неделе";"Неделя";"2";"%";"0"
"2024-11-25";0.36;"A";"Данные ЦМИ";"Топливо моторное";"Темп прироста к предыдущей неделе";"Неделя";"2";"%";"0"
"2024-12-02";0.38;"A";"Данные ЦМИ";"Топливо моторное";"Темп прироста к предыдущей неделе";"Неделя";"2";"%";"0"
"2024-12-09";0.46;"A";"Данные ЦМИ";"Топливо моторное";"Темп прироста к предыдущей неделе";"Неделя";"2";"%";"0"
"2024-12-16";0.34;"A";"Данные ЦМИ";"Топливо моторное";"Темп прироста к предыдущей неделе";"Неделя";"2";"%";"0"
"2024-12-23";0.34;"A";"Данные ЦМИ";"Топливо моторное";"Темп прироста к предыдущей неделе";"Неделя";"2";"%";"0"
"2025-01-09";0.48;"A";"Данные ЦМИ";"Топливо моторное";"Темп прироста к предыдущей неделе";"Неделя";"2";"%";"0"
"2025-01-13";0.04;"A";"Данные ЦМИ";"Топливо моторное";"Темп прироста к предыдущей неделе";"Неделя";"2";"%";"0"
"2025-01-20";0.08;"A";"Данные ЦМИ";"Топливо моторное";"Темп прироста к предыдущей неделе";"Неделя";"2";"%";"0"
"2025-01-27";0.03;"A";"Данные ЦМИ";"Топливо моторное";"Темп прироста к предыдущей неделе";"Неделя";"2";"%";"0"
"2025-02-03";0.11;"A";"Данные ЦМИ";"Топливо моторное";"Темп прироста к предыдущей неделе";"Неделя";"2";"%";"0"
"2025-02-10";0.06;"A";"Данные ЦМИ";"Топливо моторное";"Темп прироста к предыдущей неделе";"Неделя";"2";"%";"0"
"2025-02-17";0.21;"A";"Данные ЦМИ";"Топливо моторное";"Темп прироста к предыдущей неделе";"Неделя";"2";"%";"0"
"2025-02-24";0.08;"A";"Данные ЦМИ";"Топливо моторное";"Темп прироста к предыдущей неделе";"Неделя";"2";"%";"0"
"2025-03-03";0.19;"A";"Данные ЦМИ";"Топливо моторное";"Темп прироста к предыдущей неделе";"Неделя";"2";"%";"0"
"2025-03-10";0.18;"A";"Данные ЦМИ";"Топливо моторное";"Темп прироста к предыдущей неделе";"Неделя";"2";"%";"0"
"2025-03-17";0.07;"A";"Данные ЦМИ";"Топливо моторное";"Темп прироста к предыдущей неделе";"Неделя";"2";"%";"0"
"2025-03-24";0.11;"A";"Данные ЦМИ";"Топливо моторное";"Темп прироста к предыдущей неделе";"Неделя";"2";"%";"0"
"2025-03-31";0.05;"A";"Данные ЦМИ";"Топливо моторное";"Темп прироста к предыдущей неделе";"Неделя";"2";"%";"0"
"2025-04-07";0.23;"A";"Данные ЦМИ";"Топливо моторное";"Темп прироста к предыдущей неделе";"Неделя";"2";"%";"0"
"2025-04-14";0.14;"A";"Данные ЦМИ";"Топливо моторное";"Темп прироста к предыдущей неделе";"Неделя";"2";"%";"0"
"2025-04-21";0.09;"A";"Данные ЦМИ";"Топливо моторное";"Темп прироста к предыдущей неделе";"Неделя";"2";"%";"0"
"2025-04-28";0.1;"A";"Данные ЦМИ";"Топливо моторное";"Темп прироста к предыдущей неделе";"Неделя";"2";"%";"0"
"2025-05-05";0.06;"A";"Данные ЦМИ";"Топливо моторное";"Темп прироста к предыдущей неделе";"Неделя";"2";"%";"0"
"2025-05-12";0.06;"A";"Данные ЦМИ";"Топливо моторное";"Темп прироста к предыдущей неделе";"Неделя";"2";"%";"0"
"2025-05-19";0.08;"A";"Данные ЦМИ";"Топливо моторное";"Темп прироста к предыдущей неделе";"Неделя";"2";"%";"0"
"2025-05-26";0.08;"A";"Данные ЦМИ";"Топливо моторное";"Темп прироста к предыдущей неделе";"Неделя";"2";"%";"0"
"2025-06-02";0.11;"A";"Данные ЦМИ";"Топливо моторное";"Темп прироста к предыдущей неделе";"Неделя";"2";"%";"0"
"2025-06-09";0.06;"A";"Данные ЦМИ";"Топливо моторное";"Темп прироста к предыдущей неделе";"Неделя";"2";"%";"0"
"2025-06-16";0.11;"A";"Данные ЦМИ";"Топливо моторное";"Темп прироста к предыдущей неделе";"Неделя";"2";"%";"0"
"2025-06-23";0.22;"A";"Данные ЦМИ";"Топливо моторное";"Темп прироста к предыдущей неделе";"Неделя";"2";"%";"0"
"2025-06-30";0.19;"A";"Данные ЦМИ";"Топливо моторное";"Темп прироста к предыдущей неделе";"Неделя";"2";"%";"0"
"2025-07-07";0.26;"A";"Данные ЦМИ";"Топливо моторное";"Темп прироста к предыдущей неделе";"Неделя";"2";"%";"0"
"2025-07-14";0.39;"A";"Данные ЦМИ";"Топливо моторное";"Темп прироста к предыдущей неделе";"Неделя";"2";"%";"0"
"2025-07-21";0.32;"A";"Данные ЦМИ";"Топливо моторное";"Темп прироста к предыдущей неделе";"Неделя";"2";"%";"0"
"2025-07-28";0.27;"A";"Данные ЦМИ";"Топливо моторное";"Темп прироста к предыдущей неделе";"Неделя";"2";"%";"0"
"2025-08-04";0.27;"A";"Данные ЦМИ";"Топливо моторное";"Темп прироста к предыдущей неделе";"Неделя";"2";"%";"0"
"2025-08-11";0.4;"A";"Данные ЦМИ";"Топливо моторное";"Темп прироста к предыдущей неделе";"Неделя";"2";"%";"0"
"2025-08-18";0.42;"A";"Данные ЦМИ";"Топливо моторное";"Темп прироста к предыдущей неделе";"Неделя";"2";"%";"0"
"2025-08-25";0.59;"A";"Данные ЦМИ";"Топливо моторное";"Темп прироста к предыдущей неделе";"Неделя";"2";"%";"0"
"2025-09-01";0.3;"A";"Данные ЦМИ";"Топливо моторное";"Темп прироста к предыдущей неделе";"Неделя";"2";"%";"0"
"2025-09-08";0.54;"A";"Данные ЦМИ";"Топливо моторное";"Темп прироста к предыдущей неделе";"Неделя";"2";"%";"0"
"2025-09-15";0.45;"A";"Данные ЦМИ";"Топливо моторное";"Темп прироста к предыдущей неделе";"Неделя";"2";"%";"0"
"2025-09-22";0.62;"A";"Данные ЦМИ";"Топливо моторное";"Темп прироста к предыдущей неделе";"Неделя";"2";"%";"0"
"2025-09-29";0.79;"A";"Данные ЦМИ";"Топливо моторное";"Темп прироста к предыдущей неделе";"Неделя";"2";"%";"0"
"2025-10-06";0.82;"A";"Данные ЦМИ";"Топливо моторное";"Темп прироста к предыдущей неделе";"Неделя";"2";"%";"0"
"2025-10-13";0.75;"A";"Данные ЦМИ";"Топливо моторное";"Темп прироста к предыдущей неделе";"Неделя";"2";"%";"0"
"2025-10-20";0.57;"A";"Данные ЦМИ";"Топливо моторное";"Темп прироста к предыдущей неделе";"Неделя";"2";"%";"0"
"2025-10-27";0.39;"A";"Данные ЦМИ";"Топливо моторное";"Темп прироста к предыдущей неделе";"Неделя";"2";"%";"0"
"2025-11-05";0.06;"A";"Данные ЦМИ";"Топливо моторное";"Темп прироста к предыдущей неделе";"Неделя";"2";"%";"0"
"2025-11-10";-0.17;"A";"Данные ЦМИ";"Топливо моторное";"Темп прироста к предыдущей неделе";"Неделя";"2";"%";"0"
"2025-11-17";-0.19;"A";"Данные ЦМИ";"Топливо моторное";"Темп прироста к предыдущей неделе";"Неделя";"2";"%";"0"
"2025-11-24";-0.23;"A";"Данные ЦМИ";"Топливо моторное";"Темп прироста к предыдущей неделе";"Неделя";"2";"%";"0"
"2025-12-01";-0.23;"A";"Данные ЦМИ";"Топливо моторное";"Темп прироста к предыдущей неделе";"Неделя";"2";"%";"0"
"2025-12-08";-0.17;"A";"Данные ЦМИ";"Топливо моторное";"Темп прироста к предыдущей неделе";"Неделя";"2";"%";"0"
"2025-12-15";-0.08;"A";"Данные ЦМИ";"Топливо моторное";"Темп прироста к предыдущей неделе";"Неделя";"2";"%";"0"
"2025-12-22";-0.07;"A";"Данные ЦМИ";"Топливо моторное";"Темп прироста к предыдущей неделе";"Неделя";"2";"%";"0"
"2026-01-12";1.18;"A";"Данные ЦМИ";"Топливо моторное";"Темп прироста к предыдущей неделе";"Неделя";"2";"%";"0"
"2026-01-19";0.12;"A";"Данные ЦМИ";"Топливо моторное";"Темп прироста к предыдущей неделе";"Неделя";"2";"%";"0"
"2026-01-26";0.01;"A";"Данные ЦМИ";"Топливо моторное";"Темп прироста к предыдущей неделе";"Неделя";"2";"%";"0"
"2026-02-02";0.1;"A";"Данные ЦМИ";"Топливо моторное";"Темп прироста к предыдущей неделе";"Неделя";"2";"%";"0"
"2026-02-09";0.2;"A";"Данные ЦМИ";"Топливо моторное";"Темп прироста к предыдущей неделе";"Неделя";"2";"%";"0"
"2026-02-16";0.1;"A";"Данные ЦМИ";"Топливо моторное";"Темп прироста к предыдущей неделе";"Неделя";"2";"%";"0"
"2026-02-24";0.25;"A";"Данные ЦМИ";"Топливо моторное";"Темп прироста к предыдущей неделе";"Неделя";"2";"%";"0"
"2026-03-02";0.07;"A";"Данные ЦМИ";"Топливо моторное";"Темп прироста к предыдущей неделе";"Неделя";"2";"%";"0"
"2026-03-10";0.13;"A";"Данные ЦМИ";"Топливо моторное";"Темп прироста к предыдущей неделе";"Неделя";"2";"%";"0"
"2026-03-16";0.24;"A";"Данные ЦМИ";"Топливо моторное";"Темп прироста к предыдущей неделе";"Неделя";"2";"%";"0"
"2026-03-23";0.36;"A";"Данные ЦМИ";"Топливо моторное";"Темп прироста к предыдущей неделе";"Неделя";"2";"%";"0"
"2026-03-30";0.27;"A";"Данные ЦМИ";"Топливо моторное";"Темп прироста к предыдущей неделе";"Неделя";"2";"%";"0"
"2026-04-06";0.17;"A";"Данные ЦМИ";"Топливо моторное";"Темп прироста к предыдущей неделе";"Неделя";"2";"%";"0"
"2026-04-13";0.1;"A";"Данные ЦМИ";"Топливо моторное";"Темп прироста к предыдущей неделе";"Неделя";"2";"%";"0"
"2026-04-20";0.2;"A";"Данные ЦМИ";"Топливо моторное";"Темп прироста к предыдущей неделе";"Неделя";"2";"%";"0"
"2026-04-27";0.1;"A";"Данные ЦМИ";"Топливо моторное";"Темп прироста к предыдущей неделе";"Неделя";"2";"%";"0"
"2026-05-04";0.1;"A";"Данные ЦМИ";"Топливо моторное";"Темп прироста к предыдущей неделе";"Неделя";"2";"%";"0"
"2026-05-12";0.07;"A";"Данные ЦМИ";"Топливо моторное";"Темп прироста к предыдущей неделе";"Неделя";"2";"%";"0"
"2026-05-18";0.12;"A";"Данные ЦМИ";"Топливо моторное";"Темп прироста к предыдущей неделе";"Неделя";"2";"%";"0"
"2026-05-25";0.35;"A";"Данные ЦМИ";"Топливо моторное";"Темп прироста к предыдущей неделе";"Неделя";"2";"%";"0"
"2026-06-01";0.46;"A";"Данные ЦМИ";"Топливо моторное";"Темп прироста к предыдущей неделе";"Неделя";"2";"%";"0"
"2026-06-08";0.93;"A";"Данные ЦМИ";"Топливо моторное";"Темп прироста к предыдущей неделе";"Неделя";"2";"%";"0"
"2026-06-15";0.95;"A";"Данные ЦМИ";"Топливо моторное";"Темп прироста к предыдущей неделе";"Неделя";"2";"%";"0"
"2026-06-22";3;"A";"Данные ЦМИ";"Топливо моторное";"Темп прироста к предыдущей неделе";"Неделя";"2";"%";"0"
"2026-06-29";1.65;"A";"Данные ЦМИ";"Топливо моторное";"Темп прироста к предыдущей неделе";"Неделя";"2";"%";"0"
"2026-07-06";2.21;"A";"Данные ЦМИ";"Топливо моторное";"Темп прироста к предыдущей неделе";"Неделя";"2";"%";"0"
"2026-07-13";2.3;"A";"Данные ЦМИ";"Топливо моторное";"Темп прироста к предыдущей неделе";"Неделя";"2";"%";"0"
"2026-07-20";1.66;"A";"Данные ЦМИ";"Топливо моторное";"Темп прироста к предыдущей неделе";"Неделя";"2";"%";"0"
"2026-07-27";0.54;"A";"Данные ЦМИ";"Топливо моторное";"Темп прироста к предыдущей неделе";"Неделя";"2";"%";"0"
"2026-08-03";-1.14;"A";"Данные ЦМИ";"Топливо моторное";"Темп прироста к предыдущей неделе";"Неделя";"2";"%";"0"
"2026-08-10";-0.64;"A";"Данные ЦМИ";"Топливо моторное";"Темп прироста к предыдущей неделе";"Неделя";"2";"%";"0"
"2026-08-17";0.47;"A";"Данные ЦМИ";"Топливо моторное";"Темп прироста к предыдущей неделе";"Неделя";"2";"%";"0"
"2026-08-24";0.86;"A";"Данные ЦМИ";"Топливо моторное";"Темп прироста к предыдущей неделе";"Неделя";"2";"%";"0"
"2026-08-31";0.88;"A";"Данные ЦМИ";"Топливо моторное";"Темп прироста к предыдущей неделе";"Неделя";"2";"%";"0"
"2026-09-07";0.58;"A";"Данные ЦМИ";"Топливо моторное";"Темп прироста к предыдущей неделе";"Неделя";"2";"%";"0"
"2026-09-14";0.31;"A";"Данные ЦМИ";"Топливо моторное";"Темп прироста к предыдущей неделе";"Неделя";"2";"%";"0"
"2026-09-21";0.02;"A";"Данные ЦМИ";"Топливо моторное";"Темп прироста к предыдущей неделе";"Неделя";"2";"%";"0"
"2026-09-28";-0.02;"A";"Данные ЦМИ";"Топливо моторное";"Темп прироста к предыдущей неделе";"Неделя";"2";"%";"0"
"2022-01-10";0.28;"A";"Данные ЦМИ";"Cахар-песок";"Скользящее среднее за четыре недели";"Неделя";"2";"%";"0"
"2022-01-14";0.23;"A";"Данные ЦМИ";"Cахар-песок";"Скользящее среднее за четыре недели";"Неделя";"2";"%";"0"
"2022-01-21";-0.01;"A";"Данные ЦМИ";"Cахар-песок";"Скользящее среднее за четыре недели";"Неделя";"2";"%";"0"
"2022-01-28";0.05;"A";"Данные ЦМИ";"Cахар-песок";"Скользящее среднее за четыре недели";"Неделя";"2";"%";"0"
"2022-02-04";0.18;"A";"Данные ЦМИ";"Cахар-песок";"Скользящее среднее за четыре недели";"Неделя";"2";"%";"0"
"2022-02-11";0.31;"A";"Данные ЦМИ";"Cахар-песок";"Скользящее среднее за четыре недели";"Неделя";"2";"%";"0"
"2022-02-18";0.58;"A";"Данные ЦМИ";"Cахар-песок";"Скользящее среднее за четыре недели";"Неделя";"2";"%";"0"
"2022-02-25";0.72;"A";"Данные ЦМИ";"Cахар-песок";"Скользящее среднее за четыре недели";"Неделя";"2";"%";"0"
"2022-03-04";0.82;"A";"Данные ЦМИ";"Cахар-песок";"Скользящее среднее за четыре недели";"Неделя";"2";"%";"0"
"2022-03-11";1.65;"A";"Данные ЦМИ";"Cахар-песок";"Скользящее среднее за четыре недели";"Неделя";"2";"%";"0"
"2022-03-18";2.69;"A";"Данные ЦМИ";"Cахар-песок";"Скользящее среднее за четыре недели";"Неделя";"2";"%";"0"
"2022-03-25";3.43;"A";"Данные ЦМИ";"Cахар-песок";"Скользящее среднее за четыре недели";"Неделя";"2";"%";"0"
"2022-04-01";3.85;"A";"Данные ЦМИ";"Cахар-песок";"Скользящее среднее за четыре недели";"Неделя";"2";"%";"0"
"2022-04-08";3.4;"A";"Данные ЦМИ";"Cахар-песок";"Скользящее среднее за четыре недели";"Неделя";"2";"%";"0"
"2022-04-15";2.46;"A";"Данные ЦМИ";"Cахар-песок";"Скользящее среднее за четыре недели";"Неделя";"2";"%";"0"
"2022-04-22";1.52;"A";"Данные ЦМИ";"Cахар-песок";"Скользящее среднее за четыре недели";"Неделя";"2";"%";"0"
"2022-04-29";1.03;"A";"Данные ЦМИ";"Cахар-песок";"Скользящее среднее за четыре недели";"Неделя";"2";"%";"0"
"2022-05-06";0.56;"A";"Данные ЦМИ";"Cахар-песок";"Скользящее среднее за четыре недели";"Неделя";"2";"%";"0"
"2022-05-13";0.3;"A";"Данные ЦМИ";"Cахар-песок";"Скользящее среднее за четыре недели";"Неделя";"2";"%";"0"
"2022-05-20";0.32;"A";"Данные ЦМИ";"Cахар-песок";"Скользящее среднее за четыре недели";"Неделя";"2";"%";"0"
"2022-05-27";0.22;"A";"Данные ЦМИ";"Cахар-песок";"Скользящее среднее за четыре недели";"Неделя";"2";"%";"0"
"2022-06-03";0.28;"A";"Данные ЦМИ";"Cахар-песок";"Скользящее среднее за четыре недели";"Неделя";"2";"%";"0"
"2022-06-10";0.18;"A";"Данные ЦМИ";"Cахар-песок";"Скользящее среднее за четыре недели";"Неделя";"2";"%";"0"
"2022-06-17";0.16;"A";"Данные ЦМИ";"Cахар-песок";"Скользящее среднее за четыре недели";"Неделя";"2";"%";"0"
"2022-06-24";0;"A";"Данные ЦМИ";"Cахар-песок";"Скользящее среднее за четыре недели";"Неделя";"2";"%";"0"
"2022-07-01";-0.14;"A";"Данные ЦМИ";"Cахар-песок";"Скользящее среднее за четыре недели";"Неделя";"2";"%";"0"
"2022-07-08";-0.23;"A";"Данные ЦМИ";"Cахар-песок";"Скользящее среднее за четыре недели";"Неделя";"2";"%";"0"
"2022-07-15";-0.24;"A";"Данные ЦМИ";"Cахар-песок";"Скользящее среднее за четыре недели";"Неделя";"2";"%";"0"
"2022-07-22";-0.3;"A";"Данные ЦМИ";"Cахар-песок";"Скользящее среднее за четыре недели";"Неделя";"2";"%";"0"
"2022-08-01";-0.11;"A";"Данные ЦМИ";"Cахар-песок";"Скользящее среднее за четыре недели";"Неделя";"2";"%";"0"
"2022-08-08";0.01;"A";"Данные ЦМИ";"Cахар-песок";"Скользящее среднее за четыре недели";"Неделя";"2";"%";"0"
"2022-08-15";0.01;"A";"Данные ЦМИ";"Cахар-песок";"Скользящее среднее за четыре недели";"Неделя";"2";"%";"0"
"2022-08-22";-0.04;"A";"Данные ЦМИ";"Cахар-песок";"Скользящее среднее за четыре недели";"Неделя";"2";"%";"0"
"2022-08-29";-0.06;"A";"Данные ЦМИ";"Cахар-песок";"Скользящее среднее за четыре недели";"Неделя";"2";"%";"0"
"2022-09-05";-0.03;"A";"Данные ЦМИ";"Cахар-песок";"Скользящее среднее за четыре недели";"Неделя";"2";"%";"0"
"2022-09-12";-0.06;"A";"Данные ЦМИ";"Cахар-песок";"Скользящее среднее за четыре недели";"Неделя";"2";"%";"0"
"2022-09-19";-0.02;"A";"Данные ЦМИ";"Cахар-песок";"Скользящее среднее за четыре недели";"Неделя";"2";"%";"0"
"2022-09-26";-0.12;"A";"Данные ЦМИ";"Cахар-песок";"Скользящее среднее за четыре недели";"Неделя";"2";"%";"0"
"2022-10-03";-0.23;"A";"Данные ЦМИ";"Cахар-песок";"Скользящее среднее за четыре недели";"Неделя";"2";"%";"0"
"2022-10-10";-0.27;"A";"Данные ЦМИ";"Cахар-песок";"Скользящее среднее за четыре недели";"Неделя";"2";"%";"0"
"2022-10-17";-0.29;"A";"Данные ЦМИ";"Cахар-песок";"Скользящее среднее за четыре недели";"Неделя";"2";"%";"0"
"2022-10-24";-0.23;"A";"Данные ЦМИ";"Cахар-песок";"Скользящее среднее за четыре недели";"Неделя";"2";"%";"0"
"2022-10-31";-0.25;"A";"Данные ЦМИ";"Cахар-песок";"Скользящее среднее за четыре недели";"Неделя";"2";"%";"0"
"2022-11-07";-0.12;"A";"Данные ЦМИ";"Cахар-песок";"Скользящее среднее за четыре недели";"Неделя";"2";"%";"0"
"2022-11-14";-0.1;"A";"Данные ЦМИ";"Cахар-песок";"Скользящее среднее за четыре недели";"Неделя";"2";"%";"0"
"2022-11-21";-0.18;"A";"Данные ЦМИ";"Cахар-песок";"Скользящее среднее за четыре недели";"Неделя";"2";"%";"0"
"2022-11-28";-0.17;"A";"Данные ЦМИ";"Cахар-песок";"Скользящее среднее за четыре недели";"Неделя";"2";"%";"0"
"2022-12-05";-0.35;"A";"Данные ЦМИ";"Cахар-песок";"Скользящее среднее за четыре недели";"Неделя";"2";"%";"0"
"2022-12-12";-0.29;"A";"Данные ЦМИ";"Cахар-песок";"Скользящее среднее за четыре недели";"Неделя";"2";"%";"0"
"2022-12-19";-0.43;"A";"Данные ЦМИ";"Cахар-песок";"Скользящее среднее за четыре недели";"Неделя";"2";"%";"0"
"2022-12-26";-0.35;"A";"Данные ЦМИ";"Cахар-песок";"Скользящее среднее за четыре недели";"Неделя";"2";"%";"0"
"2023-01-09";-0.27;"A";"Данные ЦМИ";"Cахар-песок";"Скользящее среднее за четыре недели";"Неделя";"2";"%";"0"
"2023-01-16";-0.32;"A";"Данные ЦМИ";"Cахар-песок";"Скользящее среднее за четыре недели";"Неделя";"2";"%";"0"
"2023-01-23";-0.12;"A";"Данные ЦМИ";"Cахар-песок";"Скользящее среднее за четыре недели";"Неделя";"2";"%";"0"
"2023-01-30";-0.13;"A";"Данные ЦМИ";"Cахар-песок";"Скользящее среднее за четыре недели";"Неделя";"2";"%";"0"
"2023-02-06";-0.1;"A";"Данные ЦМИ";"Cахар-песок";"Скользящее среднее за четыре недели";"Неделя";"2";"%";"0"
"2023-02-13";-0.09;"A";"Данные ЦМИ";"Cахар-песок";"Скользящее среднее за четыре недели";"Неделя";"2";"%";"0"
"2023-02-20";-0.06;"A";"Данные ЦМИ";"Cахар-песок";"Скользящее среднее за четыре недели";"Неделя";"2";"%";"0"
"2023-02-27";-0.02;"A";"Данные ЦМИ";"Cахар-песок";"Скользящее среднее за четыре недели";"Неделя";"2";"%";"0"
"2023-03-06";0.09;"A";"Данные ЦМИ";"Cахар-песок";"Скользящее среднее за четыре недели";"Неделя";"2";"%";"0"
"2023-03-13";0.12;"A";"Данные ЦМИ";"Cахар-песок";"Скользящее среднее за четыре недели";"Неделя";"2";"%";"0"
"2023-03-20";0.16;"A";"Данные ЦМИ";"Cахар-песок";"Скользящее среднее за четыре недели";"Неделя";"2";"%";"0"
"2023-03-27";0.18;"A";"Данные ЦМИ";"Cахар-песок";"Скользящее среднее за четыре недели";"Неделя";"2";"%";"0"
"2023-04-03";0.08;"A";"Данные ЦМИ";"Cахар-песок";"Скользящее среднее за четыре недели";"Неделя";"2";"%";"0"
"2023-04-10";0.13;"A";"Данные ЦМИ";"Cахар-песок";"Скользящее среднее за четыре недели";"Неделя";"2";"%";"0"
"2023-04-17";0.19;"A";"Данные ЦМИ";"Cахар-песок";"Скользящее среднее за четыре недели";"Неделя";"2";"%";"0"
"2023-04-24";0.21;"A";"Данные ЦМИ";"Cахар-песок";"Скользящее среднее за четыре недели";"Неделя";"2";"%";"0"
"2023-05-02";0.41;"A";"Данные ЦМИ";"Cахар-песок";"Скользящее среднее за четыре недели";"Неделя";"2";"%";"0"
"2023-05-10";0.45;"A";"Данные ЦМИ";"Cахар-песок";"Скользящее среднее за четыре недели";"Неделя";"2";"%";"0"
"2023-05-15";0.49;"A";"Данные ЦМИ";"Cахар-песок";"Скользящее среднее за четыре недели";"Неделя";"2";"%";"0"
"2023-05-22";0.69;"A";"Данные ЦМИ";"Cахар-песок";"Скользящее среднее за четыре недели";"Неделя";"2";"%";"0"
"2023-05-29";0.84;"A";"Данные ЦМИ";"Cахар-песок";"Скользящее среднее за четыре недели";"Неделя";"2";"%";"0"
"2023-06-05";0.91;"A";"Данные ЦМИ";"Cахар-песок";"Скользящее среднее за четыре недели";"Неделя";"2";"%";"0"
"2023-06-13";0.93;"A";"Данные ЦМИ";"Cахар-песок";"Скользящее среднее за четыре недели";"Неделя";"2";"%";"0"
"2023-06-19";0.8;"A";"Данные ЦМИ";"Cахар-песок";"Скользящее среднее за четыре недели";"Неделя";"2";"%";"0"
"2023-06-26";0.64;"A";"Данные ЦМИ";"Cахар-песок";"Скользящее среднее за четыре недели";"Неделя";"2";"%";"0"
"2023-07-03";0.63;"A";"Данные ЦМИ";"Cахар-песок";"Скользящее среднее за четыре недели";"Неделя";"2";"%";"0"
"2023-07-10";0.56;"A";"Данные ЦМИ";"Cахар-песок";"Скользящее среднее за четыре недели";"Неделя";"2";"%";"0"
"2023-07-17";0.62;"A";"Данные ЦМИ";"Cахар-песок";"Скользящее среднее за четыре недели";"Неделя";"2";"%";"0"
"2023-07-24";0.58;"A";"Данные ЦМИ";"Cахар-песок";"Скользящее среднее за четыре недели";"Неделя";"2";"%";"0"
"2023-07-31";0.59;"A";"Данные ЦМИ";"Cахар-песок";"Скользящее среднее за четыре недели";"Неделя";"2";"%";"0"
"2023-08-07";0.53;"A";"Данные ЦМИ";"Cахар-песок";"Скользящее среднее за четыре недели";"Неделя";"2";"%";"0"
"2023-08-14";0.38;"A";"Данные ЦМИ";"Cахар-песок";"Скользящее среднее за четыре недели";"Неделя";"2";"%";"0"
"2023-08-21";0.3;"A";"Данные ЦМИ";"Cахар-песок";"Скользящее среднее за четыре недели";"Неделя";"2";"%";"0"
"2023-08-28";0.15;"A";"Данные ЦМИ";"Cахар-песок";"Скользящее среднее за четыре недели";"Неделя";"2";"%";"0"
"2023-09-04";0.07;"A";"Данные ЦМИ";"Cахар-песок";"Скользящее среднее за четыре недели";"Неделя";"2";"%";"0"
"2023-09-11";-0.03;"A";"Данные ЦМИ";"Cахар-песок";"Скользящее среднее за четыре недели";"Неделя";"2";"%";"0"
"2023-09-18";-0.09;"A";"Данные ЦМИ";"Cахар-песок";"Скользящее среднее за четыре недели";"Неделя";"2";"%";"0"
"2023-09-25";-0.12;"A";"Данные ЦМИ";"Cахар-песок";"Скользящее среднее за четыре недели";"Неделя";"2";"%";"0"
"2023-10-02";-0.04;"A";"Данные ЦМИ";"Cахар-песок";"Скользящее среднее за четыре недели";"Неделя";"2";"%";"0"
"2023-10-09";-0.01;"A";"Данные ЦМИ";"Cахар-песок";"Скользящее среднее за четыре недели";"Неделя";"2";"%";"0"
"2023-10-16";-0.03;"A";"Данные ЦМИ";"Cахар-песок";"Скользящее среднее за четыре недели";"Неделя";"2";"%";"0"
"2023-10-23";-0.05;"A";"Данные ЦМИ";"Cахар-песок";"Скользящее среднее за четыре недели";"Неделя";"2";"%";"0"
"2023-10-30";-0.13;"A";"Данные ЦМИ";"Cахар-песок";"Скользящее среднее за четыре недели";"Неделя";"2";"%";"0"
"2023-11-07";-0.15;"A";"Данные ЦМИ";"Cахар-песок";"Скользящее среднее за четыре недели";"Неделя";"2";"%";"0"
"2023-11-13";-0.21;"A";"Данные ЦМИ";"Cахар-песок";"Скользящее среднее за четыре недели";"Неделя";"2";"%";"0"
"2023-11-20";-0.32;"A";"Данные ЦМИ";"Cахар-песок";"Скользящее среднее за четыре недели";"Неделя";"2";"%";"0"
"2023-11-27";-0.37;"A";"Данные ЦМИ";"Cахар-песок";"Скользящее среднее за четыре недели";"Неделя";"2";"%";"0"
"2023-12-04";-0.55;"A";"Данные ЦМИ";"Cахар-песок";"Скользящее среднее за четыре недели";"Неделя";"2";"%";"0"
"2023-12-11";-0.57;"A";"Данные ЦМИ";"Cахар-песок";"Скользящее среднее за четыре недели";"Неделя";"2";"%";"0"
"2023-12-18";-0.47;"A";"Данные ЦМИ";"Cахар-песок";"Скользящее среднее за четыре недели";"Неделя";"2";"%";"0"
"2023-12-25";-0.37;"A";"Данные ЦМИ";"Cахар-песок";"Скользящее среднее за четыре недели";"Неделя";"2";"%";"0"
"2024-01-09";-0.18;"A";"Данные ЦМИ";"Cахар-песок";"Скользящее среднее за четыре недели";"Неделя";"2";"%";"0"
"2024-01-15";-0.13;"A";"Данные ЦМИ";"Cахар-песок";"Скользящее среднее за четыре недели";"Неделя";"2";"%";"0"
"2024-01-22";-0.14;"A";"Данные ЦМИ";"Cахар-песок";"Скользящее среднее за четыре недели";"Неделя";"2";"%";"0"
"2024-01-29";-0.11;"A";"Данные ЦМИ";"Cахар-песок";"Скользящее среднее за четыре недели";"Неделя";"2";"%";"0"
"2024-02-05";-0.12;"A";"Данные ЦМИ";"Cахар-песок";"Скользящее среднее за четыре недели";"Неделя";"2";"%";"0"
"2024-02-12";-0.07;"A";"Данные ЦМИ";"Cахар-песок";"Скользящее среднее за четыре недели";"Неделя";"2";"%";"0"
"2024-02-19";0.01;"A";"Данные ЦМИ";"Cахар-песок";"Скользящее среднее за четыре недели";"Неделя";"2";"%";"0"
"2024-02-26";0.11;"A";"Данные ЦМИ";"Cахар-песок";"Скользящее среднее за четыре недели";"Неделя";"2";"%";"0"
"2024-03-04";0.32;"A";"Данные ЦМИ";"Cахар-песок";"Скользящее среднее за четыре недели";"Неделя";"2";"%";"0"
"2024-03-11";0.44;"A";"Данные ЦМИ";"Cахар-песок";"Скользящее среднее за четыре недели";"Неделя";"2";"%";"0"
"2024-03-18";0.52;"A";"Данные ЦМИ";"Cахар-песок";"Скользящее среднее за четыре недели";"Неделя";"2";"%";"0"
"2024-03-25";0.59;"A";"Данные ЦМИ";"Cахар-песок";"Скользящее среднее за четыре недели";"Неделя";"2";"%";"0"
"2024-04-01";0.68;"A";"Данные ЦМИ";"Cахар-песок";"Скользящее среднее за четыре недели";"Неделя";"2";"%";"0"
"2024-04-08";0.75;"A";"Данные ЦМИ";"Cахар-песок";"Скользящее среднее за четыре недели";"Неделя";"2";"%";"0"
"2024-04-15";0.72;"A";"Данные ЦМИ";"Cахар-песок";"Скользящее среднее за четыре недели";"Неделя";"2";"%";"0"
"2024-04-22";0.54;"A";"Данные ЦМИ";"Cахар-песок";"Скользящее среднее за четыре недели";"Неделя";"2";"%";"0"
"2024-05-02";0.29;"A";"Данные ЦМИ";"Cахар-песок";"Скользящее среднее за четыре недели";"Неделя";"2";"%";"0"
"2024-05-06";0.09;"A";"Данные ЦМИ";"Cахар-песок";"Скользящее среднее за четыре недели";"Неделя";"2";"%";"0"
"2024-05-13";-0.03;"A";"Данные ЦМИ";"Cахар-песок";"Скользящее среднее за четыре недели";"Неделя";"2";"%";"0"
"2024-05-20";0;"A";"Данные ЦМИ";"Cахар-песок";"Скользящее среднее за четыре недели";"Неделя";"2";"%";"0"
"2024-05-27";0.08;"A";"Данные ЦМИ";"Cахар-песок";"Скользящее среднее за четыре недели";"Неделя";"2";"%";"0"
"2024-06-03";0.2;"A";"Данные ЦМИ";"Cахар-песок";"Скользящее среднее за четыре недели";"Неделя";"2";"%";"0"
"2024-06-10";0.35;"A";"Данные ЦМИ";"Cахар-песок";"Скользящее среднее за четыре недели";"Неделя";"2";"%";"0"
"2024-06-17";0.39;"A";"Данные ЦМИ";"Cахар-песок";"Скользящее среднее за четыре недели";"Неделя";"2";"%";"0"
"2024-06-24";0.41;"A";"Данные ЦМИ";"Cахар-песок";"Скользящее среднее за четыре недели";"Неделя";"2";"%";"0"
"2024-07-01";0.41;"A";"Данные ЦМИ";"Cахар-песок";"Скользящее среднее за четыре недели";"Неделя";"2";"%";"0"
"2024-07-08";0.36;"A";"Данные ЦМИ";"Cахар-песок";"Скользящее среднее за четыре недели";"Неделя";"2";"%";"0"
"2024-07-15";0.4;"A";"Данные ЦМИ";"Cахар-песок";"Скользящее среднее за четыре недели";"Неделя";"2";"%";"0"
"2024-07-22";0.39;"A";"Данные ЦМИ";"Cахар-песок";"Скользящее среднее за четыре недели";"Неделя";"2";"%";"0"
"2024-07-29";0.28;"A";"Данные ЦМИ";"Cахар-песок";"Скользящее среднее за четыре недели";"Неделя";"2";"%";"0"
"2024-08-05";0.2;"A";"Данные ЦМИ";"Cахар-песок";"Скользящее среднее за четыре недели";"Неделя";"2";"%";"0"
"2024-08-12";0.09;"A";"Данные ЦМИ";"Cахар-песок";"Скользящее среднее за четыре недели";"Неделя";"2";"%";"0"
"2024-08-19";0.02;"A";"Данные ЦМИ";"Cахар-песок";"Скользящее среднее за четыре недели";"Неделя";"2";"%";"0"
"2024-08-26";-0.1;"A";"Данные ЦМИ";"Cахар-песок";"Скользящее среднее за четыре недели";"Неделя";"2";"%";"0"
"2024-09-02";-0.19;"A";"Данные ЦМИ";"Cахар-песок";"Скользящее среднее за четыре недели";"Неделя";"2";"%";"0"
"2024-09-09";-0.32;"A";"Данные ЦМИ";"Cахар-песок";"Скользящее среднее за четыре недели";"Неделя";"2";"%";"0"
"2024-09-16";-0.59;"A";"Данные ЦМИ";"Cахар-песок";"Скользящее среднее за четыре недели";"Неделя";"2";"%";"0"
"2024-09-23";-0.66;"A";"Данные ЦМИ";"Cахар-песок";"Скользящее среднее за четыре недели";"Неделя";"2";"%";"0"
"2024-09-30";-0.76;"A";"Данные ЦМИ";"Cахар-песок";"Скользящее среднее за четыре недели";"Неделя";"2";"%";"0"
"2024-10-07";-0.84;"A";"Данные ЦМИ";"Cахар-песок";"Скользящее среднее за четыре недели";"Неделя";"2";"%";"0"
"2024-10-14";-0.57;"A";"Данные ЦМИ";"Cахар-песок";"Скользящее среднее за четыре недели";"Неделя";"2";"%";"0"
"2024-10-21";-0.38;"A";"Данные ЦМИ";"Cахар-песок";"Скользящее среднее за четыре недели";"Неделя";"2";"%";"0"
"2024-10-28";-0.14;"A";"Данные ЦМИ";"Cахар-песок";"Скользящее среднее за четыре недели";"Неделя";"2";"%";"0"
"2024-11-05";0.05;"A";"Данные ЦМИ";"Cахар-песок";"Скользящее среднее за четыре недели";"Неделя";"2";"%";"0"
"2024-11-11";0.03;"A";"Данные ЦМИ";"Cахар-песок";"Скользящее среднее за четыре недели";"Неделя";"2";"%";"0"
"2024-11-18";0.01;"A";"Данные ЦМИ";"Cахар-песок";"Скользящее среднее за четыре недели";"Неделя";"2";"%";"0"
"2024-11-25";-0.05;"A";"Данные ЦМИ";"Cахар-песок";"Скользящее среднее за четыре недели";"Неделя";"2";"%";"0"
"2024-12-02";-0.06;"A";"Данные ЦМИ";"Cахар-песок";"Скользящее среднее за четыре недели";"Неделя";"2";"%";"0"
"2024-12-09";-0.07;"A";"Данные ЦМИ";"Cахар-песок";"Скользящее среднее за четыре недели";"Неделя";"2";"%";"0"
"2024-12-16";0;"A";"Данные ЦМИ";"Cахар-песок";"Скользящее среднее за четыре недели";"Неделя";"2";"%";"0"
"2024-12-23";0.11;"A";"Данные ЦМИ";"Cахар-песок";"Скользящее среднее за четыре недели";"Неделя";"2";"%";"0"
"2025-01-09";0.29;"A";"Данные ЦМИ";"Cахар-песок";"Скользящее среднее за четыре недели";"Неделя";"2";"%";"0"
"2025-01-13";0.34;"A";"Данные ЦМИ";"Cахар-песок";"Скользящее среднее за четыре недели";"Неделя";"2";"%";"0"
"2025-01-20";0.26;"A";"Данные ЦМИ";"Cахар-песок";"Скользящее среднее за четыре недели";"Неделя";"2";"%";"0"
"2025-01-27";0.15;"A";"Данные ЦМИ";"Cахар-песок";"Скользящее среднее за четыре недели";"Неделя";"2";"%";"0"
"2025-02-03";0.02;"A";"Данные ЦМИ";"Cахар-песок";"Скользящее среднее за четыре недели";"Неделя";"2";"%";"0"
"2025-02-10";-0.01;"A";"Данные ЦМИ";"Cахар-песок";"Скользящее среднее за четыре недели";"Неделя";"2";"%";"0"
"2025-02-17";0.08;"A";"Данные ЦМИ";"Cахар-песок";"Скользящее среднее за четыре недели";"Неделя";"2";"%";"0"
"2025-02-24";0.08;"A";"Данные ЦМИ";"Cахар-песок";"Скользящее среднее за четыре недели";"Неделя";"2";"%";"0"
"2025-03-03";0.04;"A";"Данные ЦМИ";"Cахар-песок";"Скользящее среднее за четыре недели";"Неделя";"2";"%";"0"
"2025-03-10";0.02;"A";"Данные ЦМИ";"Cахар-песок";"Скользящее среднее за четыре недели";"Неделя";"2";"%";"0"
"2025-03-17";-0.05;"A";"Данные ЦМИ";"Cахар-песок";"Скользящее среднее за четыре недели";"Неделя";"2";"%";"0"
"2025-03-24";-0.02;"A";"Данные ЦМИ";"Cахар-песок";"Скользящее среднее за четыре недели";"Неделя";"2";"%";"0"
"2025-03-31";0.01;"A";"Данные ЦМИ";"Cахар-песок";"Скользящее среднее за четыре недели";"Неделя";"2";"%";"0"
"2025-04-07";0;"A";"Данные ЦМИ";"Cахар-песок";"Скользящее среднее за четыре недели";"Неделя";"2";"%";"0"
"2025-04-14";0.02;"A";"Данные ЦМИ";"Cахар-песок";"Скользящее среднее за четыре недели";"Неделя";"2";"%";"0"
"2025-04-21";0.01;"A";"Данные ЦМИ";"Cахар-песок";"Скользящее среднее за четыре недели";"Неделя";"2";"%";"0"
"2025-04-28";-0.01;"A";"Данные ЦМИ";"Cахар-песок";"Скользящее среднее за четыре недели";"Неделя";"2";"%";"0"
"2025-05-05";0.01;"A";"Данные ЦМИ";"Cахар-песок";"Скользящее среднее за четыре недели";"Неделя";"2";"%";"0"
"2025-05-12";0;"A";"Данные ЦМИ";"Cахар-песок";"Скользящее среднее за четыре недели";"Неделя";"2";"%";"0"
"2025-05-19";-0.03;"A";"Данные ЦМИ";"Cахар-песок";"Скользящее среднее за четыре недели";"Неделя";"2";"%";"0"
"2025-05-26";0.02;"A";"Данные ЦМИ";"Cахар-песок";"Скользящее среднее за четыре недели";"Неделя";"2";"%";"0"
"2025-06-02";-0.05;"A";"Данные ЦМИ";"Cахар-песок";"Скользящее среднее за четыре недели";"Неделя";"2";"%";"0"
"2025-06-09";-0.12;"A";"Данные ЦМИ";"Cахар-песок";"Скользящее среднее за четыре недели";"Неделя";"2";"%";"0"
"2025-06-16";-0.19;"A";"Данные ЦМИ";"Cахар-песок";"Скользящее среднее за четыре недели";"Неделя";"2";"%";"0"
"2025-06-23";-0.31;"A";"Данные ЦМИ";"Cахар-песок";"Скользящее среднее за четыре недели";"Неделя";"2";"%";"0"
"2025-06-30";-0.3;"A";"Данные ЦМИ";"Cахар-песок";"Скользящее среднее за четыре недели";"Неделя";"2";"%";"0"
"2025-07-07";-0.26;"A";"Данные ЦМИ";"Cахар-песок";"Скользящее среднее за четыре недели";"Неделя";"2";"%";"0"
"2025-07-14";-0.25;"A";"Данные ЦМИ";"Cахар-песок";"Скользящее среднее за четыре недели";"Неделя";"2";"%";"0"
"2025-07-21";-0.2;"A";"Данные ЦМИ";"Cахар-песок";"Скользящее среднее за четыре недели";"Неделя";"2";"%";"0"
"2025-07-28";-0.21;"A";"Данные ЦМИ";"Cахар-песок";"Скользящее среднее за четыре недели";"Неделя";"2";"%";"0"
"2025-08-04";-0.21;"A";"Данные ЦМИ";"Cахар-песок";"Скользящее среднее за четыре недели";"Неделя";"2";"%";"0"
"2025-08-11";-0.2;"A";"Данные ЦМИ";"Cахар-песок";"Скользящее среднее за четыре недели";"Неделя";"2";"%";"0"
"2025-08-18";-0.12;"A";"Данные ЦМИ";"Cахар-песок";"Скользящее среднее за четыре недели";"Неделя";"2";"%";"0"
"2025-08-25";0;"A";"Данные ЦМИ";"Cахар-песок";"Скользящее среднее за четыре недели";"Неделя";"2";"%";"0"
"2025-09-01";0.14;"A";"Данные ЦМИ";"Cахар-песок";"Скользящее среднее за четыре недели";"Неделя";"2";"%";"0"
"2025-09-08";0.26;"A";"Данные ЦМИ";"Cахар-песок";"Скользящее среднее за четыре недели";"Неделя";"2";"%";"0"
"2025-09-15";0.29;"A";"Данные ЦМИ";"Cахар-песок";"Скользящее среднее за четыре недели";"Неделя";"2";"%";"0"
"2025-09-22";0.21;"A";"Данные ЦМИ";"Cахар-песок";"Скользящее среднее за четыре недели";"Неделя";"2";"%";"0"
"2025-09-29";0.06;"A";"Данные ЦМИ";"Cахар-песок";"Скользящее среднее за четыре недели";"Неделя";"2";"%";"0"
"2025-10-06";-0.09;"A";"Данные ЦМИ";"Cахар-песок";"Скользящее среднее за четыре недели";"Неделя";"2";"%";"0"
"2025-10-13";-0.31;"A";"Данные ЦМИ";"Cахар-песок";"Скользящее среднее за четыре недели";"Неделя";"2";"%";"0"
"2025-10-20";-0.42;"A";"Данные ЦМИ";"Cахар-песок";"Скользящее среднее за четыре недели";"Неделя";"2";"%";"0"
"2025-10-27";-0.43;"A";"Данные ЦМИ";"Cахар-песок";"Скользящее среднее за четыре недели";"Неделя";"2";"%";"0"
"2025-11-05";-0.48;"A";"Данные ЦМИ";"Cахар-песок";"Скользящее среднее за четыре недели";"Неделя";"2";"%";"0"
"2025-11-10";-0.43;"A";"Данные ЦМИ";"Cахар-песок";"Скользящее среднее за четыре недели";"Неделя";"2";"%";"0"
"2025-11-17";-0.4;"A";"Данные ЦМИ";"Cахар-песок";"Скользящее среднее за четыре недели";"Неделя";"2";"%";"0"
"2025-11-24";-0.46;"A";"Данные ЦМИ";"Cахар-песок";"Скользящее среднее за четыре недели";"Неделя";"2";"%";"0"
"2025-12-01";-0.49;"A";"Данные ЦМИ";"Cахар-песок";"Скользящее среднее за четыре недели";"Неделя";"2";"%";"0"
"2025-12-08";-0.56;"A";"Данные ЦМИ";"Cахар-песок";"Скользящее среднее за четыре недели";"Неделя";"2";"%";"0"
"2025-12-15";-0.59;"A";"Данные ЦМИ";"Cахар-песок";"Скользящее среднее за четыре недели";"Неделя";"2";"%";"0"
"2025-12-22";-0.56;"A";"Данные ЦМИ";"Cахар-песок";"Скользящее среднее за четыре недели";"Неделя";"2";"%";"0"
"2026-01-12";-0.47;"A";"Данные ЦМИ";"Cахар-песок";"Скользящее среднее за четыре недели";"Неделя";"2";"%";"0"
"2026-01-19";-0.31;"A";"Данные ЦМИ";"Cахар-песок";"Скользящее среднее за четыре недели";"Неделя";"2";"%";"0"
"2026-01-26";-0.18;"A";"Данные ЦМИ";"Cахар-песок";"Скользящее среднее за четыре недели";"Неделя";"2";"%";"0"
"2026-02-02";-0.05;"A";"Данные ЦМИ";"Cахар-песок";"Скользящее среднее за четыре недели";"Неделя";"2";"%";"0"
"2026-02-09";0.11;"A";"Данные ЦМИ";"Cахар-песок";"Скользящее среднее за четыре недели";"Неделя";"2";"%";"0"
"2026-02-16";0.19;"A";"Данные ЦМИ";"Cахар-песок";"Скользящее среднее за четыре недели";"Неделя";"2";"%";"0"
"2026-02-24";0.31;"A";"Данные ЦМИ";"Cахар-песок";"Скользящее среднее за четыре недели";"Неделя";"2";"%";"0"
"2026-03-02";0.39;"A";"Данные ЦМИ";"Cахар-песок";"Скользящее среднее за четыре недели";"Неделя";"2";"%";"0"
"2026-03-10";0.43;"A";"Данные ЦМИ";"Cахар-песок";"Скользящее среднее за четыре недели";"Неделя";"2";"%";"0"
"2026-03-16";0.5;"A";"Данные ЦМИ";"Cахар-песок";"Скользящее среднее за четыре недели";"Неделя";"2";"%";"0"
"2026-03-23";0.49;"A";"Данные ЦМИ";"Cахар-песок";"Скользящее среднее за четыре недели";"Неделя";"2";"%";"0"
"2026-03-30";0.59;"A";"Данные ЦМИ";"Cахар-песок";"Скользящее среднее за четыре недели";"Неделя";"2";"%";"0"
"2026-04-06";0.8;"A";"Данные ЦМИ";"Cахар-песок";"Скользящее среднее за четыре недели";"Неделя";"2";"%";"0"
"2026-04-13";0.87;"A";"Данные ЦМИ";"Cахар-песок";"Скользящее среднее за четыре недели";"Неделя";"2";"%";"0"
"2026-04-20";0.86;"A";"Данные ЦМИ";"Cахар-песок";"Скользящее среднее за четыре недели";"Неделя";"2";"%";"0"
"2026-04-27";0.75;"A";"Данные ЦМИ";"Cахар-песок";"Скользящее среднее за четыре недели";"Неделя";"2";"%";"0"
"2026-05-04";0.47;"A";"Данные ЦМИ";"Cахар-песок";"Скользящее среднее за четыре недели";"Неделя";"2";"%";"0"
"2026-05-12";0.37;"A";"Данные ЦМИ";"Cахар-песок";"Скользящее среднее за четыре недели";"Неделя";"2";"%";"0"
"2026-05-18";0.44;"A";"Данные ЦМИ";"Cахар-песок";"Скользящее среднее за четыре недели";"Неделя";"2";"%";"0"
"2026-05-25";0.56;"A";"Данные ЦМИ";"Cахар-песок";"Скользящее среднее за четыре недели";"Неделя";"2";"%";"0"
"2026-06-01";0.63;"A";"Данные ЦМИ";"Cахар-песок";"Скользящее среднее за четыре недели";"Неделя";"2";"%";"0"
"2026-06-08";0.69;"A";"Данные ЦМИ";"Cахар-песок";"Скользящее среднее за четыре недели";"Неделя";"2";"%";"0"
"2026-06-15";0.58;"A";"Данные ЦМИ";"Cахар-песок";"Скользящее среднее за четыре недели";"Неделя";"2";"%";"0"
"2026-06-22";0.49;"A";"Данные ЦМИ";"Cахар-песок";"Скользящее среднее за четыре недели";"Неделя";"2";"%";"0"
"2026-06-29";0.52;"A";"Данные ЦМИ";"Cахар-песок";"Скользящее среднее за четыре недели";"Неделя";"2";"%";"0"
"2026-07-06";0.54;"A";"Данные ЦМИ";"Cахар-песок";"Скользящее среднее за четыре недели";"Неделя";"2";"%";"0"
"2026-07-13";0.92;"A";"Данные ЦМИ";"Cахар-песок";"Скользящее среднее за четыре недели";"Неделя";"2";"%";"0"
"2026-07-20";1.46;"A";"Данные ЦМИ";"Cахар-песок";"Скользящее среднее за четыре недели";"Неделя";"2";"%";"0"
"2026-07-27";1.79;"A";"Данные ЦМИ";"Cахар-песок";"Скользящее среднее за четыре недели";"Неделя";"2";"%";"0"
"2026-08-03";1.93;"A";"Данные ЦМИ";"Cахар-песок";"Скользящее среднее за четыре недели";"Неделя";"2";"%";"0"
"2026-08-10";1.85;"A";"Данные ЦМИ";"Cахар-песок";"Скользящее среднее за четыре недели";"Неделя";"2";"%";"0"
"2026-08-17";1.33;"A";"Данные ЦМИ";"Cахар-песок";"Скользящее среднее за четыре недели";"Неделя";"2";"%";"0"
"2026-08-24";1.22;"A";"Данные ЦМИ";"Cахар-песок";"Скользящее среднее за четыре недели";"Неделя";"2";"%";"0"
"2026-08-31";1.14;"A";"Данные ЦМИ";"Cахар-песок";"Скользящее среднее за четыре недели";"Неделя";"2";"%";"0"
"2026-09-07";0.91;"A";"Данные ЦМИ";"Cахар-песок";"Скользящее среднее за четыре недели";"Неделя";"2";"%";"0"
"2026-09-14";0.76;"A";"Данные ЦМИ";"Cахар-песок";"Скользящее среднее за четыре недели";"Неделя";"2";"%";"0"
"2026-09-21";0.1;"A";"Данные ЦМИ";"Cахар-песок";"Скользящее среднее за четыре недели";"Неделя";"2";"%";"0"
"2026-09-28";-0.43;"A";"Данные ЦМИ";"Cахар-песок";"Скользящее среднее за четыре недели";"Неделя";"2";"%";"0"
"2022-01-10";0.53;"A";"Данные ЦМИ";"Базовый ИПЦ";"Темп прироста к предыдущей неделе";"Неделя";"2";"%";"0"
"2022-01-14";0.13;"A";"Данные ЦМИ";"Базовый ИПЦ";"Темп прироста к предыдущей неделе";"Неделя";"2";"%";"0"
"2022-01-21";0.5;"A";"Данные ЦМИ";"Базовый ИПЦ";"Темп прироста к предыдущей неделе";"Неделя";"2";"%";"0"
"2022-01-28";0.63;"A";"Данные ЦМИ";"Базовый ИПЦ";"Темп прироста к предыдущей неделе";"Неделя";"2";"%";"0"
"2022-02-04";1.19;"A";"Данные ЦМИ";"Базовый ИПЦ";"Темп прироста к предыдущей неделе";"Неделя";"2";"%";"0"
"2022-02-11";-0.73;"A";"Данные ЦМИ";"Базовый ИПЦ";"Темп прироста к предыдущей неделе";"Неделя";"2";"%";"0"
"2022-02-18";1.14;"A";"Данные ЦМИ";"Базовый ИПЦ";"Темп прироста к предыдущей неделе";"Неделя";"2";"%";"0"
"2022-02-25";1.47;"A";"Данные ЦМИ";"Базовый ИПЦ";"Темп прироста к предыдущей неделе";"Неделя";"2";"%";"0"
"2022-03-04";6.38;"A";"Данные ЦМИ";"Базовый ИПЦ";"Темп прироста к предыдущей неделе";"Неделя";"2";"%";"0"
"2022-03-11";7.29;"A";"Данные ЦМИ";"Базовый ИПЦ";"Темп прироста к предыдущей неделе";"Неделя";"2";"%";"0"
"2022-03-18";3.82;"A";"Данные ЦМИ";"Базовый ИПЦ";"Темп прироста к предыдущей неделе";"Неделя";"2";"%";"0"
"2022-03-25";0.16;"A";"Данные ЦМИ";"Базовый ИПЦ";"Темп прироста к предыдущей неделе";"Неделя";"2";"%";"0"
"2022-04-01";0.85;"A";"Данные ЦМИ";"Базовый ИПЦ";"Темп прироста к предыдущей неделе";"Неделя";"2";"%";"0"
"2022-04-08";0.66;"A";"Данные ЦМИ";"Базовый ИПЦ";"Темп прироста к предыдущей неделе";"Неделя";"2";"%";"0"
"2022-04-15";0.35;"A";"Данные ЦМИ";"Базовый ИПЦ";"Темп прироста к предыдущей неделе";"Неделя";"2";"%";"0"
"2022-04-22";0.42;"A";"Данные ЦМИ";"Базовый ИПЦ";"Темп прироста к предыдущей неделе";"Неделя";"2";"%";"0"
"2022-04-29";0.34;"A";"Данные ЦМИ";"Базовый ИПЦ";"Темп прироста к предыдущей неделе";"Неделя";"2";"%";"0"
"2022-05-06";0.7;"A";"Данные ЦМИ";"Базовый ИПЦ";"Темп прироста к предыдущей неделе";"Неделя";"2";"%";"0"
"2022-05-13";0.19;"A";"Данные ЦМИ";"Базовый ИПЦ";"Темп прироста к предыдущей неделе";"Неделя";"2";"%";"0"
"2022-05-20";0.05;"A";"Данные ЦМИ";"Базовый ИПЦ";"Темп прироста к предыдущей неделе";"Неделя";"2";"%";"0"
"2022-05-27";0.22;"A";"Данные ЦМИ";"Базовый ИПЦ";"Темп прироста к предыдущей неделе";"Неделя";"2";"%";"0"
"2022-06-03";1.08;"A";"Данные ЦМИ";"Базовый ИПЦ";"Темп прироста к предыдущей неделе";"Неделя";"2";"%";"0"
"2022-06-10";0.2;"A";"Данные ЦМИ";"Базовый ИПЦ";"Темп прироста к предыдущей неделе";"Неделя";"2";"%";"0"
"2022-06-17";0.23;"A";"Данные ЦМИ";"Базовый ИПЦ";"Темп прироста к предыдущей неделе";"Неделя";"2";"%";"0"
"2022-06-24";1.08;"A";"Данные ЦМИ";"Базовый ИПЦ";"Темп прироста к предыдущей неделе";"Неделя";"2";"%";"0"
"2022-07-01";0.31;"A";"Данные ЦМИ";"Базовый ИПЦ";"Темп прироста к предыдущей неделе";"Неделя";"2";"%";"0"
"2022-07-08";0.22;"A";"Данные ЦМИ";"Базовый ИПЦ";"Темп прироста к предыдущей неделе";"Неделя";"2";"%";"0"
"2022-07-15";-0.05;"A";"Данные ЦМИ";"Базовый ИПЦ";"Темп прироста к предыдущей неделе";"Неделя";"2";"%";"0"
"2022-07-22";0.11;"A";"Данные ЦМИ";"Базовый ИПЦ";"Темп прироста к предыдущей неделе";"Неделя";"2";"%";"0"
"2022-08-01";-0.02;"A";"Данные ЦМИ";"Базовый ИПЦ";"Темп прироста к предыдущей неделе";"Неделя";"2";"%";"0"
"2022-08-08";0.13;"A";"Данные ЦМИ";"Базовый ИПЦ";"Темп прироста к предыдущей неделе";"Неделя";"2";"%";"0"
"2022-08-15";-0.1;"A";"Данные ЦМИ";"Базовый ИПЦ";"Темп прироста к предыдущей неделе";"Неделя";"2";"%";"0"
"2022-08-22";-0.14;"A";"Данные ЦМИ";"Базовый ИПЦ";"Темп прироста к предыдущей неделе";"Неделя";"2";"%";"0"
"2022-08-29";-0.4;"A";"Данные ЦМИ";"Базовый ИПЦ";"Темп прироста к предыдущей неделе";"Неделя";"2";"%";"0"
"2022-09-05";-0.88;"A";"Данные ЦМИ";"Базовый ИПЦ";"Темп прироста к предыдущей неделе";"Неделя";"2";"%";"0"
"2022-09-12";-0.04;"A";"Данные ЦМИ";"Базовый ИПЦ";"Темп прироста к предыдущей неделе";"Неделя";"2";"%";"0"
"2022-09-19";-0.05;"A";"Данные ЦМИ";"Базовый ИПЦ";"Темп прироста к предыдущей неделе";"Неделя";"2";"%";"0"
"2022-09-26";0.03;"A";"Данные ЦМИ";"Базовый ИПЦ";"Темп прироста к предыдущей неделе";"Неделя";"2";"%";"0"
"2022-10-03";-0.29;"A";"Данные ЦМИ";"Базовый ИПЦ";"Темп прироста к предыдущей неделе";"Неделя";"2";"%";"0"
"2022-10-10";-0.01;"A";"Данные ЦМИ";"Базовый ИПЦ";"Темп прироста к предыдущей неделе";"Неделя";"2";"%";"0"
"2022-10-17";-0.07;"A";"Данные ЦМИ";"Базовый ИПЦ";"Темп прироста к предыдущей неделе";"Неделя";"2";"%";"0"
"2022-10-24";0.03;"A";"Данные ЦМИ";"Базовый ИПЦ";"Темп прироста к предыдущей неделе";"Неделя";"2";"%";"0"
"2022-10-31";0.02;"A";"Данные ЦМИ";"Базовый ИПЦ";"Темп прироста к предыдущей неделе";"Неделя";"2";"%";"0"
"2022-11-07";-0.16;"A";"Данные ЦМИ";"Базовый ИПЦ";"Темп прироста к предыдущей неделе";"Неделя";"2";"%";"0"
"2022-11-14";0.04;"A";"Данные ЦМИ";"Базовый ИПЦ";"Темп прироста к предыдущей неделе";"Неделя";"2";"%";"0"
"2022-11-21";0.01;"A";"Данные ЦМИ";"Базовый ИПЦ";"Темп прироста к предыдущей неделе";"Неделя";"2";"%";"0"
"2022-11-28";0.14;"A";"Данные ЦМИ";"Базовый ИПЦ";"Темп прироста к предыдущей неделе";"Неделя";"2";"%";"0"
"2022-12-05";0.05;"A";"Данные ЦМИ";"Базовый ИПЦ";"Темп прироста к предыдущей неделе";"Неделя";"2";"%";"0"
"2022-12-12";0.11;"A";"Данные ЦМИ";"Базовый ИПЦ";"Темп прироста к предыдущей неделе";"Неделя";"2";"%";"0"
"2022-12-19";-0.18;"A";"Данные ЦМИ";"Базовый ИПЦ";"Темп прироста к предыдущей неделе";"Неделя";"2";"%";"0"
"2022-12-26";0.25;"A";"Данные ЦМИ";"Базовый ИПЦ";"Темп прироста к предыдущей неделе";"Неделя";"2";"%";"0"
"2023-01-09";0.14;"A";"Данные ЦМИ";"Базовый ИПЦ";"Темп прироста к предыдущей неделе";"Неделя";"2";"%";"0"
"2023-01-16";0.06;"A";"Данные ЦМИ";"Базовый ИПЦ";"Темп прироста к предыдущей неделе";"Неделя";"2";"%";"0"
"2023-01-23";0.06;"A";"Данные ЦМИ";"Базовый ИПЦ";"Темп прироста к предыдущей неделе";"Неделя";"2";"%";"0"
"2023-01-30";0.05;"A";"Данные ЦМИ";"Базовый ИПЦ";"Темп прироста к предыдущей неделе";"Неделя";"2";"%";"0"
"2023-02-06";0.1;"A";"Данные ЦМИ";"Базовый ИПЦ";"Темп прироста к предыдущей неделе";"Неделя";"2";"%";"0"
"2023-02-13";0.19;"A";"Данные ЦМИ";"Базовый ИПЦ";"Темп прироста к предыдущей неделе";"Неделя";"2";"%";"0"
"2023-02-20";0;"A";"Данные ЦМИ";"Базовый ИПЦ";"Темп прироста к предыдущей неделе";"Неделя";"2";"%";"0"
"2023-02-27";-0.09;"A";"Данные ЦМИ";"Базовый ИПЦ";"Темп прироста к предыдущей неделе";"Неделя";"2";"%";"0"
"2023-03-06";0.12;"A";"Данные ЦМИ";"Базовый ИПЦ";"Темп прироста к предыдущей неделе";"Неделя";"2";"%";"0"
"2023-03-13";0.03;"A";"Данные ЦМИ";"Базовый ИПЦ";"Темп прироста к предыдущей неделе";"Неделя";"2";"%";"0"
"2023-03-20";0.19;"A";"Данные ЦМИ";"Базовый ИПЦ";"Темп прироста к предыдущей неделе";"Неделя";"2";"%";"0"
"2023-03-27";0.04;"A";"Данные ЦМИ";"Базовый ИПЦ";"Темп прироста к предыдущей неделе";"Неделя";"2";"%";"0"
"2023-04-03";0.01;"A";"Данные ЦМИ";"Базовый ИПЦ";"Темп прироста к предыдущей неделе";"Неделя";"2";"%";"0"
"2023-04-10";0.13;"A";"Данные ЦМИ";"Базовый ИПЦ";"Темп прироста к предыдущей неделе";"Неделя";"2";"%";"0"
"2023-04-17";0;"A";"Данные ЦМИ";"Базовый ИПЦ";"Темп прироста к предыдущей неделе";"Неделя";"2";"%";"0"
"2023-04-24";0.08;"A";"Данные ЦМИ";"Базовый ИПЦ";"Темп прироста к предыдущей неделе";"Неделя";"2";"%";"0"
"2023-05-02";0.52;"A";"Данные ЦМИ";"Базовый ИПЦ";"Темп прироста к предыдущей неделе";"Неделя";"2";"%";"0"
"2023-05-10";0.19;"A";"Данные ЦМИ";"Базовый ИПЦ";"Темп прироста к предыдущей неделе";"Неделя";"2";"%";"0"
"2023-05-15";0.09;"A";"Данные ЦМИ";"Базовый ИПЦ";"Темп прироста к предыдущей неделе";"Неделя";"2";"%";"0"
"2023-05-22";0.12;"A";"Данные ЦМИ";"Базовый ИПЦ";"Темп прироста к предыдущей неделе";"Неделя";"2";"%";"0"
"2023-05-29";0.25;"A";"Данные ЦМИ";"Базовый ИПЦ";"Темп прироста к предыдущей неделе";"Неделя";"2";"%";"0"
"2023-06-05";1.26;"A";"Данные ЦМИ";"Базовый ИПЦ";"Темп прироста к предыдущей неделе";"Неделя";"2";"%";"0"
"2023-06-13";0.21;"A";"Данные ЦМИ";"Базовый ИПЦ";"Темп прироста к предыдущей неделе";"Неделя";"2";"%";"0"
"2023-06-19";0.13;"A";"Данные ЦМИ";"Базовый ИПЦ";"Темп прироста к предыдущей неделе";"Неделя";"2";"%";"0"
"2023-06-26";0.2;"A";"Данные ЦМИ";"Базовый ИПЦ";"Темп прироста к предыдущей неделе";"Неделя";"2";"%";"0"
"2023-07-03";0.39;"A";"Данные ЦМИ";"Базовый ИПЦ";"Темп прироста к предыдущей неделе";"Неделя";"2";"%";"0"
"2023-07-10";0.19;"A";"Данные ЦМИ";"Базовый ИПЦ";"Темп прироста к предыдущей неделе";"Неделя";"2";"%";"0"
"2023-07-17";0.17;"A";"Данные ЦМИ";"Базовый ИПЦ";"Темп прироста к предыдущей неделе";"Неделя";"2";"%";"0"
"2023-07-24";0.17;"A";"Данные ЦМИ";"Базовый ИПЦ";"Темп прироста к предыдущей неделе";"Неделя";"2";"%";"0"
"2023-07-31";0.13;"A";"Данные ЦМИ";"Базовый ИПЦ";"Темп прироста к предыдущей неделе";"Неделя";"2";"%";"0"
"2023-08-07";0.06;"A";"Данные ЦМИ";"Базовый ИПЦ";"Темп прироста к предыдущей неделе";"Неделя";"2";"%";"0"
"2023-08-14";0.15;"A";"Данные ЦМИ";"Базовый ИПЦ";"Темп прироста к предыдущей неделе";"Неделя";"2";"%";"0"
"2023-08-21";0.1;"A";"Данные ЦМИ";"Базовый ИПЦ";"Темп прироста к предыдущей неделе";"Неделя";"2";"%";"0"
"2023-08-28";-0.06;"A";"Данные ЦМИ";"Базовый ИПЦ";"Темп прироста к предыдущей неделе";"Неделя";"2";"%";"0"
"2023-09-04";-0.61;"A";"Данные ЦМИ";"Базовый ИПЦ";"Темп прироста к предыдущей неделе";"Неделя";"2";"%";"0"
"2023-09-11";0.16;"A";"Данные ЦМИ";"Базовый ИПЦ";"Темп прироста к предыдущей неделе";"Неделя";"2";"%";"0"
"2023-09-18";-0.06;"A";"Данные ЦМИ";"Базовый ИПЦ";"Темп прироста к предыдущей неделе";"Неделя";"2";"%";"0"
"2023-09-25";0.28;"A";"Данные ЦМИ";"Базовый ИПЦ";"Темп прироста к предыдущей неделе";"Неделя";"2";"%";"0"
"2023-10-02";0.16;"A";"Данные ЦМИ";"Базовый ИПЦ";"Темп прироста к предыдущей неделе";"Неделя";"2";"%";"0"
"2023-10-09";0.31;"A";"Данные ЦМИ";"Базовый ИПЦ";"Темп прироста к предыдущей неделе";"Неделя";"2";"%";"0"
"2023-10-16";0.13;"A";"Данные ЦМИ";"Базовый ИПЦ";"Темп прироста к предыдущей неделе";"Неделя";"2";"%";"0"
"2023-10-23";0.2;"A";"Данные ЦМИ";"Базовый ИПЦ";"Темп прироста к предыдущей неделе";"Неделя";"2";"%";"0"
"2023-10-30";0.26;"A";"Данные ЦМИ";"Базовый ИПЦ";"Темп прироста к предыдущей неделе";"Неделя";"2";"%";"0"
"2023-11-07";0.19;"A";"Данные ЦМИ";"Базовый ИПЦ";"Темп прироста к предыдущей неделе";"Неделя";"2";"%";"0"
"2023-11-13";0.23;"A";"Данные ЦМИ";"Базовый ИПЦ";"Темп прироста к предыдущей неделе";"Неделя";"2";"%";"0"
"2023-11-20";0.12;"A";"Данные ЦМИ";"Базовый ИПЦ";"Темп прироста к предыдущей неделе";"Неделя";"2";"%";"0"
"2023-11-27";0.46;"A";"Данные ЦМИ";"Базовый ИПЦ";"Темп прироста к предыдущей неделе";"Неделя";"2";"%";"0"
"2023-12-04";0.17;"A";"Данные ЦМИ";"Базовый ИПЦ";"Темп прироста к предыдущей неделе";"Неделя";"2";"%";"0"
"2023-12-11";0.27;"A";"Данные ЦМИ";"Базовый ИПЦ";"Темп прироста к предыдущей неделе";"Неделя";"2";"%";"0"
"2023-12-18";0.1;"A";"Данные ЦМИ";"Базовый ИПЦ";"Темп прироста к предыдущей неделе";"Неделя";"2";"%";"0"
"2023-12-25";0.34;"A";"Данные ЦМИ";"Базовый ИПЦ";"Темп прироста к предыдущей неделе";"Неделя";"2";"%";"0"
"2024-01-09";0.05;"A";"Данные ЦМИ";"Базовый ИПЦ";"Темп прироста к предыдущей неделе";"Неделя";"2";"%";"0"
"2024-01-15";0.16;"A";"Данные ЦМИ";"Базовый ИПЦ";"Темп прироста к предыдущей неделе";"Неделя";"2";"%";"0"
"2024-01-22";0.09;"A";"Данные ЦМИ";"Базовый ИПЦ";"Темп прироста к предыдущей неделе";"Неделя";"2";"%";"0"
"2024-01-29";0.21;"A";"Данные ЦМИ";"Базовый ИПЦ";"Темп прироста к предыдущей неделе";"Неделя";"2";"%";"0"
"2024-02-05";0.15;"A";"Данные ЦМИ";"Базовый ИПЦ";"Темп прироста к предыдущей неделе";"Неделя";"2";"%";"0"
"2024-02-12";0.26;"A";"Данные ЦМИ";"Базовый ИПЦ";"Темп прироста к предыдущей неделе";"Неделя";"2";"%";"0"
"2024-02-19";0.08;"A";"Данные ЦМИ";"Базовый ИПЦ";"Темп прироста к предыдущей неделе";"Неделя";"2";"%";"0"
"2024-02-26";0.19;"A";"Данные ЦМИ";"Базовый ИПЦ";"Темп прироста к предыдущей неделе";"Неделя";"2";"%";"0"
"2024-03-04";0.16;"A";"Данные ЦМИ";"Базовый ИПЦ";"Темп прироста к предыдущей неделе";"Неделя";"2";"%";"0"
"2024-03-11";-0.03;"A";"Данные ЦМИ";"Базовый ИПЦ";"Темп прироста к предыдущей неделе";"Неделя";"2";"%";"0"
"2024-03-18";0.22;"A";"Данные ЦМИ";"Базовый ИПЦ";"Темп прироста к предыдущей неделе";"Неделя";"2";"%";"0"
"2024-03-25";0.18;"A";"Данные ЦМИ";"Базовый ИПЦ";"Темп прироста к предыдущей неделе";"Неделя";"2";"%";"0"
"2024-04-01";0.12;"A";"Данные ЦМИ";"Базовый ИПЦ";"Темп прироста к предыдущей неделе";"Неделя";"2";"%";"0"
"2024-04-08";0.21;"A";"Данные ЦМИ";"Базовый ИПЦ";"Темп прироста к предыдущей неделе";"Неделя";"2";"%";"0"
"2024-04-15";0.15;"A";"Данные ЦМИ";"Базовый ИПЦ";"Темп прироста к предыдущей неделе";"Неделя";"2";"%";"0"
"2024-04-22";0.15;"A";"Данные ЦМИ";"Базовый ИПЦ";"Темп прироста к предыдущей неделе";"Неделя";"2";"%";"0"
"2024-05-02";0.05;"A";"Данные ЦМИ";"Базовый ИПЦ";"Темп прироста к предыдущей неделе";"Неделя";"2";"%";"0"
"2024-05-06";0.24;"A";"Данные ЦМИ";"Базовый ИПЦ";"Темп прироста к предыдущей неделе";"Неделя";"2";"%";"0"
"2024-05-13";0.26;"A";"Данные ЦМИ";"Базовый ИПЦ";"Темп прироста к предыдущей неделе";"Неделя";"2";"%";"0"
"2024-05-20";0.19;"A";"Данные ЦМИ";"Базовый ИПЦ";"Темп прироста к предыдущей неделе";"Неделя";"2";"%";"0"
"2024-05-27";0.24;"A";"Данные ЦМИ";"Базовый ИПЦ";"Темп прироста к предыдущей неделе";"Неделя";"2";"%";"0"
"2024-06-03";0.3;"A";"Данные ЦМИ";"Базовый ИПЦ";"Темп прироста к предыдущей неделе";"Неделя";"2";"%";"0"
"2024-06-10";0.11;"A";"Данные ЦМИ";"Базовый ИПЦ";"Темп прироста к предыдущей неделе";"Неделя";"2";"%";"0"
"2024-06-17";0.17;"A";"Данные ЦМИ";"Базовый ИПЦ";"Темп прироста к предыдущей неделе";"Неделя";"2";"%";"0"
"2024-06-24";0.26;"A";"Данные ЦМИ";"Базовый ИПЦ";"Темп прироста к предыдущей неделе";"Неделя";"2";"%";"0"
"2024-07-01";0.21;"A";"Данные ЦМИ";"Базовый ИПЦ";"Темп прироста к предыдущей неделе";"Неделя";"2";"%";"0"
"2024-07-08";0.32;"A";"Данные ЦМИ";"Базовый ИПЦ";"Темп прироста к предыдущей неделе";"Неделя";"2";"%";"0"
"2024-07-15";0.07;"A";"Данные ЦМИ";"Базовый ИПЦ";"Темп прироста к предыдущей неделе";"Неделя";"2";"%";"0"
"2024-07-22";0.13;"A";"Данные ЦМИ";"Базовый ИПЦ";"Темп прироста к предыдущей неделе";"Неделя";"2";"%";"0"
"2024-07-29";0.07;"A";"Данные ЦМИ";"Базовый ИПЦ";"Темп прироста к предыдущей неделе";"Неделя";"2";"%";"0"
"2024-08-05";-0.08;"A";"Данные ЦМИ";"Базовый ИПЦ";"Темп прироста к предыдущей неделе";"Неделя";"2";"%";"0"
"2024-08-12";0.09;"A";"Данные ЦМИ";"Базовый ИПЦ";"Темп прироста к предыдущей неделе";"Неделя";"2";"%";"0"
"2024-08-19";0.12;"A";"Данные ЦМИ";"Базовый ИПЦ";"Темп прироста к предыдущей неделе";"Неделя";"2";"%";"0"
"2024-08-26";0.05;"A";"Данные ЦМИ";"Базовый ИПЦ";"Темп прироста к предыдущей неделе";"Неделя";"2";"%";"0"
"2024-09-02";-0.24;"A";"Данные ЦМИ";"Базовый ИПЦ";"Темп прироста к предыдущей неделе";"Неделя";"2";"%";"0"
"2024-09-09";0.17;"A";"Данные ЦМИ";"Базовый ИПЦ";"Темп прироста к предыдущей неделе";"Неделя";"2";"%";"0"
"2024-09-16";0.21;"A";"Данные ЦМИ";"Базовый ИПЦ";"Темп прироста к предыдущей неделе";"Неделя";"2";"%";"0"
"2024-09-23";0.13;"A";"Данные ЦМИ";"Базовый ИПЦ";"Темп прироста к предыдущей неделе";"Неделя";"2";"%";"0"
"2024-09-30";0.33;"A";"Данные ЦМИ";"Базовый ИПЦ";"Темп прироста к предыдущей неделе";"Неделя";"2";"%";"0"
"2024-10-07";0.2;"A";"Данные ЦМИ";"Базовый ИПЦ";"Темп прироста к предыдущей неделе";"Неделя";"2";"%";"0"
"2024-10-14";0.09;"A";"Данные ЦМИ";"Базовый ИПЦ";"Темп прироста к предыдущей неделе";"Неделя";"2";"%";"0"
"2024-10-21";0.27;"A";"Данные ЦМИ";"Базовый ИПЦ";"Темп прироста к предыдущей неделе";"Неделя";"2";"%";"0"
"2024-10-28";0.38;"A";"Данные ЦМИ";"Базовый ИПЦ";"Темп прироста к предыдущей неделе";"Неделя";"2";"%";"0"
"2024-11-05";0.09;"A";"Данные ЦМИ";"Базовый ИПЦ";"Темп прироста к предыдущей неделе";"Неделя";"2";"%";"0"
"2024-11-11";0.31;"A";"Данные ЦМИ";"Базовый ИПЦ";"Темп прироста к предыдущей неделе";"Неделя";"2";"%";"0"
"2024-11-18";0.31;"A";"Данные ЦМИ";"Базовый ИПЦ";"Темп прироста к предыдущей неделе";"Неделя";"2";"%";"0"
"2024-11-25";0.31;"A";"Данные ЦМИ";"Базовый ИПЦ";"Темп прироста к предыдущей неделе";"Неделя";"2";"%";"0"
"2024-12-02";0.33;"A";"Данные ЦМИ";"Базовый ИПЦ";"Темп прироста к предыдущей неделе";"Неделя";"2";"%";"0"
"2024-12-09";0.46;"A";"Данные ЦМИ";"Базовый ИПЦ";"Темп прироста к предыдущей неделе";"Неделя";"2";"%";"0"
"2024-12-16";0.36;"A";"Данные ЦМИ";"Базовый ИПЦ";"Темп прироста к предыдущей неделе";"Неделя";"2";"%";"0"
"2024-12-23";0.41;"A";"Данные ЦМИ";"Базовый ИПЦ";"Темп прироста к предыдущей неделе";"Неделя";"2";"%";"0"
"2025-01-09";0.32;"A";"Данные ЦМИ";"Базовый ИПЦ";"Темп прироста к предыдущей неделе";"Неделя";"2";"%";"0"
"2025-01-13";0.14;"A";"Данные ЦМИ";"Базовый ИПЦ";"Темп прироста к предыдущей неделе";"Неделя";"2";"%";"0"
"2025-01-20";0.35;"A";"Данные ЦМИ";"Базовый ИПЦ";"Темп прироста к предыдущей неделе";"Неделя";"2";"%";"0"
"2025-01-27";0.22;"A";"Данные ЦМИ";"Базовый ИПЦ";"Темп прироста к предыдущей неделе";"Неделя";"2";"%";"0"
"2025-02-03";0.15;"A";"Данные ЦМИ";"Базовый ИПЦ";"Темп прироста к предыдущей неделе";"Неделя";"2";"%";"0"
"2025-02-10";0.26;"A";"Данные ЦМИ";"Базовый ИПЦ";"Темп прироста к предыдущей неделе";"Неделя";"2";"%";"0"
"2025-02-17";0.15;"A";"Данные ЦМИ";"Базовый ИПЦ";"Темп прироста к предыдущей неделе";"Неделя";"2";"%";"0"
"2025-02-24";0.2;"A";"Данные ЦМИ";"Базовый ИПЦ";"Темп прироста к предыдущей неделе";"Неделя";"2";"%";"0"
"2025-03-03";0.22;"A";"Данные ЦМИ";"Базовый ИПЦ";"Темп прироста к предыдущей неделе";"Неделя";"2";"%";"0"
"2025-03-10";0.21;"A";"Данные ЦМИ";"Базовый ИПЦ";"Темп прироста к предыдущей неделе";"Неделя";"2";"%";"0"
"2025-03-17";0.15;"A";"Данные ЦМИ";"Базовый ИПЦ";"Темп прироста к предыдущей неделе";"Неделя";"2";"%";"0"
"2025-03-24";0.16;"A";"Данные ЦМИ";"Базовый ИПЦ";"Темп прироста к предыдущей неделе";"Неделя";"2";"%";"0"
"2025-03-31";0.13;"A";"Данные ЦМИ";"Базовый ИПЦ";"Темп прироста к предыдущей неделе";"Неделя";"2";"%";"0"
"2025-04-07";0.21;"A";"Данные ЦМИ";"Базовый ИПЦ";"Темп прироста к предыдущей неделе";"Неделя";"2";"%";"0"
"2025-04-14";0.09;"A";"Данные ЦМИ";"Базовый ИПЦ";"Темп прироста к предыдущей неделе";"Неделя";"2";"%";"0"
"2025-04-21";0.05;"A";"Данные ЦМИ";"Базовый ИПЦ";"Темп прироста к предыдущей неделе";"Неделя";"2";"%";"0"
"2025-04-28";0.18;"A";"Данные ЦМИ";"Базовый ИПЦ";"Темп прироста к предыдущей неделе";"Неделя";"2";"%";"0"
"2025-05-05";0.21;"A";"Данные ЦМИ";"Базовый ИПЦ";"Темп прироста к предыдущей неделе";"Неделя";"2";"%";"0"
"2025-05-12";0.09;"A";"Данные ЦМИ";"Базовый ИПЦ";"Темп прироста к предыдущей неделе";"Неделя";"2";"%";"0"
"2025-05-19";0.22;"A";"Данные ЦМИ";"Базовый ИПЦ";"Темп прироста к предыдущей неделе";"Неделя";"2";"%";"0"
"2025-05-26";0.13;"A";"Данные ЦМИ";"Базовый ИПЦ";"Темп прироста к предыдущей неделе";"Неделя";"2";"%";"0"
"2025-06-02";0.11;"A";"Данные ЦМИ";"Базовый ИПЦ";"Темп прироста к предыдущей неделе";"Неделя";"2";"%";"0"
"2025-06-09";0.06;"A";"Данные ЦМИ";"Базовый ИПЦ";"Темп прироста к предыдущей неделе";"Неделя";"2";"%";"0"
"2025-06-16";0;"A";"Данные ЦМИ";"Базовый ИПЦ";"Темп прироста к предыдущей неделе";"Неделя";"2";"%";"0"
"2025-06-23";0.08;"A";"Данные ЦМИ";"Базовый ИПЦ";"Темп прироста к предыдущей неделе";"Неделя";"2";"%";"0"
"2025-06-30";0.11;"A";"Данные ЦМИ";"Базовый ИПЦ";"Темп прироста к предыдущей неделе";"Неделя";"2";"%";"0"
"2025-07-07";0;"A";"Данные ЦМИ";"Базовый ИПЦ";"Темп прироста к предыдущей неделе";"Неделя";"2";"%";"0"
"2025-07-14";0.02;"A";"Данные ЦМИ";"Базовый ИПЦ";"Темп прироста к предыдущей неделе";"Неделя";"2";"%";"0"
"2025-07-21";0.03;"A";"Данные ЦМИ";"Базовый ИПЦ";"Темп прироста к предыдущей неделе";"Неделя";"2";"%";"0"
"2025-07-28";0.1;"A";"Данные ЦМИ";"Базовый ИПЦ";"Темп прироста к предыдущей неделе";"Неделя";"2";"%";"0"
"2025-08-04";-0.02;"A";"Данные ЦМИ";"Базовый ИПЦ";"Темп прироста к предыдущей неделе";"Неделя";"2";"%";"0"
"2025-08-11";0.03;"A";"Данные ЦМИ";"Базовый ИПЦ";"Темп прироста к предыдущей неделе";"Неделя";"2";"%";"0"
"2025-08-18";0.07;"A";"Данные ЦМИ";"Базовый ИПЦ";"Темп прироста к предыдущей неделе";"Неделя";"2";"%";"0"
"2025-08-25";0.12;"A";"Данные ЦМИ";"Базовый ИПЦ";"Темп прироста к предыдущей неделе";"Неделя";"2";"%";"0"
"2025-09-01";-0.03;"A";"Данные ЦМИ";"Базовый ИПЦ";"Темп прироста к предыдущей неделе";"Неделя";"2";"%";"0"
"2025-09-08";0.16;"A";"Данные ЦМИ";"Базовый ИПЦ";"Темп прироста к предыдущей неделе";"Неделя";"2";"%";"0"
"2025-09-15";0.01;"A";"Данные ЦМИ";"Базовый ИПЦ";"Темп прироста к предыдущей неделе";"Неделя";"2";"%";"0"
"2025-09-22";0.05;"A";"Данные ЦМИ";"Базовый ИПЦ";"Темп прироста к предыдущей неделе";"Неделя";"2";"%";"0"
"2025-09-29";0.14;"A";"Данные ЦМИ";"Базовый ИПЦ";"Темп прироста к предыдущей неделе";"Неделя";"2";"%";"0"
"2025-10-06";0.18;"A";"Данные ЦМИ";"Базовый ИПЦ";"Темп прироста к предыдущей неделе";"Неделя";"2";"%";"0"
"2025-10-13";0.15;"A";"Данные ЦМИ";"Базовый ИПЦ";"Темп прироста к предыдущей неделе";"Неделя";"2";"%";"0"
"2025-10-20";0.14;"A";"Данные ЦМИ";"Базовый ИПЦ";"Темп прироста к предыдущей неделе";"Неделя";"2";"%";"0"
"2025-10-27";0.2;"A";"Данные ЦМИ";"Базовый ИПЦ";"Темп прироста к предыдущей неделе";"Неделя";"2";"%";"0"
"2025-11-05";0.13;"A";"Данные ЦМИ";"Базовый ИПЦ";"Темп прироста к предыдущей неделе";"Неделя";"2";"%";"0"
"2025-11-10";0.07;"A";"Данные ЦМИ";"Базовый ИПЦ";"Темп прироста к предыдущей неделе";"Неделя";"2";"%";"0"
"2025-11-17";0.11;"A";"Данные ЦМИ";"Базовый ИПЦ";"Темп прироста к предыдущей неделе";"Неделя";"2";"%";"0"
"2025-11-24";0.13;"A";"Данные ЦМИ";"Базовый ИПЦ";"Темп прироста к предыдущей неделе";"Неделя";"2";"%";"0"
"2025-12-01";0.05;"A";"Данные ЦМИ";"Базовый ИПЦ";"Темп прироста к предыдущей неделе";"Неделя";"2";"%";"0"
"2025-12-08";0.12;"A";"Данные ЦМИ";"Базовый ИПЦ";"Темп прироста к предыдущей неделе";"Неделя";"2";"%";"0"
"2025-12-15";0.11;"A";"Данные ЦМИ";"Базовый ИПЦ";"Темп прироста к предыдущей неделе";"Неделя";"2";"%";"0"
"2025-12-22";0.24;"A";"Данные ЦМИ";"Базовый ИПЦ";"Темп прироста к предыдущей неделе";"Неделя";"2";"%";"0"
"2026-01-12";0.65;"A";"Данные ЦМИ";"Базовый ИПЦ";"Темп прироста к предыдущей неделе";"Неделя";"2";"%";"0"
"2026-01-19";0.44;"A";"Данные ЦМИ";"Базовый ИПЦ";"Темп прироста к предыдущей неделе";"Неделя";"2";"%";"0"
"2026-01-26";0.02;"A";"Данные ЦМИ";"Базовый ИПЦ";"Темп прироста к предыдущей неделе";"Неделя";"2";"%";"0"
"2026-02-02";0.24;"A";"Данные ЦМИ";"Базовый ИПЦ";"Темп прироста к предыдущей неделе";"Неделя";"2";"%";"0"
"2026-02-09";-0.01;"A";"Данные ЦМИ";"Базовый ИПЦ";"Темп прироста к предыдущей неделе";"Неделя";"2";"%";"0"
"2026-02-16";0.12;"A";"Данные ЦМИ";"Базовый ИПЦ";"Темп прироста к предыдущей неделе";"Неделя";"2";"%";"0"
"2026-02-24";0.24;"A";"Данные ЦМИ";"Базовый ИПЦ";"Темп прироста к предыдущей неделе";"Неделя";"2";"%";"0"
"2026-03-02";-0.01;"A";"Данные ЦМИ";"Базовый ИПЦ";"Темп прироста к предыдущей неделе";"Неделя";"2";"%";"0"
"2026-03-10";0.12;"A";"Данные ЦМИ";"Базовый ИПЦ";"Темп прироста к предыдущей неделе";"Неделя";"2";"%";"0"
"2026-03-16";0.12;"A";"Данные ЦМИ";"Базовый ИПЦ";"Темп прироста к предыдущей неделе";"Неделя";"2";"%";"0"
"2026-03-23";0.19;"A";"Данные ЦМИ";"Базовый ИПЦ";"Темп прироста к предыдущей неделе";"Неделя";"2";"%";"0"
"2026-03-30";0.36;"A";"Данные ЦМИ";"Базовый ИПЦ";"Темп прироста к предыдущей неделе";"Неделя";"2";"%";"0"
"2026-04-06";0.18;"A";"Данные ЦМИ";"Базовый ИПЦ";"Темп прироста к предыдущей неделе";"Неделя";"2";"%";"0"
"2026-04-13";-0.11;"A";"Данные ЦМИ";"Базовый ИПЦ";"Темп прироста к предыдущей неделе";"Неделя";"2";"%";"0"
"2026-04-20";0.02;"A";"Данные ЦМИ";"Базовый ИПЦ";"Темп прироста к предыдущей неделе";"Неделя";"2";"%";"0"
"2026-04-27";0.21;"A";"Данные ЦМИ";"Базовый ИПЦ";"Темп прироста к предыдущей неделе";"Неделя";"2";"%";"0"
"2026-05-04";0.31;"A";"Данные ЦМИ";"Базовый ИПЦ";"Темп прироста к предыдущей неделе";"Неделя";"2";"%";"0"
"2026-05-12";0.56;"A";"Данные ЦМИ";"Базовый ИПЦ";"Темп прироста к предыдущей неделе";"Неделя";"2";"%";"0"
"2026-05-18";0.12;"A";"Данные ЦМИ";"Базовый ИПЦ";"Темп прироста к предыдущей неделе";"Неделя";"2";"%";"0"
"2026-05-25";0.13;"A";"Данные ЦМИ";"Базовый ИПЦ";"Темп прироста к предыдущей неделе";"Неделя";"2";"%";"0"
"2026-06-01";0.42;"A";"Данные ЦМИ";"Базовый ИПЦ";"Темп прироста к предыдущей неделе";"Неделя";"2";"%";"0"
"2026-06-08";0.22;"A";"Данные ЦМИ";"Базовый ИПЦ";"Темп прироста к предыдущей неделе";"Неделя";"2";"%";"0"
"2026-06-15";0.06;"A";"Данные ЦМИ";"Базовый ИПЦ";"Темп прироста к предыдущей неделе";"Неделя";"2";"%";"0"
"2026-06-22";0.09;"A";"Данные ЦМИ";"Базовый ИПЦ";"Темп прироста к предыдущей неделе";"Неделя";"2";"%";"0"
"2026-06-29";0.04;"A";"Данные ЦМИ";"Базовый ИПЦ";"Темп прироста к предыдущей неделе";"Неделя";"2";"%";"0"
"2026-07-06";0.32;"A";"Данные ЦМИ";"Базовый ИПЦ";"Темп прироста к предыдущей неделе";"Неделя";"2";"%";"0"
"2026-07-13";0.1;"A";"Данные ЦМИ";"Базовый ИПЦ";"Темп прироста к предыдущей неделе";"Неделя";"2";"%";"0"
"2026-07-20";0.19;"A";"Данные ЦМИ";"Базовый ИПЦ";"Темп прироста к предыдущей неделе";"Неделя";"2";"%";"0"
"2026-07-27";-0.21;"A";"Данные ЦМИ";"Базовый ИПЦ";"Темп прироста к предыдущей неделе";"Неделя";"2";"%";"0"
"2026-08-03";0.22;"A";"Данные ЦМИ";"Базовый ИПЦ";"Темп прироста к предыдущей неделе";"Неделя";"2";"%";"0"
"2026-08-10";-0.09;"A";"Данные ЦМИ";"Базовый ИПЦ";"Темп прироста к предыдущей неделе";"Неделя";"2";"%";"0"
"2026-08-17";-0.03;"A";"Данные ЦМИ";"Базовый ИПЦ";"Темп прироста к предыдущей неделе";"Неделя";"2";"%";"0"
"2026-08-24";-0.11;"A";"Данные ЦМИ";"Базовый ИПЦ";"Темп прироста к предыдущей неделе";"Неделя";"2";"%";"0"
"2026-08-31";-0.06;"A";"Данные ЦМИ";"Базовый ИПЦ";"Темп прироста к предыдущей неделе";"Неделя";"2";"%";"0"
"2026-09-07";0.02;"A";"Данные ЦМИ";"Базовый ИПЦ";"Темп прироста к предыдущей неделе";"Неделя";"2";"%";"0"
"2026-09-14";-0.1;"A";"Данные ЦМИ";"Базовый ИПЦ";"Темп прироста к предыдущей неделе";"Неделя";"2";"%";"0"
"2026-09-21";0.15;"A";"Данные ЦМИ";"Базовый ИПЦ";"Темп прироста к предыдущей неделе";"Неделя";"2";"%";"0"
"2026-09-28";0.26;"A";"Данные ЦМИ";"Базовый ИПЦ";"Темп прироста к предыдущей неделе";"Неделя";"2";"%";"0"
"2022-01-10";0.49;"A";"Данные ЦМИ";"Cахар-песок";"Темп прироста к предыдущей неделе";"Неделя";"2";"%";"0"
"2022-01-14";-0.27;"A";"Данные ЦМИ";"Cахар-песок";"Темп прироста к предыдущей неделе";"Неделя";"2";"%";"0"
"2022-01-21";-0.34;"A";"Данные ЦМИ";"Cахар-песок";"Темп прироста к предыдущей неделе";"Неделя";"2";"%";"0"
"2022-01-28";0.34;"A";"Данные ЦМИ";"Cахар-песок";"Темп прироста к предыдущей неделе";"Неделя";"2";"%";"0"
"2022-02-04";0.99;"A";"Данные ЦМИ";"Cахар-песок";"Темп прироста к предыдущей неделе";"Неделя";"2";"%";"0"
"2022-02-11";0.24;"A";"Данные ЦМИ";"Cахар-песок";"Темп прироста к предыдущей неделе";"Неделя";"2";"%";"0"
"2022-02-18";0.76;"A";"Данные ЦМИ";"Cахар-песок";"Темп прироста к предыдущей неделе";"Неделя";"2";"%";"0"
"2022-02-25";0.87;"A";"Данные ЦМИ";"Cахар-песок";"Темп прироста к предыдущей неделе";"Неделя";"2";"%";"0"
"2022-03-04";1.41;"A";"Данные ЦМИ";"Cахар-песок";"Темп прироста к предыдущей неделе";"Неделя";"2";"%";"0"
"2022-03-11";3.54;"A";"Данные ЦМИ";"Cахар-песок";"Темп прироста к предыдущей неделе";"Неделя";"2";"%";"0"
"2022-03-18";4.93;"A";"Данные ЦМИ";"Cахар-песок";"Темп прироста к предыдущей неделе";"Неделя";"2";"%";"0"
"2022-03-25";3.85;"A";"Данные ЦМИ";"Cахар-песок";"Темп прироста к предыдущей неделе";"Неделя";"2";"%";"0"
"2022-04-01";3.07;"A";"Данные ЦМИ";"Cахар-песок";"Темп прироста к предыдущей неделе";"Неделя";"2";"%";"0"
"2022-04-08";1.74;"A";"Данные ЦМИ";"Cахар-песок";"Темп прироста к предыдущей неделе";"Неделя";"2";"%";"0"
"2022-04-15";1.18;"A";"Данные ЦМИ";"Cахар-песок";"Темп прироста к предыдущей неделе";"Неделя";"2";"%";"0"
"2022-04-22";0.09;"A";"Данные ЦМИ";"Cахар-песок";"Темп прироста к предыдущей неделе";"Неделя";"2";"%";"0"
"2022-04-29";1.1;"A";"Данные ЦМИ";"Cахар-песок";"Темп прироста к предыдущей неделе";"Неделя";"2";"%";"0"
"2022-05-06";-0.15;"A";"Данные ЦМИ";"Cахар-песок";"Темп прироста к предыдущей неделе";"Неделя";"2";"%";"0"
"2022-05-13";0.18;"A";"Данные ЦМИ";"Cахар-песок";"Темп прироста к предыдущей неделе";"Неделя";"2";"%";"0"
"2022-05-20";0.15;"A";"Данные ЦМИ";"Cахар-песок";"Темп прироста к предыдущей неделе";"Неделя";"2";"%";"0"
"2022-05-27";0.69;"A";"Данные ЦМИ";"Cахар-песок";"Темп прироста к предыдущей неделе";"Неделя";"2";"%";"0"
"2022-06-03";0.1;"A";"Данные ЦМИ";"Cахар-песок";"Темп прироста к предыдущей неделе";"Неделя";"2";"%";"0"
"2022-06-10";-0.21;"A";"Данные ЦМИ";"Cахар-песок";"Темп прироста к предыдущей неделе";"Неделя";"2";"%";"0"
"2022-06-17";0.05;"A";"Данные ЦМИ";"Cахар-песок";"Темп прироста к предыдущей неделе";"Неделя";"2";"%";"0"
"2022-06-24";0.05;"A";"Данные ЦМИ";"Cахар-песок";"Темп прироста к предыдущей неделе";"Неделя";"2";"%";"0"
"2022-07-01";-0.47;"A";"Данные ЦМИ";"Cахар-песок";"Темп прироста к предыдущей неделе";"Неделя";"2";"%";"0"
"2022-07-08";-0.53;"A";"Данные ЦМИ";"Cахар-песок";"Темп прироста к предыдущей неделе";"Неделя";"2";"%";"0"
"2022-07-15";-0.01;"A";"Данные ЦМИ";"Cахар-песок";"Темп прироста к предыдущей неделе";"Неделя";"2";"%";"0"
"2022-07-22";-0.21;"A";"Данные ЦМИ";"Cахар-песок";"Темп прироста к предыдущей неделе";"Неделя";"2";"%";"0"
"2022-08-01";0.3;"A";"Данные ЦМИ";"Cахар-песок";"Темп прироста к предыдущей неделе";"Неделя";"2";"%";"0"
"2022-08-08";-0.05;"A";"Данные ЦМИ";"Cахар-песок";"Темп прироста к предыдущей неделе";"Неделя";"2";"%";"0"
"2022-08-15";0.01;"A";"Данные ЦМИ";"Cахар-песок";"Темп прироста к предыдущей неделе";"Неделя";"2";"%";"0"
"2022-08-22";-0.41;"A";"Данные ЦМИ";"Cахар-песок";"Темп прироста к предыдущей неделе";"Неделя";"2";"%";"0"
"2022-08-29";0.21;"A";"Данные ЦМИ";"Cахар-песок";"Темп прироста к предыдущей неделе";"Неделя";"2";"%";"0"
"2022-09-05";0.08;"A";"Данные ЦМИ";"Cахар-песок";"Темп прироста к предыдущей неделе";"Неделя";"2";"%";"0"
"2022-09-12";-0.13;"A";"Данные ЦМИ";"Cахар-песок";"Темп прироста к предыдущей неделе";"Неделя";"2";"%";"0"
"2022-09-19";-0.25;"A";"Данные ЦМИ";"Cахар-песок";"Темп прироста к предыдущей неделе";"Неделя";"2";"%";"0"
"2022-09-26";-0.19;"A";"Данные ЦМИ";"Cахар-песок";"Темп прироста к предыдущей неделе";"Неделя";"2";"%";"0"
"2022-10-03";-0.36;"A";"Данные ЦМИ";"Cахар-песок";"Темп прироста к предыдущей неделе";"Неделя";"2";"%";"0"
"2022-10-10";-0.28;"A";"Данные ЦМИ";"Cахар-песок";"Темп прироста к предыдущей неделе";"Неделя";"2";"%";"0"
"2022-10-17";-0.31;"A";"Данные ЦМИ";"Cахар-песок";"Темп прироста к предыдущей неделе";"Неделя";"2";"%";"0"
"2022-10-24";0.03;"A";"Данные ЦМИ";"Cахар-песок";"Темп прироста к предыдущей неделе";"Неделя";"2";"%";"0"
"2022-10-31";-0.46;"A";"Данные ЦМИ";"Cахар-песок";"Темп прироста к предыдущей неделе";"Неделя";"2";"%";"0"
"2022-11-07";0.27;"A";"Данные ЦМИ";"Cахар-песок";"Темп прироста к предыдущей неделе";"Неделя";"2";"%";"0"
"2022-11-14";-0.23;"A";"Данные ЦМИ";"Cахар-песок";"Темп прироста к предыдущей неделе";"Неделя";"2";"%";"0"
"2022-11-21";-0.32;"A";"Данные ЦМИ";"Cахар-песок";"Темп прироста к предыдущей неделе";"Неделя";"2";"%";"0"
"2022-11-28";-0.39;"A";"Данные ЦМИ";"Cахар-песок";"Темп прироста к предыдущей неделе";"Неделя";"2";"%";"0"
"2022-12-05";-0.48;"A";"Данные ЦМИ";"Cахар-песок";"Темп прироста к предыдущей неделе";"Неделя";"2";"%";"0"
"2022-12-12";0.01;"A";"Данные ЦМИ";"Cахар-песок";"Темп прироста к предыдущей неделе";"Неделя";"2";"%";"0"
"2022-12-19";-0.85;"A";"Данные ЦМИ";"Cахар-песок";"Темп прироста к предыдущей неделе";"Неделя";"2";"%";"0"
"2022-12-26";-0.07;"A";"Данные ЦМИ";"Cахар-песок";"Темп прироста к предыдущей неделе";"Неделя";"2";"%";"0"
"2023-01-09";-0.16;"A";"Данные ЦМИ";"Cахар-песок";"Темп прироста к предыдущей неделе";"Неделя";"2";"%";"0"
"2023-01-16";-0.19;"A";"Данные ЦМИ";"Cахар-песок";"Темп прироста к предыдущей неделе";"Неделя";"2";"%";"0"
"2023-01-23";-0.06;"A";"Данные ЦМИ";"Cахар-песок";"Темп прироста к предыдущей неделе";"Неделя";"2";"%";"0"
"2023-01-30";-0.11;"A";"Данные ЦМИ";"Cахар-песок";"Темп прироста к предыдущей неделе";"Неделя";"2";"%";"0"
"2023-02-06";-0.04;"A";"Данные ЦМИ";"Cахар-песок";"Темп прироста к предыдущей неделе";"Неделя";"2";"%";"0"
"2023-02-13";-0.15;"A";"Данные ЦМИ";"Cахар-песок";"Темп прироста к предыдущей неделе";"Неделя";"2";"%";"0"
"2023-02-20";0.04;"A";"Данные ЦМИ";"Cахар-песок";"Темп прироста к предыдущей неделе";"Неделя";"2";"%";"0"
"2023-02-27";0.05;"A";"Данные ЦМИ";"Cахар-песок";"Темп прироста к предыдущей неделе";"Неделя";"2";"%";"0"
"2023-03-06";0.4;"A";"Данные ЦМИ";"Cахар-песок";"Темп прироста к предыдущей неделе";"Неделя";"2";"%";"0"
"2023-03-13";0;"A";"Данные ЦМИ";"Cахар-песок";"Темп прироста к предыдущей неделе";"Неделя";"2";"%";"0"
"2023-03-20";0.19;"A";"Данные ЦМИ";"Cахар-песок";"Темп прироста к предыдущей неделе";"Неделя";"2";"%";"0"
"2023-03-27";0.11;"A";"Данные ЦМИ";"Cахар-песок";"Темп прироста к предыдущей неделе";"Неделя";"2";"%";"0"
"2023-04-03";0.02;"A";"Данные ЦМИ";"Cахар-песок";"Темп прироста к предыдущей неделе";"Неделя";"2";"%";"0"
"2023-04-10";0.2;"A";"Данные ЦМИ";"Cахар-песок";"Темп прироста к предыдущей неделе";"Неделя";"2";"%";"0"
"2023-04-17";0.43;"A";"Данные ЦМИ";"Cахар-песок";"Темп прироста к предыдущей неделе";"Неделя";"2";"%";"0"
"2023-04-24";0.2;"A";"Данные ЦМИ";"Cахар-песок";"Темп прироста к предыдущей неделе";"Неделя";"2";"%";"0"
"2023-05-02";0.8;"A";"Данные ЦМИ";"Cахар-песок";"Темп прироста к предыдущей неделе";"Неделя";"2";"%";"0"
"2023-05-10";0.38;"A";"Данные ЦМИ";"Cахар-песок";"Темп прироста к предыдущей неделе";"Неделя";"2";"%";"0"
"2023-05-15";0.58;"A";"Данные ЦМИ";"Cахар-песок";"Темп прироста к предыдущей неделе";"Неделя";"2";"%";"0"
"2023-05-22";1.01;"A";"Данные ЦМИ";"Cахар-песок";"Темп прироста к предыдущей неделе";"Неделя";"2";"%";"0"
"2023-05-29";1.38;"A";"Данные ЦМИ";"Cахар-песок";"Темп прироста к предыдущей неделе";"Неделя";"2";"%";"0"
"2023-06-05";0.67;"A";"Данные ЦМИ";"Cахар-песок";"Темп прироста к предыдущей неделе";"Неделя";"2";"%";"0"
"2023-06-13";0.65;"A";"Данные ЦМИ";"Cахар-песок";"Темп прироста к предыдущей неделе";"Неделя";"2";"%";"0"
"2023-06-19";0.52;"A";"Данные ЦМИ";"Cахар-песок";"Темп прироста к предыдущей неделе";"Неделя";"2";"%";"0"
"2023-06-26";0.73;"A";"Данные ЦМИ";"Cахар-песок";"Темп прироста к предыдущей неделе";"Неделя";"2";"%";"0"
"2023-07-03";0.63;"A";"Данные ЦМИ";"Cахар-песок";"Темп прироста к предыдущей неделе";"Неделя";"2";"%";"0"
"2023-07-10";0.34;"A";"Данные ЦМИ";"Cахар-песок";"Темп прироста к предыдущей неделе";"Неделя";"2";"%";"0"
"2023-07-17";0.76;"A";"Данные ЦМИ";"Cахар-песок";"Темп прироста к предыдущей неделе";"Неделя";"2";"%";"0"
"2023-07-24";0.59;"A";"Данные ЦМИ";"Cахар-песок";"Темп прироста к предыдущей неделе";"Неделя";"2";"%";"0"
"2023-07-31";0.66;"A";"Данные ЦМИ";"Cахар-песок";"Темп прироста к предыдущей неделе";"Неделя";"2";"%";"0"
"2023-08-07";0.09;"A";"Данные ЦМИ";"Cахар-песок";"Темп прироста к предыдущей неделе";"Неделя";"2";"%";"0"
"2023-08-14";0.19;"A";"Данные ЦМИ";"Cахар-песок";"Темп прироста к предыдущей неделе";"Неделя";"2";"%";"0"
"2023-08-21";0.26;"A";"Данные ЦМИ";"Cахар-песок";"Темп прироста к предыдущей неделе";"Неделя";"2";"%";"0"
"2023-08-28";0.05;"A";"Данные ЦМИ";"Cахар-песок";"Темп прироста к предыдущей неделе";"Неделя";"2";"%";"0"
"2023-09-04";-0.22;"A";"Данные ЦМИ";"Cахар-песок";"Темп прироста к предыдущей неделе";"Неделя";"2";"%";"0"
"2023-09-11";-0.2;"A";"Данные ЦМИ";"Cахар-песок";"Темп прироста к предыдущей неделе";"Неделя";"2";"%";"0"
"2023-09-18";0.02;"A";"Данные ЦМИ";"Cахар-песок";"Темп прироста к предыдущей неделе";"Неделя";"2";"%";"0"
"2023-09-25";-0.07;"A";"Данные ЦМИ";"Cахар-песок";"Темп прироста к предыдущей неделе";"Неделя";"2";"%";"0"
"2023-10-02";0.1;"A";"Данные ЦМИ";"Cахар-песок";"Темп прироста к предыдущей неделе";"Неделя";"2";"%";"0"
"2023-10-09";-0.11;"A";"Данные ЦМИ";"Cахар-песок";"Темп прироста к предыдущей неделе";"Неделя";"2";"%";"0"
"2023-10-16";-0.04;"A";"Данные ЦМИ";"Cахар-песок";"Темп прироста к предыдущей неделе";"Неделя";"2";"%";"0"
"2023-10-23";-0.13;"A";"Данные ЦМИ";"Cахар-песок";"Темп прироста к предыдущей неделе";"Неделя";"2";"%";"0"
"2023-10-30";-0.25;"A";"Данные ЦМИ";"Cахар-песок";"Темп прироста к предыдущей неделе";"Неделя";"2";"%";"0"
"2023-11-07";-0.2;"A";"Данные ЦМИ";"Cахар-песок";"Темп прироста к предыдущей неделе";"Неделя";"2";"%";"0"
"2023-11-13";-0.27;"A";"Данные ЦМИ";"Cахар-песок";"Темп прироста к предыдущей неделе";"Неделя";"2";"%";"0"
"2023-11-20";-0.55;"A";"Данные ЦМИ";"Cахар-песок";"Темп прироста к предыдущей неделе";"Неделя";"2";"%";"0"
"2023-11-27";-0.44;"A";"Данные ЦМИ";"Cахар-песок";"Темп прироста к предыдущей неделе";"Неделя";"2";"%";"0"
"2023-12-04";-0.93;"A";"Данные ЦМИ";"Cахар-песок";"Темп прироста к предыдущей неделе";"Неделя";"2";"%";"0"
"2023-12-11";-0.36;"A";"Данные ЦМИ";"Cахар-песок";"Темп прироста к предыдущей неделе";"Неделя";"2";"%";"0"
"2023-12-18";-0.13;"A";"Данные ЦМИ";"Cахар-песок";"Темп прироста к предыдущей неделе";"Неделя";"2";"%";"0"
"2023-12-25";-0.07;"A";"Данные ЦМИ";"Cахар-песок";"Темп прироста к предыдущей неделе";"Неделя";"2";"%";"0"
"2024-01-09";-0.15;"A";"Данные ЦМИ";"Cахар-песок";"Темп прироста к предыдущей неделе";"Неделя";"2";"%";"0"
"2024-01-15";-0.15;"A";"Данные ЦМИ";"Cахар-песок";"Темп прироста к предыдущей неделе";"Неделя";"2";"%";"0"
"2024-01-22";-0.17;"A";"Данные ЦМИ";"Cахар-песок";"Темп прироста к предыдущей неделе";"Неделя";"2";"%";"0"
"2024-01-29";0.03;"A";"Данные ЦМИ";"Cахар-песок";"Темп прироста к предыдущей неделе";"Неделя";"2";"%";"0"
"2024-02-05";-0.17;"A";"Данные ЦМИ";"Cахар-песок";"Темп прироста к предыдущей неделе";"Неделя";"2";"%";"0"
"2024-02-12";0.01;"A";"Данные ЦМИ";"Cахар-песок";"Темп прироста к предыдущей неделе";"Неделя";"2";"%";"0"
"2024-02-19";0.18;"A";"Данные ЦМИ";"Cахар-песок";"Темп прироста к предыдущей неделе";"Неделя";"2";"%";"0"
"2024-02-26";0.41;"A";"Данные ЦМИ";"Cахар-песок";"Темп прироста к предыдущей неделе";"Неделя";"2";"%";"0"
"2024-03-04";0.66;"A";"Данные ЦМИ";"Cахар-песок";"Темп прироста к предыдущей неделе";"Неделя";"2";"%";"0"
"2024-03-11";0.51;"A";"Данные ЦМИ";"Cахар-песок";"Темп прироста к предыдущей неделе";"Неделя";"2";"%";"0"
"2024-03-18";0.5;"A";"Данные ЦМИ";"Cахар-песок";"Темп прироста к предыдущей неделе";"Неделя";"2";"%";"0"
"2024-03-25";0.67;"A";"Данные ЦМИ";"Cахар-песок";"Темп прироста к предыдущей неделе";"Неделя";"2";"%";"0"
"2024-04-01";1.02;"A";"Данные ЦМИ";"Cахар-песок";"Темп прироста к предыдущей неделе";"Неделя";"2";"%";"0"
"2024-04-08";0.81;"A";"Данные ЦМИ";"Cахар-песок";"Темп прироста к предыдущей неделе";"Неделя";"2";"%";"0"
"2024-04-15";0.39;"A";"Данные ЦМИ";"Cахар-песок";"Темп прироста к предыдущей неделе";"Неделя";"2";"%";"0"
"2024-04-22";-0.04;"A";"Данные ЦМИ";"Cахар-песок";"Темп прироста к предыдущей неделе";"Неделя";"2";"%";"0"
"2024-05-02";0.01;"A";"Данные ЦМИ";"Cахар-песок";"Темп прироста к предыдущей неделе";"Неделя";"2";"%";"0"
"2024-05-06";-0.01;"A";"Данные ЦМИ";"Cахар-песок";"Темп прироста к предыдущей неделе";"Неделя";"2";"%";"0"
"2024-05-13";-0.09;"A";"Данные ЦМИ";"Cахар-песок";"Темп прироста к предыдущей неделе";"Неделя";"2";"%";"0"
"2024-05-20";0.09;"A";"Данные ЦМИ";"Cахар-песок";"Темп прироста к предыдущей неделе";"Неделя";"2";"%";"0"
"2024-05-27";0.33;"A";"Данные ЦМИ";"Cахар-песок";"Темп прироста к предыдущей неделе";"Неделя";"2";"%";"0"
"2024-06-03";0.47;"A";"Данные ЦМИ";"Cахар-песок";"Темп прироста к предыдущей неделе";"Неделя";"2";"%";"0"
"2024-06-10";0.52;"A";"Данные ЦМИ";"Cахар-песок";"Темп прироста к предыдущей неделе";"Неделя";"2";"%";"0"
"2024-06-17";0.23;"A";"Данные ЦМИ";"Cахар-песок";"Темп прироста к предыдущей неделе";"Неделя";"2";"%";"0"
"2024-06-24";0.42;"A";"Данные ЦМИ";"Cахар-песок";"Темп прироста к предыдущей неделе";"Неделя";"2";"%";"0"
"2024-07-01";0.48;"A";"Данные ЦМИ";"Cахар-песок";"Темп прироста к предыдущей неделе";"Неделя";"2";"%";"0"
"2024-07-08";0.3;"A";"Данные ЦМИ";"Cахар-песок";"Темп прироста к предыдущей неделе";"Неделя";"2";"%";"0"
"2024-07-15";0.4;"A";"Данные ЦМИ";"Cахар-песок";"Темп прироста к предыдущей неделе";"Неделя";"2";"%";"0"
"2024-07-22";0.37;"A";"Данные ЦМИ";"Cахар-песок";"Темп прироста к предыдущей неделе";"Неделя";"2";"%";"0"
"2024-07-29";0.06;"A";"Данные ЦМИ";"Cахар-песок";"Темп прироста к предыдущей неделе";"Неделя";"2";"%";"0"
"2024-08-05";-0.02;"A";"Данные ЦМИ";"Cахар-песок";"Темп прироста к предыдущей неделе";"Неделя";"2";"%";"0"
"2024-08-12";-0.04;"A";"Данные ЦМИ";"Cахар-песок";"Темп прироста к предыдущей неделе";"Неделя";"2";"%";"0"
"2024-08-19";0.07;"A";"Данные ЦМИ";"Cахар-песок";"Темп прироста к предыдущей неделе";"Неделя";"2";"%";"0"
"2024-08-26";-0.42;"A";"Данные ЦМИ";"Cахар-песок";"Темп прироста к предыдущей неделе";"Неделя";"2";"%";"0"
"2024-09-02";-0.36;"A";"Данные ЦМИ";"Cахар-песок";"Темп прироста к предыдущей неделе";"Неделя";"2";"%";"0"
"2024-09-09";-0.58;"A";"Данные ЦМИ";"Cахар-песок";"Темп прироста к предыдущей неделе";"Неделя";"2";"%";"0"
"2024-09-16";-1;"A";"Данные ЦМИ";"Cахар-песок";"Темп прироста к предыдущей неделе";"Неделя";"2";"%";"0"
"2024-09-23";-0.72;"A";"Данные ЦМИ";"Cахар-песок";"Темп прироста к предыдущей неделе";"Неделя";"2";"%";"0"
"2024-09-30";-0.75;"A";"Данные ЦМИ";"Cахар-песок";"Темп прироста к предыдущей неделе";"Неделя";"2";"%";"0"
"2024-10-07";-0.89;"A";"Данные ЦМИ";"Cахар-песок";"Темп прироста к предыдущей неделе";"Неделя";"2";"%";"0"
"2024-10-14";0.07;"A";"Данные ЦМИ";"Cахар-песок";"Темп прироста к предыдущей неделе";"Неделя";"2";"%";"0"
"2024-10-21";0.06;"A";"Данные ЦМИ";"Cахар-песок";"Темп прироста к предыдущей неделе";"Неделя";"2";"%";"0"
"2024-10-28";0.19;"A";"Данные ЦМИ";"Cахар-песок";"Темп прироста к предыдущей неделе";"Неделя";"2";"%";"0"
"2024-11-05";-0.1;"A";"Данные ЦМИ";"Cахар-песок";"Темп прироста к предыдущей неделе";"Неделя";"2";"%";"0"
"2024-11-11";-0.05;"A";"Данные ЦМИ";"Cахар-песок";"Темп прироста к предыдущей неделе";"Неделя";"2";"%";"0"
"2024-11-18";-0.01;"A";"Данные ЦМИ";"Cахар-песок";"Темп прироста к предыдущей неделе";"Неделя";"2";"%";"0"
"2024-11-25";-0.03;"A";"Данные ЦМИ";"Cахар-песок";"Темп прироста к предыдущей неделе";"Неделя";"2";"%";"0"
"2024-12-02";-0.14;"A";"Данные ЦМИ";"Cахар-песок";"Темп прироста к предыдущей неделе";"Неделя";"2";"%";"0"
"2024-12-09";-0.08;"A";"Данные ЦМИ";"Cахар-песок";"Темп прироста к предыдущей неделе";"Неделя";"2";"%";"0"
"2024-12-16";0.24;"A";"Данные ЦМИ";"Cахар-песок";"Темп прироста к предыдущей неделе";"Неделя";"2";"%";"0"
"2024-12-23";0.42;"A";"Данные ЦМИ";"Cахар-песок";"Темп прироста к предыдущей неделе";"Неделя";"2";"%";"0"
"2025-01-09";0.59;"A";"Данные ЦМИ";"Cахар-песок";"Темп прироста к предыдущей неделе";"Неделя";"2";"%";"0"
"2025-01-13";0.12;"A";"Данные ЦМИ";"Cахар-песок";"Темп прироста к предыдущей неделе";"Неделя";"2";"%";"0"
"2025-01-20";-0.1;"A";"Данные ЦМИ";"Cахар-песок";"Темп прироста к предыдущей неделе";"Неделя";"2";"%";"0"
"2025-01-27";-0.02;"A";"Данные ЦМИ";"Cахар-песок";"Темп прироста к предыдущей неделе";"Неделя";"2";"%";"0"
"2025-02-03";0.06;"A";"Данные ЦМИ";"Cахар-песок";"Темп прироста к предыдущей неделе";"Неделя";"2";"%";"0"
"2025-02-10";0.02;"A";"Данные ЦМИ";"Cахар-песок";"Темп прироста к предыдущей неделе";"Неделя";"2";"%";"0"
"2025-02-17";0.26;"A";"Данные ЦМИ";"Cахар-песок";"Темп прироста к предыдущей неделе";"Неделя";"2";"%";"0"
"2025-02-24";-0.01;"A";"Данные ЦМИ";"Cахар-песок";"Темп прироста к предыдущей неделе";"Неделя";"2";"%";"0"
"2025-03-03";-0.13;"A";"Данные ЦМИ";"Cахар-песок";"Темп прироста к предыдущей неделе";"Неделя";"2";"%";"0"
"2025-03-10";-0.05;"A";"Данные ЦМИ";"Cахар-песок";"Темп прироста к предыдущей неделе";"Неделя";"2";"%";"0"
"2025-03-17";-0.03;"A";"Данные ЦМИ";"Cахар-песок";"Темп прироста к предыдущей неделе";"Неделя";"2";"%";"0"
"2025-03-24";0.11;"A";"Данные ЦМИ";"Cахар-песок";"Темп прироста к предыдущей неделе";"Неделя";"2";"%";"0"
"2025-03-31";0;"A";"Данные ЦМИ";"Cахар-песок";"Темп прироста к предыдущей неделе";"Неделя";"2";"%";"0"
"2025-04-07";-0.09;"A";"Данные ЦМИ";"Cахар-песок";"Темп прироста к предыдущей неделе";"Неделя";"2";"%";"0"
"2025-04-14";0.08;"A";"Данные ЦМИ";"Cахар-песок";"Темп прироста к предыдущей неделе";"Неделя";"2";"%";"0"
"2025-04-21";0.07;"A";"Данные ЦМИ";"Cахар-песок";"Темп прироста к предыдущей неделе";"Неделя";"2";"%";"0"
"2025-04-28";-0.09;"A";"Данные ЦМИ";"Cахар-песок";"Темп прироста к предыдущей неделе";"Неделя";"2";"%";"0"
"2025-05-05";0;"A";"Данные ЦМИ";"Cахар-песок";"Темп прироста к предыдущей неделе";"Неделя";"2";"%";"0"
"2025-05-12";0.02;"A";"Данные ЦМИ";"Cахар-песок";"Темп прироста к предыдущей неделе";"Неделя";"2";"%";"0"
"2025-05-19";-0.05;"A";"Данные ЦМИ";"Cахар-песок";"Темп прироста к предыдущей неделе";"Неделя";"2";"%";"0"
"2025-05-26";0.1;"A";"Данные ЦМИ";"Cахар-песок";"Темп прироста к предыдущей неделе";"Неделя";"2";"%";"0"
"2025-06-02";-0.25;"A";"Данные ЦМИ";"Cахар-песок";"Темп прироста к предыдущей неделе";"Неделя";"2";"%";"0"
"2025-06-09";-0.3;"A";"Данные ЦМИ";"Cахар-песок";"Темп прироста к предыдущей неделе";"Неделя";"2";"%";"0"
"2025-06-16";-0.32;"A";"Данные ЦМИ";"Cахар-песок";"Темп прироста к предыдущей неделе";"Неделя";"2";"%";"0"
"2025-06-23";-0.36;"A";"Данные ЦМИ";"Cахар-песок";"Темп прироста к предыдущей неделе";"Неделя";"2";"%";"0"
"2025-06-30";-0.23;"A";"Данные ЦМИ";"Cахар-песок";"Темп прироста к предыдущей неделе";"Неделя";"2";"%";"0"
"2025-07-07";-0.13;"A";"Данные ЦМИ";"Cахар-песок";"Темп прироста к предыдущей неделе";"Неделя";"2";"%";"0"
"2025-07-14";-0.28;"A";"Данные ЦМИ";"Cахар-песок";"Темп прироста к предыдущей неделе";"Неделя";"2";"%";"0"
"2025-07-21";-0.17;"A";"Данные ЦМИ";"Cахар-песок";"Темп прироста к предыдущей неделе";"Неделя";"2";"%";"0"
"2025-07-28";-0.27;"A";"Данные ЦМИ";"Cахар-песок";"Темп прироста к предыдущей неделе";"Неделя";"2";"%";"0"
"2025-08-04";-0.14;"A";"Данные ЦМИ";"Cахар-песок";"Темп прироста к предыдущей неделе";"Неделя";"2";"%";"0"
"2025-08-11";-0.22;"A";"Данные ЦМИ";"Cахар-песок";"Темп прироста к предыдущей неделе";"Неделя";"2";"%";"0"
"2025-08-18";0.13;"A";"Данные ЦМИ";"Cахар-песок";"Темп прироста к предыдущей неделе";"Неделя";"2";"%";"0"
"2025-08-25";0.24;"A";"Данные ЦМИ";"Cахар-песок";"Темп прироста к предыдущей неделе";"Неделя";"2";"%";"0"
"2025-09-01";0.41;"A";"Данные ЦМИ";"Cахар-песок";"Темп прироста к предыдущей неделе";"Неделя";"2";"%";"0"
"2025-09-08";0.27;"A";"Данные ЦМИ";"Cахар-песок";"Темп прироста к предыдущей неделе";"Неделя";"2";"%";"0"
"2025-09-15";0.24;"A";"Данные ЦМИ";"Cахар-песок";"Темп прироста к предыдущей неделе";"Неделя";"2";"%";"0"
"2025-09-22";-0.07;"A";"Данные ЦМИ";"Cахар-песок";"Темп прироста к предыдущей неделе";"Неделя";"2";"%";"0"
"2025-09-29";-0.21;"A";"Данные ЦМИ";"Cахар-песок";"Темп прироста к предыдущей неделе";"Неделя";"2";"%";"0"
"2025-10-06";-0.34;"A";"Данные ЦМИ";"Cахар-песок";"Темп прироста к предыдущей неделе";"Неделя";"2";"%";"0"
"2025-10-13";-0.64;"A";"Данные ЦМИ";"Cахар-песок";"Темп прироста к предыдущей неделе";"Неделя";"2";"%";"0"
"2025-10-20";-0.49;"A";"Данные ЦМИ";"Cахар-песок";"Темп прироста к предыдущей неделе";"Неделя";"2";"%";"0"
"2025-10-27";-0.25;"A";"Данные ЦМИ";"Cахар-песок";"Темп прироста к предыдущей неделе";"Неделя";"2";"%";"0"
"2025-11-05";-0.56;"A";"Данные ЦМИ";"Cахар-песок";"Темп прироста к предыдущей неделе";"Неделя";"2";"%";"0"
"2025-11-10";-0.41;"A";"Данные ЦМИ";"Cахар-песок";"Темп прироста к предыдущей неделе";"Неделя";"2";"%";"0"
"2025-11-17";-0.39;"A";"Данные ЦМИ";"Cахар-песок";"Темп прироста к предыдущей неделе";"Неделя";"2";"%";"0"
"2025-11-24";-0.47;"A";"Данные ЦМИ";"Cахар-песок";"Темп прироста к предыдущей неделе";"Неделя";"2";"%";"0"
"2025-12-01";-0.69;"A";"Данные ЦМИ";"Cахар-песок";"Темп прироста к предыдущей неделе";"Неделя";"2";"%";"0"
"2025-12-08";-0.7;"A";"Данные ЦМИ";"Cахар-песок";"Темп прироста к предыдущей неделе";"Неделя";"2";"%";"0"
"2025-12-15";-0.48;"A";"Данные ЦМИ";"Cахар-песок";"Темп прироста к предыдущей неделе";"Неделя";"2";"%";"0"
"2025-12-22";-0.38;"A";"Данные ЦМИ";"Cахар-песок";"Темп прироста к предыдущей неделе";"Неделя";"2";"%";"0"
"2026-01-12";-0.33;"A";"Данные ЦМИ";"Cахар-песок";"Темп прироста к предыдущей неделе";"Неделя";"2";"%";"0"
"2026-01-19";-0.07;"A";"Данные ЦМИ";"Cахар-песок";"Темп прироста к предыдущей неделе";"Неделя";"2";"%";"0"
"2026-01-26";0.05;"A";"Данные ЦМИ";"Cахар-песок";"Темп прироста к предыдущей неделе";"Неделя";"2";"%";"0"
"2026-02-02";0.13;"A";"Данные ЦМИ";"Cахар-песок";"Темп прироста к предыдущей неделе";"Неделя";"2";"%";"0"
"2026-02-09";0.33;"A";"Данные ЦМИ";"Cахар-песок";"Темп прироста к предыдущей неделе";"Неделя";"2";"%";"0"
"2026-02-16";0.27;"A";"Данные ЦМИ";"Cахар-песок";"Темп прироста к предыдущей неделе";"Неделя";"2";"%";"0"
"2026-02-24";0.52;"A";"Данные ЦМИ";"Cахар-песок";"Темп прироста к предыдущей неделе";"Неделя";"2";"%";"0"
"2026-03-02";0.43;"A";"Данные ЦМИ";"Cахар-песок";"Темп прироста к предыдущей неделе";"Неделя";"2";"%";"0"
"2026-03-10";0.52;"A";"Данные ЦМИ";"Cахар-песок";"Темп прироста к предыдущей неделе";"Неделя";"2";"%";"0"
"2026-03-16";0.53;"A";"Данные ЦМИ";"Cахар-песок";"Темп прироста к предыдущей неделе";"Неделя";"2";"%";"0"
"2026-03-23";0.48;"A";"Данные ЦМИ";"Cахар-песок";"Темп прироста к предыдущей неделе";"Неделя";"2";"%";"0"
"2026-03-30";0.81;"A";"Данные ЦМИ";"Cахар-песок";"Темп прироста к предыдущей неделе";"Неделя";"2";"%";"0"
"2026-04-06";1.38;"A";"Данные ЦМИ";"Cахар-песок";"Темп прироста к предыдущей неделе";"Неделя";"2";"%";"0"
"2026-04-13";0.79;"A";"Данные ЦМИ";"Cахар-песок";"Темп прироста к предыдущей неделе";"Неделя";"2";"%";"0"
"2026-04-20";0.46;"A";"Данные ЦМИ";"Cахар-песок";"Темп прироста к предыдущей неделе";"Неделя";"2";"%";"0"
"2026-04-27";0.38;"A";"Данные ЦМИ";"Cахар-песок";"Темп прироста к предыдущей неделе";"Неделя";"2";"%";"0"
"2026-05-04";0.27;"A";"Данные ЦМИ";"Cахар-песок";"Темп прироста к предыдущей неделе";"Неделя";"2";"%";"0"
"2026-05-12";0.37;"A";"Данные ЦМИ";"Cахар-песок";"Темп прироста к предыдущей неделе";"Неделя";"2";"%";"0"
"2026-05-18";0.74;"A";"Данные ЦМИ";"Cахар-песок";"Темп прироста к предыдущей неделе";"Неделя";"2";"%";"0"
"2026-05-25";0.85;"A";"Данные ЦМИ";"Cахар-песок";"Темп прироста к предыдущей неделе";"Неделя";"2";"%";"0"
"2026-06-01";0.55;"A";"Данные ЦМИ";"Cахар-песок";"Темп прироста к предыдущей неделе";"Неделя";"2";"%";"0"
"2026-06-08";0.64;"A";"Данные ЦМИ";"Cахар-песок";"Темп прироста к предыдущей неделе";"Неделя";"2";"%";"0"
"2026-06-15";0.3;"A";"Данные ЦМИ";"Cахар-песок";"Темп прироста к предыдущей неделе";"Неделя";"2";"%";"0"
"2026-06-22";0.47;"A";"Данные ЦМИ";"Cахар-песок";"Темп прироста к предыдущей неделе";"Неделя";"2";"%";"0"
"2026-06-29";0.68;"A";"Данные ЦМИ";"Cахар-песок";"Темп прироста к предыдущей неделе";"Неделя";"2";"%";"0"
"2026-07-06";0.7;"A";"Данные ЦМИ";"Cахар-песок";"Темп прироста к предыдущей неделе";"Неделя";"2";"%";"0"
"2026-07-13";1.84;"A";"Данные ЦМИ";"Cахар-песок";"Темп прироста к предыдущей неделе";"Неделя";"2";"%";"0"
"2026-07-20";2.63;"A";"Данные ЦМИ";"Cахар-песок";"Темп прироста к предыдущей неделе";"Неделя";"2";"%";"0"
"2026-07-27";2;"A";"Данные ЦМИ";"Cахар-песок";"Темп прироста к предыдущей неделе";"Неделя";"2";"%";"0"
"2026-08-03";1.24;"A";"Данные ЦМИ";"Cахар-песок";"Темп прироста к предыдущей неделе";"Неделя";"2";"%";"0"
"2026-08-10";1.54;"A";"Данные ЦМИ";"Cахар-песок";"Темп прироста к предыдущей неделе";"Неделя";"2";"%";"0"
"2026-08-17";0.53;"A";"Данные ЦМИ";"Cахар-песок";"Темп прироста к предыдущей неделе";"Неделя";"2";"%";"0"
"2026-08-24";1.56;"A";"Данные ЦМИ";"Cахар-песок";"Темп прироста к предыдущей неделе";"Неделя";"2";"%";"0"
"2026-08-31";0.91;"A";"Данные ЦМИ";"Cахар-песок";"Темп прироста к предыдущей неделе";"Неделя";"2";"%";"0"
"2026-09-07";0.63;"A";"Данные ЦМИ";"Cахар-песок";"Темп прироста к предыдущей неделе";"Неделя";"2";"%";"0"
"2026-09-14";-0.06;"A";"Данные ЦМИ";"Cахар-песок";"Темп прироста к предыдущей неделе";"Неделя";"2";"%";"0"
"2026-09-21";-1.09;"A";"Данные ЦМИ";"Cахар-песок";"Темп прироста к предыдущей неделе";"Неделя";"2";"%";"0"
"2026-09-28";-1.2;"A";"Данные ЦМИ";"Cахар-песок";"Темп прироста к предыдущей неделе";"Неделя";"2";"%";"0"
"2022-01-10";0.24;"A";"Данные ЦМИ";"Медиана";"Скользящее среднее за четыре недели";"Неделя";"2";"%";"0"
"2022-01-14";0.23;"A";"Данные ЦМИ";"Медиана";"Скользящее среднее за четыре недели";"Неделя";"2";"%";"0"
"2022-01-21";0.22;"A";"Данные ЦМИ";"Медиана";"Скользящее среднее за четыре недели";"Неделя";"2";"%";"0"
"2022-01-28";0.25;"A";"Данные ЦМИ";"Медиана";"Скользящее среднее за четыре недели";"Неделя";"2";"%";"0"
"2022-02-04";0.23;"A";"Данные ЦМИ";"Медиана";"Скользящее среднее за четыре недели";"Неделя";"2";"%";"0"
"2022-02-11";0.22;"A";"Данные ЦМИ";"Медиана";"Скользящее среднее за четыре недели";"Неделя";"2";"%";"0"
"2022-02-18";0.21;"A";"Данные ЦМИ";"Медиана";"Скользящее среднее за четыре недели";"Неделя";"2";"%";"0"
"2022-02-25";0.22;"A";"Данные ЦМИ";"Медиана";"Скользящее среднее за четыре недели";"Неделя";"2";"%";"0"
"2022-03-04";0.33;"A";"Данные ЦМИ";"Медиана";"Скользящее среднее за четыре недели";"Неделя";"2";"%";"0"
"2022-03-11";0.69;"A";"Данные ЦМИ";"Медиана";"Скользящее среднее за четыре недели";"Неделя";"2";"%";"0"
"2022-03-18";1.09;"A";"Данные ЦМИ";"Медиана";"Скользящее среднее за четыре недели";"Неделя";"2";"%";"0"
"2022-03-25";1.32;"A";"Данные ЦМИ";"Медиана";"Скользящее среднее за четыре недели";"Неделя";"2";"%";"0"
"2022-04-01";1.35;"A";"Данные ЦМИ";"Медиана";"Скользящее среднее за четыре недели";"Неделя";"2";"%";"0"
"2022-04-08";1.12;"A";"Данные ЦМИ";"Медиана";"Скользящее среднее за четыре недели";"Неделя";"2";"%";"0"
"2022-04-15";0.78;"A";"Данные ЦМИ";"Медиана";"Скользящее среднее за четыре недели";"Неделя";"2";"%";"0"
"2022-04-22";0.58;"A";"Данные ЦМИ";"Медиана";"Скользящее среднее за четыре недели";"Неделя";"2";"%";"0"
"2022-04-29";0.44;"A";"Данные ЦМИ";"Медиана";"Скользящее среднее за четыре недели";"Неделя";"2";"%";"0"
"2022-05-06";0.32;"A";"Данные ЦМИ";"Медиана";"Скользящее среднее за четыре недели";"Неделя";"2";"%";"0"
"2022-05-13";0.24;"A";"Данные ЦМИ";"Медиана";"Скользящее среднее за четыре недели";"Неделя";"2";"%";"0"
"2022-05-20";0.17;"A";"Данные ЦМИ";"Медиана";"Скользящее среднее за четыре недели";"Неделя";"2";"%";"0"
"2022-05-27";0.13;"A";"Данные ЦМИ";"Медиана";"Скользящее среднее за четыре недели";"Неделя";"2";"%";"0"
"2022-06-03";0.1;"A";"Данные ЦМИ";"Медиана";"Скользящее среднее за четыре недели";"Неделя";"2";"%";"0"
"2022-06-10";0.07;"A";"Данные ЦМИ";"Медиана";"Скользящее среднее за четыре недели";"Неделя";"2";"%";"0"
"2022-06-17";0.05;"A";"Данные ЦМИ";"Медиана";"Скользящее среднее за четыре недели";"Неделя";"2";"%";"0"
"2022-06-24";0.03;"A";"Данные ЦМИ";"Медиана";"Скользящее среднее за четыре недели";"Неделя";"2";"%";"0"
"2022-07-01";0.02;"A";"Данные ЦМИ";"Медиана";"Скользящее среднее за четыре недели";"Неделя";"2";"%";"0"
"2022-07-08";0.04;"A";"Данные ЦМИ";"Медиана";"Скользящее среднее за четыре недели";"Неделя";"2";"%";"0"
"2022-07-15";0.04;"A";"Данные ЦМИ";"Медиана";"Скользящее среднее за четыре недели";"Неделя";"2";"%";"0"
"2022-07-22";0.02;"A";"Данные ЦМИ";"Медиана";"Скользящее среднее за четыре недели";"Неделя";"2";"%";"0"
"2022-08-01";0.01;"A";"Данные ЦМИ";"Медиана";"Скользящее среднее за четыре недели";"Неделя";"2";"%";"0"
"2022-08-08";0;"A";"Данные ЦМИ";"Медиана";"Скользящее среднее за четыре недели";"Неделя";"2";"%";"0"
"2022-08-15";0;"A";"Данные ЦМИ";"Медиана";"Скользящее среднее за четыре недели";"Неделя";"2";"%";"0"
"2022-08-22";0;"A";"Данные ЦМИ";"Медиана";"Скользящее среднее за четыре недели";"Неделя";"2";"%";"0"
"2022-08-29";0.01;"A";"Данные ЦМИ";"Медиана";"Скользящее среднее за четыре недели";"Неделя";"2";"%";"0"
"2022-09-05";0;"A";"Данные ЦМИ";"Медиана";"Скользящее среднее за четыре недели";"Неделя";"2";"%";"0"
"2022-09-12";0;"A";"Данные ЦМИ";"Медиана";"Скользящее среднее за четыре недели";"Неделя";"2";"%";"0"
"2022-09-19";0;"A";"Данные ЦМИ";"Медиана";"Скользящее среднее за четыре недели";"Неделя";"2";"%";"0"
"2022-09-26";0.01;"A";"Данные ЦМИ";"Медиана";"Скользящее среднее за четыре недели";"Неделя";"2";"%";"0"
"2022-10-03";0.01;"A";"Данные ЦМИ";"Медиана";"Скользящее среднее за четыре недели";"Неделя";"2";"%";"0"
"2022-10-10";0.01;"A";"Данные ЦМИ";"Медиана";"Скользящее среднее за четыре недели";"Неделя";"2";"%";"0"
"2022-10-17";0.01;"A";"Данные ЦМИ";"Медиана";"Скользящее среднее за четыре недели";"Неделя";"2";"%";"0"
"2022-10-24";0;"A";"Данные ЦМИ";"Медиана";"Скользящее среднее за четыре недели";"Неделя";"2";"%";"0"
"2022-10-31";0;"A";"Данные ЦМИ";"Медиана";"Скользящее среднее за четыре недели";"Неделя";"2";"%";"0"
"2022-11-07";0;"A";"Данные ЦМИ";"Медиана";"Скользящее среднее за четыре недели";"Неделя";"2";"%";"0"
"2022-11-14";0;"A";"Данные ЦМИ";"Медиана";"Скользящее среднее за четыре недели";"Неделя";"2";"%";"0"
"2022-11-21";0.01;"A";"Данные ЦМИ";"Медиана";"Скользящее среднее за четыре недели";"Неделя";"2";"%";"0"
"2022-11-28";0.01;"A";"Данные ЦМИ";"Медиана";"Скользящее среднее за четыре недели";"Неделя";"2";"%";"0"
"2022-12-05";0.03;"A";"Данные ЦМИ";"Медиана";"Скользящее среднее за четыре недели";"Неделя";"2";"%";"0"
"2022-12-12";0.03;"A";"Данные ЦМИ";"Медиана";"Скользящее среднее за четыре недели";"Неделя";"2";"%";"0"
"2022-12-19";0.04;"A";"Данные ЦМИ";"Медиана";"Скользящее среднее за четыре недели";"Неделя";"2";"%";"0"
"2022-12-26";0.07;"A";"Данные ЦМИ";"Медиана";"Скользящее среднее за четыре недели";"Неделя";"2";"%";"0"
"2023-01-09";0.1;"A";"Данные ЦМИ";"Медиана";"Скользящее среднее за четыре недели";"Неделя";"2";"%";"0"
"2023-01-16";0.11;"A";"Данные ЦМИ";"Медиана";"Скользящее среднее за четыре недели";"Неделя";"2";"%";"0"
"2023-01-23";0.11;"A";"Данные ЦМИ";"Медиана";"Скользящее среднее за четыре недели";"Неделя";"2";"%";"0"
"2023-01-30";0.08;"A";"Данные ЦМИ";"Медиана";"Скользящее среднее за четыре недели";"Неделя";"2";"%";"0"
"2023-02-06";0.07;"A";"Данные ЦМИ";"Медиана";"Скользящее среднее за четыре недели";"Неделя";"2";"%";"0"
"2023-02-13";0.06;"A";"Данные ЦМИ";"Медиана";"Скользящее среднее за четыре недели";"Неделя";"2";"%";"0"
"2023-02-20";0.06;"A";"Данные ЦМИ";"Медиана";"Скользящее среднее за четыре недели";"Неделя";"2";"%";"0"
"2023-02-27";0.05;"A";"Данные ЦМИ";"Медиана";"Скользящее среднее за четыре недели";"Неделя";"2";"%";"0"
"2023-03-06";0.03;"A";"Данные ЦМИ";"Медиана";"Скользящее среднее за четыре недели";"Неделя";"2";"%";"0"
"2023-03-13";0.03;"A";"Данные ЦМИ";"Медиана";"Скользящее среднее за четыре недели";"Неделя";"2";"%";"0"
"2023-03-20";0.03;"A";"Данные ЦМИ";"Медиана";"Скользящее среднее за четыре недели";"Неделя";"2";"%";"0"
"2023-03-27";0.05;"A";"Данные ЦМИ";"Медиана";"Скользящее среднее за четыре недели";"Неделя";"2";"%";"0"
"2023-04-03";0.04;"A";"Данные ЦМИ";"Медиана";"Скользящее среднее за четыре недели";"Неделя";"2";"%";"0"
"2023-04-10";0.04;"A";"Данные ЦМИ";"Медиана";"Скользящее среднее за четыре недели";"Неделя";"2";"%";"0"
"2023-04-17";0.03;"A";"Данные ЦМИ";"Медиана";"Скользящее среднее за четыре недели";"Неделя";"2";"%";"0"
"2023-04-24";0.03;"A";"Данные ЦМИ";"Медиана";"Скользящее среднее за четыре недели";"Неделя";"2";"%";"0"
"2023-05-02";0.04;"A";"Данные ЦМИ";"Медиана";"Скользящее среднее за четыре недели";"Неделя";"2";"%";"0"
"2023-05-10";0.06;"A";"Данные ЦМИ";"Медиана";"Скользящее среднее за четыре недели";"Неделя";"2";"%";"0"
"2023-05-15";0.06;"A";"Данные ЦМИ";"Медиана";"Скользящее среднее за четыре недели";"Неделя";"2";"%";"0"
"2023-05-22";0.05;"A";"Данные ЦМИ";"Медиана";"Скользящее среднее за четыре недели";"Неделя";"2";"%";"0"
"2023-05-29";0.05;"A";"Данные ЦМИ";"Медиана";"Скользящее среднее за четыре недели";"Неделя";"2";"%";"0"
"2023-06-05";0.05;"A";"Данные ЦМИ";"Медиана";"Скользящее среднее за четыре недели";"Неделя";"2";"%";"0"
"2023-06-13";0.06;"A";"Данные ЦМИ";"Медиана";"Скользящее среднее за четыре недели";"Неделя";"2";"%";"0"
"2023-06-19";0.05;"A";"Данные ЦМИ";"Медиана";"Скользящее среднее за четыре недели";"Неделя";"2";"%";"0"
"2023-06-26";0.05;"A";"Данные ЦМИ";"Медиана";"Скользящее среднее за четыре недели";"Неделя";"2";"%";"0"
"2023-07-03";0.07;"A";"Данные ЦМИ";"Медиана";"Скользящее среднее за четыре недели";"Неделя";"2";"%";"0"
"2023-07-10";0.07;"A";"Данные ЦМИ";"Медиана";"Скользящее среднее за четыре недели";"Неделя";"2";"%";"0"
"2023-07-17";0.09;"A";"Данные ЦМИ";"Медиана";"Скользящее среднее за четыре недели";"Неделя";"2";"%";"0"
"2023-07-24";0.08;"A";"Данные ЦМИ";"Медиана";"Скользящее среднее за четыре недели";"Неделя";"2";"%";"0"
"2023-07-31";0.09;"A";"Данные ЦМИ";"Медиана";"Скользящее среднее за четыре недели";"Неделя";"2";"%";"0"
"2023-08-07";0.09;"A";"Данные ЦМИ";"Медиана";"Скользящее среднее за четыре недели";"Неделя";"2";"%";"0"
"2023-08-14";0.07;"A";"Данные ЦМИ";"Медиана";"Скользящее среднее за четыре недели";"Неделя";"2";"%";"0"
"2023-08-21";0.07;"A";"Данные ЦМИ";"Медиана";"Скользящее среднее за четыре недели";"Неделя";"2";"%";"0"
"2023-08-28";0.06;"A";"Данные ЦМИ";"Медиана";"Скользящее среднее за четыре недели";"Неделя";"2";"%";"0"
"2023-09-04";0.06;"A";"Данные ЦМИ";"Медиана";"Скользящее среднее за четыре недели";"Неделя";"2";"%";"0"
"2023-09-11";0.06;"A";"Данные ЦМИ";"Медиана";"Скользящее среднее за четыре недели";"Неделя";"2";"%";"0"
"2023-09-18";0.05;"A";"Данные ЦМИ";"Медиана";"Скользящее среднее за четыре недели";"Неделя";"2";"%";"0"
"2023-09-25";0.07;"A";"Данные ЦМИ";"Медиана";"Скользящее среднее за четыре недели";"Неделя";"2";"%";"0"
"2023-10-02";0.07;"A";"Данные ЦМИ";"Медиана";"Скользящее среднее за четыре недели";"Неделя";"2";"%";"0"
"2023-10-09";0.09;"A";"Данные ЦМИ";"Медиана";"Скользящее среднее за четыре недели";"Неделя";"2";"%";"0"
"2023-10-16";0.1;"A";"Данные ЦМИ";"Медиана";"Скользящее среднее за четыре недели";"Неделя";"2";"%";"0"
"2023-10-23";0.07;"A";"Данные ЦМИ";"Медиана";"Скользящее среднее за четыре недели";"Неделя";"2";"%";"0"
"2023-10-30";0.07;"A";"Данные ЦМИ";"Медиана";"Скользящее среднее за четыре недели";"Неделя";"2";"%";"0"
"2023-11-07";0.07;"A";"Данные ЦМИ";"Медиана";"Скользящее среднее за четыре недели";"Неделя";"2";"%";"0"
"2023-11-13";0.08;"A";"Данные ЦМИ";"Медиана";"Скользящее среднее за четыре недели";"Неделя";"2";"%";"0"
"2023-11-20";0.09;"A";"Данные ЦМИ";"Медиана";"Скользящее среднее за четыре недели";"Неделя";"2";"%";"0"
"2023-11-27";0.1;"A";"Данные ЦМИ";"Медиана";"Скользящее среднее за четыре недели";"Неделя";"2";"%";"0"
"2023-12-04";0.1;"A";"Данные ЦМИ";"Медиана";"Скользящее среднее за четыре недели";"Неделя";"2";"%";"0"
"2023-12-11";0.11;"A";"Данные ЦМИ";"Медиана";"Скользящее среднее за четыре недели";"Неделя";"2";"%";"0"
"2023-12-18";0.12;"A";"Данные ЦМИ";"Медиана";"Скользящее среднее за четыре недели";"Неделя";"2";"%";"0"
"2023-12-25";0.14;"A";"Данные ЦМИ";"Медиана";"Скользящее среднее за четыре недели";"Неделя";"2";"%";"0"
"2024-01-09";0.15;"A";"Данные ЦМИ";"Медиана";"Скользящее среднее за четыре недели";"Неделя";"2";"%";"0"
"2024-01-15";0.17;"A";"Данные ЦМИ";"Медиана";"Скользящее среднее за четыре недели";"Неделя";"2";"%";"0"
"2024-01-22";0.18;"A";"Данные ЦМИ";"Медиана";"Скользящее среднее за четыре недели";"Неделя";"2";"%";"0"
"2024-01-29";0.16;"A";"Данные ЦМИ";"Медиана";"Скользящее среднее за четыре недели";"Неделя";"2";"%";"0"
"2024-02-05";0.15;"A";"Данные ЦМИ";"Медиана";"Скользящее среднее за четыре недели";"Неделя";"2";"%";"0"
"2024-02-12";0.14;"A";"Данные ЦМИ";"Медиана";"Скользящее среднее за четыре недели";"Неделя";"2";"%";"0"
"2024-02-19";0.14;"A";"Данные ЦМИ";"Медиана";"Скользящее среднее за четыре недели";"Неделя";"2";"%";"0"
"2024-02-26";0.12;"A";"Данные ЦМИ";"Медиана";"Скользящее среднее за четыре недели";"Неделя";"2";"%";"0"
"2024-03-04";0.13;"A";"Данные ЦМИ";"Медиана";"Скользящее среднее за четыре недели";"Неделя";"2";"%";"0"
"2024-03-11";0.11;"A";"Данные ЦМИ";"Медиана";"Скользящее среднее за четыре недели";"Неделя";"2";"%";"0"
"2024-03-18";0.1;"A";"Данные ЦМИ";"Медиана";"Скользящее среднее за четыре недели";"Неделя";"2";"%";"0"
"2024-03-25";0.11;"A";"Данные ЦМИ";"Медиана";"Скользящее среднее за четыре недели";"Неделя";"2";"%";"0"
"2024-04-01";0.08;"A";"Данные ЦМИ";"Медиана";"Скользящее среднее за четыре недели";"Неделя";"2";"%";"0"
"2024-04-08";0.11;"A";"Данные ЦМИ";"Медиана";"Скользящее среднее за четыре недели";"Неделя";"2";"%";"0"
"2024-04-15";0.12;"A";"Данные ЦМИ";"Медиана";"Скользящее среднее за четыре недели";"Неделя";"2";"%";"0"
"2024-04-22";0.11;"A";"Данные ЦМИ";"Медиана";"Скользящее среднее за четыре недели";"Неделя";"2";"%";"0"
"2024-05-02";0.12;"A";"Данные ЦМИ";"Медиана";"Скользящее среднее за четыре недели";"Неделя";"2";"%";"0"
"2024-05-06";0.09;"A";"Данные ЦМИ";"Медиана";"Скользящее среднее за четыре недели";"Неделя";"2";"%";"0"
"2024-05-13";0.09;"A";"Данные ЦМИ";"Медиана";"Скользящее среднее за четыре недели";"Неделя";"2";"%";"0"
"2024-05-20";0.1;"A";"Данные ЦМИ";"Медиана";"Скользящее среднее за четыре недели";"Неделя";"2";"%";"0"
"2024-05-27";0.1;"A";"Данные ЦМИ";"Медиана";"Скользящее среднее за четыре недели";"Неделя";"2";"%";"0"
"2024-06-03";0.12;"A";"Данные ЦМИ";"Медиана";"Скользящее среднее за четыре недели";"Неделя";"2";"%";"0"
"2024-06-10";0.1;"A";"Данные ЦМИ";"Медиана";"Скользящее среднее за четыре недели";"Неделя";"2";"%";"0"
"2024-06-17";0.09;"A";"Данные ЦМИ";"Медиана";"Скользящее среднее за четыре недели";"Неделя";"2";"%";"0"
"2024-06-24";0.1;"A";"Данные ЦМИ";"Медиана";"Скользящее среднее за четыре недели";"Неделя";"2";"%";"0"
"2024-07-01";0.09;"A";"Данные ЦМИ";"Медиана";"Скользящее среднее за четыре недели";"Неделя";"2";"%";"0"
"2024-07-08";0.11;"A";"Данные ЦМИ";"Медиана";"Скользящее среднее за четыре недели";"Неделя";"2";"%";"0"
"2024-07-15";0.11;"A";"Данные ЦМИ";"Медиана";"Скользящее среднее за четыре недели";"Неделя";"2";"%";"0"
"2024-07-22";0.09;"A";"Данные ЦМИ";"Медиана";"Скользящее среднее за четыре недели";"Неделя";"2";"%";"0"
"2024-07-29";0.09;"A";"Данные ЦМИ";"Медиана";"Скользящее среднее за четыре недели";"Неделя";"2";"%";"0"
"2024-08-05";0.08;"A";"Данные ЦМИ";"Медиана";"Скользящее среднее за четыре недели";"Неделя";"2";"%";"0"
"2024-08-12";0.08;"A";"Данные ЦМИ";"Медиана";"Скользящее среднее за четыре недели";"Неделя";"2";"%";"0"
"2024-08-19";0.08;"A";"Данные ЦМИ";"Медиана";"Скользящее среднее за четыре недели";"Неделя";"2";"%";"0"
"2024-08-26";0.09;"A";"Данные ЦМИ";"Медиана";"Скользящее среднее за четыре недели";"Неделя";"2";"%";"0"
"2024-09-02";0.07;"A";"Данные ЦМИ";"Медиана";"Скользящее среднее за четыре недели";"Неделя";"2";"%";"0"
"2024-09-09";0.06;"A";"Данные ЦМИ";"Медиана";"Скользящее среднее за четыре недели";"Неделя";"2";"%";"0"
"2024-09-16";0.07;"A";"Данные ЦМИ";"Медиана";"Скользящее среднее за четыре недели";"Неделя";"2";"%";"0"
"2024-09-23";0.06;"A";"Данные ЦМИ";"Медиана";"Скользящее среднее за четыре недели";"Неделя";"2";"%";"0"
"2024-09-30";0.07;"A";"Данные ЦМИ";"Медиана";"Скользящее среднее за четыре недели";"Неделя";"2";"%";"0"
"2024-10-07";0.09;"A";"Данные ЦМИ";"Медиана";"Скользящее среднее за четыре недели";"Неделя";"2";"%";"0"
"2024-10-14";0.09;"A";"Данные ЦМИ";"Медиана";"Скользящее среднее за четыре недели";"Неделя";"2";"%";"0"
"2024-10-21";0.1;"A";"Данные ЦМИ";"Медиана";"Скользящее среднее за четыре недели";"Неделя";"2";"%";"0"
"2024-10-28";0.14;"A";"Данные ЦМИ";"Медиана";"Скользящее среднее за четыре недели";"Неделя";"2";"%";"0"
"2024-11-05";0.15;"A";"Данные ЦМИ";"Медиана";"Скользящее среднее за четыре недели";"Неделя";"2";"%";"0"
"2024-11-11";0.16;"A";"Данные ЦМИ";"Медиана";"Скользящее среднее за четыре недели";"Неделя";"2";"%";"0"
"2024-11-18";0.16;"A";"Данные ЦМИ";"Медиана";"Скользящее среднее за четыре недели";"Неделя";"2";"%";"0"
"2024-11-25";0.14;"A";"Данные ЦМИ";"Медиана";"Скользящее среднее за четыре недели";"Неделя";"2";"%";"0"
"2024-12-02";0.17;"A";"Данные ЦМИ";"Медиана";"Скользящее среднее за четыре недели";"Неделя";"2";"%";"0"
"2024-12-09";0.19;"A";"Данные ЦМИ";"Медиана";"Скользящее среднее за четыре недели";"Неделя";"2";"%";"0"
"2024-12-16";0.22;"A";"Данные ЦМИ";"Медиана";"Скользящее среднее за четыре недели";"Неделя";"2";"%";"0"
"2024-12-23";0.26;"A";"Данные ЦМИ";"Медиана";"Скользящее среднее за четыре недели";"Неделя";"2";"%";"0"
"2025-01-09";0.29;"A";"Данные ЦМИ";"Медиана";"Скользящее среднее за четыре недели";"Неделя";"2";"%";"0"
"2025-01-13";0.26;"A";"Данные ЦМИ";"Медиана";"Скользящее среднее за четыре недели";"Неделя";"2";"%";"0"
"2025-01-20";0.23;"A";"Данные ЦМИ";"Медиана";"Скользящее среднее за четыре недели";"Неделя";"2";"%";"0"
"2025-01-27";0.2;"A";"Данные ЦМИ";"Медиана";"Скользящее среднее за четыре недели";"Неделя";"2";"%";"0"
"2025-02-03";0.14;"A";"Данные ЦМИ";"Медиана";"Скользящее среднее за четыре недели";"Неделя";"2";"%";"0"
"2025-02-10";0.16;"A";"Данные ЦМИ";"Медиана";"Скользящее среднее за четыре недели";"Неделя";"2";"%";"0"
"2025-02-17";0.16;"A";"Данные ЦМИ";"Медиана";"Скользящее среднее за четыре недели";"Неделя";"2";"%";"0"
"2025-02-24";0.16;"A";"Данные ЦМИ";"Медиана";"Скользящее среднее за четыре недели";"Неделя";"2";"%";"0"
"2025-03-03";0.17;"A";"Данные ЦМИ";"Медиана";"Скользящее среднее за четыре недели";"Неделя";"2";"%";"0"
"2025-03-10";0.16;"A";"Данные ЦМИ";"Медиана";"Скользящее среднее за четыре недели";"Неделя";"2";"%";"0"
"2025-03-17";0.14;"A";"Данные ЦМИ";"Медиана";"Скользящее среднее за четыре недели";"Неделя";"2";"%";"0"
"2025-03-24";0.13;"A";"Данные ЦМИ";"Медиана";"Скользящее среднее за четыре недели";"Неделя";"2";"%";"0"
"2025-03-31";0.12;"A";"Данные ЦМИ";"Медиана";"Скользящее среднее за четыре недели";"Неделя";"2";"%";"0"
"2025-04-07";0.12;"A";"Данные ЦМИ";"Медиана";"Скользящее среднее за четыре недели";"Неделя";"2";"%";"0"
"2025-04-14";0.12;"A";"Данные ЦМИ";"Медиана";"Скользящее среднее за четыре недели";"Неделя";"2";"%";"0"
"2025-04-21";0.11;"A";"Данные ЦМИ";"Медиана";"Скользящее среднее за четыре недели";"Неделя";"2";"%";"0"
"2025-04-28";0.11;"A";"Данные ЦМИ";"Медиана";"Скользящее среднее за четыре недели";"Неделя";"2";"%";"0"
"2025-05-05";0.09;"A";"Данные ЦМИ";"Медиана";"Скользящее среднее за четыре недели";"Неделя";"2";"%";"0"
"2025-05-12";0.07;"A";"Данные ЦМИ";"Медиана";"Скользящее среднее за четыре недели";"Неделя";"2";"%";"0"
"2025-05-19";0.09;"A";"Данные ЦМИ";"Медиана";"Скользящее среднее за четыре недели";"Неделя";"2";"%";"0"
"2025-05-26";0.06;"A";"Данные ЦМИ";"Медиана";"Скользящее среднее за четыре недели";"Неделя";"2";"%";"0"
"2025-06-02";0.06;"A";"Данные ЦМИ";"Медиана";"Скользящее среднее за четыре недели";"Неделя";"2";"%";"0"
"2025-06-09";0.05;"A";"Данные ЦМИ";"Медиана";"Скользящее среднее за четыре недели";"Неделя";"2";"%";"0"
"2025-06-16";0.04;"A";"Данные ЦМИ";"Медиана";"Скользящее среднее за четыре недели";"Неделя";"2";"%";"0"
"2025-06-23";0.04;"A";"Данные ЦМИ";"Медиана";"Скользящее среднее за четыре недели";"Неделя";"2";"%";"0"
"2025-06-30";0.05;"A";"Данные ЦМИ";"Медиана";"Скользящее среднее за четыре недели";"Неделя";"2";"%";"0"
"2025-07-07";0.07;"A";"Данные ЦМИ";"Медиана";"Скользящее среднее за четыре недели";"Неделя";"2";"%";"0"
"2025-07-14";0.06;"A";"Данные ЦМИ";"Медиана";"Скользящее среднее за четыре недели";"Неделя";"2";"%";"0"
"2025-07-21";0.05;"A";"Данные ЦМИ";"Медиана";"Скользящее среднее за четыре недели";"Неделя";"2";"%";"0"
"2025-07-28";0.04;"A";"Данные ЦМИ";"Медиана";"Скользящее среднее за четыре недели";"Неделя";"2";"%";"0"
"2025-08-04";0.01;"A";"Данные ЦМИ";"Медиана";"Скользящее среднее за четыре недели";"Неделя";"2";"%";"0"
"2025-08-11";0.01;"A";"Данные ЦМИ";"Медиана";"Скользящее среднее за четыре недели";"Неделя";"2";"%";"0"
"2025-08-18";0.01;"A";"Данные ЦМИ";"Медиана";"Скользящее среднее за четыре недели";"Неделя";"2";"%";"0"
"2025-08-25";0.02;"A";"Данные ЦМИ";"Медиана";"Скользящее среднее за четыре недели";"Неделя";"2";"%";"0"
"2025-09-01";0.03;"A";"Данные ЦМИ";"Медиана";"Скользящее среднее за четыре недели";"Неделя";"2";"%";"0"
"2025-09-08";0.05;"A";"Данные ЦМИ";"Медиана";"Скользящее среднее за четыре недели";"Неделя";"2";"%";"0"
"2025-09-15";0.04;"A";"Данные ЦМИ";"Медиана";"Скользящее среднее за четыре недели";"Неделя";"2";"%";"0"
"2025-09-22";0.04;"A";"Данные ЦМИ";"Медиана";"Скользящее среднее за четыре недели";"Неделя";"2";"%";"0"
"2025-09-29";0.07;"A";"Данные ЦМИ";"Медиана";"Скользящее среднее за четыре недели";"Неделя";"2";"%";"0"
"2025-10-06";0.07;"A";"Данные ЦМИ";"Медиана";"Скользящее среднее за четыре недели";"Неделя";"2";"%";"0"
"2025-10-13";0.11;"A";"Данные ЦМИ";"Медиана";"Скользящее среднее за четыре недели";"Неделя";"2";"%";"0"
"2025-10-20";0.11;"A";"Данные ЦМИ";"Медиана";"Скользящее среднее за четыре недели";"Неделя";"2";"%";"0"
"2025-10-27";0.13;"A";"Данные ЦМИ";"Медиана";"Скользящее среднее за четыре недели";"Неделя";"2";"%";"0"
"2025-11-05";0.12;"A";"Данные ЦМИ";"Медиана";"Скользящее среднее за четыре недели";"Неделя";"2";"%";"0"
"2025-11-10";0.1;"A";"Данные ЦМИ";"Медиана";"Скользящее среднее за четыре недели";"Неделя";"2";"%";"0"
"2025-11-17";0.11;"A";"Данные ЦМИ";"Медиана";"Скользящее среднее за четыре недели";"Неделя";"2";"%";"0"
"2025-11-24";0.1;"A";"Данные ЦМИ";"Медиана";"Скользящее среднее за четыре недели";"Неделя";"2";"%";"0"
"2025-12-01";0.09;"A";"Данные ЦМИ";"Медиана";"Скользящее среднее за четыре недели";"Неделя";"2";"%";"0"
"2025-12-08";0.1;"A";"Данные ЦМИ";"Медиана";"Скользящее среднее за четыре недели";"Неделя";"2";"%";"0"
"2025-12-15";0.09;"A";"Данные ЦМИ";"Медиана";"Скользящее среднее за четыре недели";"Неделя";"2";"%";"0"
"2025-12-22";0.09;"A";"Данные ЦМИ";"Медиана";"Скользящее среднее за четыре недели";"Неделя";"2";"%";"0"
"2026-01-12";0.21;"A";"Данные ЦМИ";"Медиана";"Скользящее среднее за четыре недели";"Неделя";"2";"%";"0"
"2026-01-19";0.24;"A";"Данные ЦМИ";"Медиана";"Скользящее среднее за четыре недели";"Неделя";"2";"%";"0"
"2026-01-26";0.26;"A";"Данные ЦМИ";"Медиана";"Скользящее среднее за четыре недели";"Неделя";"2";"%";"0"
"2026-02-02";0.25;"A";"Данные ЦМИ";"Медиана";"Скользящее среднее за четыре недели";"Неделя";"2";"%";"0"
"2026-02-09";0.14;"A";"Данные ЦМИ";"Медиана";"Скользящее среднее за четыре недели";"Неделя";"2";"%";"0"
"2026-02-16";0.11;"A";"Данные ЦМИ";"Медиана";"Скользящее среднее за четыре недели";"Неделя";"2";"%";"0"
"2026-02-24";0.11;"A";"Данные ЦМИ";"Медиана";"Скользящее среднее за четыре недели";"Неделя";"2";"%";"0"
"2026-03-02";0.1;"A";"Данные ЦМИ";"Медиана";"Скользящее среднее за четыре недели";"Неделя";"2";"%";"0"
"2026-03-10";0.1;"A";"Данные ЦМИ";"Медиана";"Скользящее среднее за четыре недели";"Неделя";"2";"%";"0"
"2026-03-16";0.1;"A";"Данные ЦМИ";"Медиана";"Скользящее среднее за четыре недели";"Неделя";"2";"%";"0"
"2026-03-23";0.12;"A";"Данные ЦМИ";"Медиана";"Скользящее среднее за четыре недели";"Неделя";"2";"%";"0"
"2026-03-30";0.13;"A";"Данные ЦМИ";"Медиана";"Скользящее среднее за четыре недели";"Неделя";"2";"%";"0"
"2026-04-06";0.15;"A";"Данные ЦМИ";"Медиана";"Скользящее среднее за четыре недели";"Неделя";"2";"%";"0"
"2026-04-13";0.15;"A";"Данные ЦМИ";"Медиана";"Скользящее среднее за четыре недели";"Неделя";"2";"%";"0"
"2026-04-20";0.11;"A";"Данные ЦМИ";"Медиана";"Скользящее среднее за четыре недели";"Неделя";"2";"%";"0"
"2026-04-27";0.09;"A";"Данные ЦМИ";"Медиана";"Скользящее среднее за четыре недели";"Неделя";"2";"%";"0"
"2026-05-04";0.07;"A";"Данные ЦМИ";"Медиана";"Скользящее среднее за четыре недели";"Неделя";"2";"%";"0"
"2026-05-12";0.06;"A";"Данные ЦМИ";"Медиана";"Скользящее среднее за четыре недели";"Неделя";"2";"%";"0"
"2026-05-18";0.06;"A";"Данные ЦМИ";"Медиана";"Скользящее среднее за четыре недели";"Неделя";"2";"%";"0"
"2026-05-25";0.05;"A";"Данные ЦМИ";"Медиана";"Скользящее среднее за четыре недели";"Неделя";"2";"%";"0"
"2026-06-01";0.03;"A";"Данные ЦМИ";"Медиана";"Скользящее среднее за четыре недели";"Неделя";"2";"%";"0"
"2026-06-08";0.03;"A";"Данные ЦМИ";"Медиана";"Скользящее среднее за четыре недели";"Неделя";"2";"%";"0"
"2026-06-15";0.03;"A";"Данные ЦМИ";"Медиана";"Скользящее среднее за четыре недели";"Неделя";"2";"%";"0"
"2026-06-22";0.03;"A";"Данные ЦМИ";"Медиана";"Скользящее среднее за четыре недели";"Неделя";"2";"%";"0"
"2026-06-29";0.05;"A";"Данные ЦМИ";"Медиана";"Скользящее среднее за четыре недели";"Неделя";"2";"%";"0"
"2026-07-06";0.05;"A";"Данные ЦМИ";"Медиана";"Скользящее среднее за четыре недели";"Неделя";"2";"%";"0"
"2026-07-13";0.06;"A";"Данные ЦМИ";"Медиана";"Скользящее среднее за четыре недели";"Неделя";"2";"%";"0"
"2026-07-20";0.08;"A";"Данные ЦМИ";"Медиана";"Скользящее среднее за четыре недели";"Неделя";"2";"%";"0"
"2026-07-27";0.08;"A";"Данные ЦМИ";"Медиана";"Скользящее среднее за четыре недели";"Неделя";"2";"%";"0"
"2026-08-03";0.06;"A";"Данные ЦМИ";"Медиана";"Скользящее среднее за четыре недели";"Неделя";"2";"%";"0"
"2026-08-10";0.06;"A";"Данные ЦМИ";"Медиана";"Скользящее среднее за четыре недели";"Неделя";"2";"%";"0"
"2026-08-17";0.06;"A";"Данные ЦМИ";"Медиана";"Скользящее среднее за четыре недели";"Неделя";"2";"%";"0"
"2026-08-24";0.05;"A";"Данные ЦМИ";"Медиана";"Скользящее среднее за четыре недели";"Неделя";"2";"%";"0"
"2026-08-31";0.05;"A";"Данные ЦМИ";"Медиана";"Скользящее среднее за четыре недели";"Неделя";"2";"%";"0"
"2026-09-07";0.06;"A";"Данные ЦМИ";"Медиана";"Скользящее среднее за четыре недели";"Неделя";"2";"%";"0"
"2026-09-14";0.05;"A";"Данные ЦМИ";"Медиана";"Скользящее среднее за четыре недели";"Неделя";"2";"%";"0"
"2026-09-21";0.05;"A";"Данные ЦМИ";"Медиана";"Скользящее среднее за четыре недели";"Неделя";"2";"%";"0"
"2026-09-28";0.07;"A";"Данные ЦМИ";"Медиана";"Скользящее среднее за четыре недели";"Неделя";"2";"%";"0"
"2022-01-10";1.46;"A";"Данные ЦМИ";"Легковые автомобили";"Темп прироста к предыдущей неделе";"Неделя";"2";"%";"0"
"2022-01-14";0.16;"A";"Данные ЦМИ";"Легковые автомобили";"Темп прироста к предыдущей неделе";"Неделя";"2";"%";"0"
"2022-01-21";0.45;"A";"Данные ЦМИ";"Легковые автомобили";"Темп прироста к предыдущей неделе";"Неделя";"2";"%";"0"
"2022-01-28";0.14;"A";"Данные ЦМИ";"Легковые автомобили";"Темп прироста к предыдущей неделе";"Неделя";"2";"%";"0"
"2022-02-04";0.69;"A";"Данные ЦМИ";"Легковые автомобили";"Темп прироста к предыдущей неделе";"Неделя";"2";"%";"0"
"2022-02-11";0.35;"A";"Данные ЦМИ";"Легковые автомобили";"Темп прироста к предыдущей неделе";"Неделя";"2";"%";"0"
"2022-02-18";0.2;"A";"Данные ЦМИ";"Легковые автомобили";"Темп прироста к предыдущей неделе";"Неделя";"2";"%";"0"
"2022-02-25";0.13;"A";"Данные ЦМИ";"Легковые автомобили";"Темп прироста к предыдущей неделе";"Неделя";"2";"%";"0"
"2022-03-04";15.42;"A";"Данные ЦМИ";"Легковые автомобили";"Темп прироста к предыдущей неделе";"Неделя";"2";"%";"0"
"2022-03-11";6.07;"A";"Данные ЦМИ";"Легковые автомобили";"Темп прироста к предыдущей неделе";"Неделя";"2";"%";"0"
"2022-03-18";3.65;"A";"Данные ЦМИ";"Легковые автомобили";"Темп прироста к предыдущей неделе";"Неделя";"2";"%";"0"
"2022-03-25";3.47;"A";"Данные ЦМИ";"Легковые автомобили";"Темп прироста к предыдущей неделе";"Неделя";"2";"%";"0"
"2022-04-01";1.25;"A";"Данные ЦМИ";"Легковые автомобили";"Темп прироста к предыдущей неделе";"Неделя";"2";"%";"0"
"2022-04-08";2;"A";"Данные ЦМИ";"Легковые автомобили";"Темп прироста к предыдущей неделе";"Неделя";"2";"%";"0"
"2022-04-15";0.07;"A";"Данные ЦМИ";"Легковые автомобили";"Темп прироста к предыдущей неделе";"Неделя";"2";"%";"0"
"2022-04-22";0.42;"A";"Данные ЦМИ";"Легковые автомобили";"Темп прироста к предыдущей неделе";"Неделя";"2";"%";"0"
"2022-04-29";0.09;"A";"Данные ЦМИ";"Легковые автомобили";"Темп прироста к предыдущей неделе";"Неделя";"2";"%";"0"
"2022-05-06";0.14;"A";"Данные ЦМИ";"Легковые автомобили";"Темп прироста к предыдущей неделе";"Неделя";"2";"%";"0"
"2022-05-13";0;"A";"Данные ЦМИ";"Легковые автомобили";"Темп прироста к предыдущей неделе";"Неделя";"2";"%";"0"
"2022-05-20";0.28;"A";"Данные ЦМИ";"Легковые автомобили";"Темп прироста к предыдущей неделе";"Неделя";"2";"%";"0"
"2022-05-27";-0.05;"A";"Данные ЦМИ";"Легковые автомобили";"Темп прироста к предыдущей неделе";"Неделя";"2";"%";"0"
"2022-06-03";0.03;"A";"Данные ЦМИ";"Легковые автомобили";"Темп прироста к предыдущей неделе";"Неделя";"2";"%";"0"
"2022-06-10";0.03;"A";"Данные ЦМИ";"Легковые автомобили";"Темп прироста к предыдущей неделе";"Неделя";"2";"%";"0"
"2022-06-17";-0.03;"A";"Данные ЦМИ";"Легковые автомобили";"Темп прироста к предыдущей неделе";"Неделя";"2";"%";"0"
"2022-06-24";0;"A";"Данные ЦМИ";"Легковые автомобили";"Темп прироста к предыдущей неделе";"Неделя";"2";"%";"0"
"2022-07-01";0.03;"A";"Данные ЦМИ";"Легковые автомобили";"Темп прироста к предыдущей неделе";"Неделя";"2";"%";"0"
"2022-07-08";-0.05;"A";"Данные ЦМИ";"Легковые автомобили";"Темп прироста к предыдущей неделе";"Неделя";"2";"%";"0"
"2022-07-15";0.05;"A";"Данные ЦМИ";"Легковые автомобили";"Темп прироста к предыдущей неделе";"Неделя";"2";"%";"0"
"2022-07-22";-0.02;"A";"Данные ЦМИ";"Легковые автомобили";"Темп прироста к предыдущей неделе";"Неделя";"2";"%";"0"
"2022-08-01";0.05;"A";"Данные ЦМИ";"Легковые автомобили";"Темп прироста к предыдущей неделе";"Неделя";"2";"%";"0"
"2022-08-08";0.05;"A";"Данные ЦМИ";"Легковые автомобили";"Темп прироста к предыдущей неделе";"Неделя";"2";"%";"0"
"2022-08-15";0.02;"A";"Данные ЦМИ";"Легковые автомобили";"Темп прироста к предыдущей неделе";"Неделя";"2";"%";"0"
"2022-08-22";0;"A";"Данные ЦМИ";"Легковые автомобили";"Темп прироста к предыдущей неделе";"Неделя";"2";"%";"0"
"2022-08-29";0.08;"A";"Данные ЦМИ";"Легковые автомобили";"Темп прироста к предыдущей неделе";"Неделя";"2";"%";"0"
"2022-09-05";0;"A";"Данные ЦМИ";"Легковые автомобили";"Темп прироста к предыдущей неделе";"Неделя";"2";"%";"0"
"2022-09-12";0.01;"A";"Данные ЦМИ";"Легковые автомобили";"Темп прироста к предыдущей неделе";"Неделя";"2";"%";"0"
"2022-09-19";0;"A";"Данные ЦМИ";"Легковые автомобили";"Темп прироста к предыдущей неделе";"Неделя";"2";"%";"0"
"2022-09-26";0.05;"A";"Данные ЦМИ";"Легковые автомобили";"Темп прироста к предыдущей неделе";"Неделя";"2";"%";"0"
"2022-10-03";0.02;"A";"Данные ЦМИ";"Легковые автомобили";"Темп прироста к предыдущей неделе";"Неделя";"2";"%";"0"
"2022-10-10";0.04;"A";"Данные ЦМИ";"Легковые автомобили";"Темп прироста к предыдущей неделе";"Неделя";"2";"%";"0"
"2022-10-17";-0.04;"A";"Данные ЦМИ";"Легковые автомобили";"Темп прироста к предыдущей неделе";"Неделя";"2";"%";"0"
"2022-10-24";0;"A";"Данные ЦМИ";"Легковые автомобили";"Темп прироста к предыдущей неделе";"Неделя";"2";"%";"0"
"2022-10-31";0.01;"A";"Данные ЦМИ";"Легковые автомобили";"Темп прироста к предыдущей неделе";"Неделя";"2";"%";"0"
"2022-11-07";-0.01;"A";"Данные ЦМИ";"Легковые автомобили";"Темп прироста к предыдущей неделе";"Неделя";"2";"%";"0"
"2022-11-14";0.03;"A";"Данные ЦМИ";"Легковые автомобили";"Темп прироста к предыдущей неделе";"Неделя";"2";"%";"0"
"2022-11-21";0.01;"A";"Данные ЦМИ";"Легковые автомобили";"Темп прироста к предыдущей неделе";"Неделя";"2";"%";"0"
"2022-11-28";-0.01;"A";"Данные ЦМИ";"Легковые автомобили";"Темп прироста к предыдущей неделе";"Неделя";"2";"%";"0"
"2022-12-05";-0.03;"A";"Данные ЦМИ";"Легковые автомобили";"Темп прироста к предыдущей неделе";"Неделя";"2";"%";"0"
"2022-12-12";0;"A";"Данные ЦМИ";"Легковые автомобили";"Темп прироста к предыдущей неделе";"Неделя";"2";"%";"0"
"2022-12-19";0;"A";"Данные ЦМИ";"Легковые автомобили";"Темп прироста к предыдущей неделе";"Неделя";"2";"%";"0"
"2022-12-26";0;"A";"Данные ЦМИ";"Легковые автомобили";"Темп прироста к предыдущей неделе";"Неделя";"2";"%";"0"
"2023-01-09";-0.12;"A";"Данные ЦМИ";"Легковые автомобили";"Темп прироста к предыдущей неделе";"Неделя";"2";"%";"0"
"2023-01-16";-0.14;"A";"Данные ЦМИ";"Легковые автомобили";"Темп прироста к предыдущей неделе";"Неделя";"2";"%";"0"
"2023-01-23";0.06;"A";"Данные ЦМИ";"Легковые автомобили";"Темп прироста к предыдущей неделе";"Неделя";"2";"%";"0"
"2023-01-30";0.02;"A";"Данные ЦМИ";"Легковые автомобили";"Темп прироста к предыдущей неделе";"Неделя";"2";"%";"0"
"2023-02-06";0.09;"A";"Данные ЦМИ";"Легковые автомобили";"Темп прироста к предыдущей неделе";"Неделя";"2";"%";"0"
"2023-02-13";0;"A";"Данные ЦМИ";"Легковые автомобили";"Темп прироста к предыдущей неделе";"Неделя";"2";"%";"0"
"2023-02-20";-0.11;"A";"Данные ЦМИ";"Легковые автомобили";"Темп прироста к предыдущей неделе";"Неделя";"2";"%";"0"
"2023-02-27";0;"A";"Данные ЦМИ";"Легковые автомобили";"Темп прироста к предыдущей неделе";"Неделя";"2";"%";"0"
"2023-03-06";0.39;"A";"Данные ЦМИ";"Легковые автомобили";"Темп прироста к предыдущей неделе";"Неделя";"2";"%";"0"
"2023-03-13";-0.04;"A";"Данные ЦМИ";"Легковые автомобили";"Темп прироста к предыдущей неделе";"Неделя";"2";"%";"0"
"2023-03-20";0;"A";"Данные ЦМИ";"Легковые автомобили";"Темп прироста к предыдущей неделе";"Неделя";"2";"%";"0"
"2023-03-27";0.01;"A";"Данные ЦМИ";"Легковые автомобили";"Темп прироста к предыдущей неделе";"Неделя";"2";"%";"0"
"2023-04-03";0.07;"A";"Данные ЦМИ";"Легковые автомобили";"Темп прироста к предыдущей неделе";"Неделя";"2";"%";"0"
"2023-04-10";0.04;"A";"Данные ЦМИ";"Легковые автомобили";"Темп прироста к предыдущей неделе";"Неделя";"2";"%";"0"
"2023-04-17";0.1;"A";"Данные ЦМИ";"Легковые автомобили";"Темп прироста к предыдущей неделе";"Неделя";"2";"%";"0"
"2023-04-24";0.15;"A";"Данные ЦМИ";"Легковые автомобили";"Темп прироста к предыдущей неделе";"Неделя";"2";"%";"0"
"2023-05-02";0.72;"A";"Данные ЦМИ";"Легковые автомобили";"Темп прироста к предыдущей неделе";"Неделя";"2";"%";"0"
"2023-05-10";0.04;"A";"Данные ЦМИ";"Легковые автомобили";"Темп прироста к предыдущей неделе";"Неделя";"2";"%";"0"
"2023-05-15";0.01;"A";"Данные ЦМИ";"Легковые автомобили";"Темп прироста к предыдущей неделе";"Неделя";"2";"%";"0"
"2023-05-22";0.07;"A";"Данные ЦМИ";"Легковые автомобили";"Темп прироста к предыдущей неделе";"Неделя";"2";"%";"0"
"2023-05-29";0.07;"A";"Данные ЦМИ";"Легковые автомобили";"Темп прироста к предыдущей неделе";"Неделя";"2";"%";"0"
"2023-06-05";0.83;"A";"Данные ЦМИ";"Легковые автомобили";"Темп прироста к предыдущей неделе";"Неделя";"2";"%";"0"
"2023-06-13";0.24;"A";"Данные ЦМИ";"Легковые автомобили";"Темп прироста к предыдущей неделе";"Неделя";"2";"%";"0"
"2023-06-19";0.1;"A";"Данные ЦМИ";"Легковые автомобили";"Темп прироста к предыдущей неделе";"Неделя";"2";"%";"0"
"2023-06-26";0.1;"A";"Данные ЦМИ";"Легковые автомобили";"Темп прироста к предыдущей неделе";"Неделя";"2";"%";"0"
"2023-07-03";0.05;"A";"Данные ЦМИ";"Легковые автомобили";"Темп прироста к предыдущей неделе";"Неделя";"2";"%";"0"
"2023-07-10";0.06;"A";"Данные ЦМИ";"Легковые автомобили";"Темп прироста к предыдущей неделе";"Неделя";"2";"%";"0"
"2023-07-17";0.26;"A";"Данные ЦМИ";"Легковые автомобили";"Темп прироста к предыдущей неделе";"Неделя";"2";"%";"0"
"2023-07-24";0.55;"A";"Данные ЦМИ";"Легковые автомобили";"Темп прироста к предыдущей неделе";"Неделя";"2";"%";"0"
"2023-07-31";0.62;"A";"Данные ЦМИ";"Легковые автомобили";"Темп прироста к предыдущей неделе";"Неделя";"2";"%";"0"
"2023-08-07";0.13;"A";"Данные ЦМИ";"Легковые автомобили";"Темп прироста к предыдущей неделе";"Неделя";"2";"%";"0"
"2023-08-14";0.25;"A";"Данные ЦМИ";"Легковые автомобили";"Темп прироста к предыдущей неделе";"Неделя";"2";"%";"0"
"2023-08-21";0.42;"A";"Данные ЦМИ";"Легковые автомобили";"Темп прироста к предыдущей неделе";"Неделя";"2";"%";"0"
"2023-08-28";0.12;"A";"Данные ЦМИ";"Легковые автомобили";"Темп прироста к предыдущей неделе";"Неделя";"2";"%";"0"
"2023-09-04";0.68;"A";"Данные ЦМИ";"Легковые автомобили";"Темп прироста к предыдущей неделе";"Неделя";"2";"%";"0"
"2023-09-11";0.26;"A";"Данные ЦМИ";"Легковые автомобили";"Темп прироста к предыдущей неделе";"Неделя";"2";"%";"0"
"2023-09-18";0.03;"A";"Данные ЦМИ";"Легковые автомобили";"Темп прироста к предыдущей неделе";"Неделя";"2";"%";"0"
"2023-09-25";0.06;"A";"Данные ЦМИ";"Легковые автомобили";"Темп прироста к предыдущей неделе";"Неделя";"2";"%";"0"
"2023-10-02";0.07;"A";"Данные ЦМИ";"Легковые автомобили";"Темп прироста к предыдущей неделе";"Неделя";"2";"%";"0"
"2023-10-09";0.51;"A";"Данные ЦМИ";"Легковые автомобили";"Темп прироста к предыдущей неделе";"Неделя";"2";"%";"0"
"2023-10-16";0.08;"A";"Данные ЦМИ";"Легковые автомобили";"Темп прироста к предыдущей неделе";"Неделя";"2";"%";"0"
"2023-10-23";0.07;"A";"Данные ЦМИ";"Легковые автомобили";"Темп прироста к предыдущей неделе";"Неделя";"2";"%";"0"
"2023-10-30";0.06;"A";"Данные ЦМИ";"Легковые автомобили";"Темп прироста к предыдущей неделе";"Неделя";"2";"%";"0"
"2023-11-07";2.87;"A";"Данные ЦМИ";"Легковые автомобили";"Темп прироста к предыдущей неделе";"Неделя";"2";"%";"0"
"2023-11-13";0.2;"A";"Данные ЦМИ";"Легковые автомобили";"Темп прироста к предыдущей неделе";"Неделя";"2";"%";"0"
"2023-11-20";0.08;"A";"Данные ЦМИ";"Легковые автомобили";"Темп прироста к предыдущей неделе";"Неделя";"2";"%";"0"
"2023-11-27";-0.05;"A";"Данные ЦМИ";"Легковые автомобили";"Темп прироста к предыдущей неделе";"Неделя";"2";"%";"0"
"2023-12-04";-0.08;"A";"Данные ЦМИ";"Легковые автомобили";"Темп прироста к предыдущей неделе";"Неделя";"2";"%";"0"
"2023-12-11";0.01;"A";"Данные ЦМИ";"Легковые автомобили";"Темп прироста к предыдущей неделе";"Неделя";"2";"%";"0"
"2023-12-18";0.01;"A";"Данные ЦМИ";"Легковые автомобили";"Темп прироста к предыдущей неделе";"Неделя";"2";"%";"0"
"2023-12-25";0.9;"A";"Данные ЦМИ";"Легковые автомобили";"Темп прироста к предыдущей неделе";"Неделя";"2";"%";"0"
"2024-01-09";0.06;"A";"Данные ЦМИ";"Легковые автомобили";"Темп прироста к предыдущей неделе";"Неделя";"2";"%";"0"
"2024-01-15";0.02;"A";"Данные ЦМИ";"Легковые автомобили";"Темп прироста к предыдущей неделе";"Неделя";"2";"%";"0"
"2024-01-22";0;"A";"Данные ЦМИ";"Легковые автомобили";"Темп прироста к предыдущей неделе";"Неделя";"2";"%";"0"
"2024-01-29";0.05;"A";"Данные ЦМИ";"Легковые автомобили";"Темп прироста к предыдущей неделе";"Неделя";"2";"%";"0"
"2024-02-05";-0.03;"A";"Данные ЦМИ";"Легковые автомобили";"Темп прироста к предыдущей неделе";"Неделя";"2";"%";"0"
"2024-02-12";-0.04;"A";"Данные ЦМИ";"Легковые автомобили";"Темп прироста к предыдущей неделе";"Неделя";"2";"%";"0"
"2024-02-19";0.01;"A";"Данные ЦМИ";"Легковые автомобили";"Темп прироста к предыдущей неделе";"Неделя";"2";"%";"0"
"2024-02-26";0;"A";"Данные ЦМИ";"Легковые автомобили";"Темп прироста к предыдущей неделе";"Неделя";"2";"%";"0"
"2024-03-04";0.01;"A";"Данные ЦМИ";"Легковые автомобили";"Темп прироста к предыдущей неделе";"Неделя";"2";"%";"0"
"2024-03-11";-1.04;"A";"Данные ЦМИ";"Легковые автомобили";"Темп прироста к предыдущей неделе";"Неделя";"2";"%";"0"
"2024-03-18";0.01;"A";"Данные ЦМИ";"Легковые автомобили";"Темп прироста к предыдущей неделе";"Неделя";"2";"%";"0"
"2024-03-25";0.02;"A";"Данные ЦМИ";"Легковые автомобили";"Темп прироста к предыдущей неделе";"Неделя";"2";"%";"0"
"2024-04-01";0.18;"A";"Данные ЦМИ";"Легковые автомобили";"Темп прироста к предыдущей неделе";"Неделя";"2";"%";"0"
"2024-04-08";0.12;"A";"Данные ЦМИ";"Легковые автомобили";"Темп прироста к предыдущей неделе";"Неделя";"2";"%";"0"
"2024-04-15";-0.05;"A";"Данные ЦМИ";"Легковые автомобили";"Темп прироста к предыдущей неделе";"Неделя";"2";"%";"0"
"2024-04-22";0.01;"A";"Данные ЦМИ";"Легковые автомобили";"Темп прироста к предыдущей неделе";"Неделя";"2";"%";"0"
"2024-05-02";-0.02;"A";"Данные ЦМИ";"Легковые автомобили";"Темп прироста к предыдущей неделе";"Неделя";"2";"%";"0"
"2024-05-06";-0.03;"A";"Данные ЦМИ";"Легковые автомобили";"Темп прироста к предыдущей неделе";"Неделя";"2";"%";"0"
"2024-05-13";1.65;"A";"Данные ЦМИ";"Легковые автомобили";"Темп прироста к предыдущей неделе";"Неделя";"2";"%";"0"
"2024-05-20";0.49;"A";"Данные ЦМИ";"Легковые автомобили";"Темп прироста к предыдущей неделе";"Неделя";"2";"%";"0"
"2024-05-27";0.01;"A";"Данные ЦМИ";"Легковые автомобили";"Темп прироста к предыдущей неделе";"Неделя";"2";"%";"0"
"2024-06-03";0.04;"A";"Данные ЦМИ";"Легковые автомобили";"Темп прироста к предыдущей неделе";"Неделя";"2";"%";"0"
"2024-06-10";0.14;"A";"Данные ЦМИ";"Легковые автомобили";"Темп прироста к предыдущей неделе";"Неделя";"2";"%";"0"
"2024-06-17";0.04;"A";"Данные ЦМИ";"Легковые автомобили";"Темп прироста к предыдущей неделе";"Неделя";"2";"%";"0"
"2024-06-24";0.01;"A";"Данные ЦМИ";"Легковые автомобили";"Темп прироста к предыдущей неделе";"Неделя";"2";"%";"0"
"2024-07-01";0.01;"A";"Данные ЦМИ";"Легковые автомобили";"Темп прироста к предыдущей неделе";"Неделя";"2";"%";"0"
"2024-07-08";0.04;"A";"Данные ЦМИ";"Легковые автомобили";"Темп прироста к предыдущей неделе";"Неделя";"2";"%";"0"
"2024-07-15";0.01;"A";"Данные ЦМИ";"Легковые автомобили";"Темп прироста к предыдущей неделе";"Неделя";"2";"%";"0"
"2024-07-22";0;"A";"Данные ЦМИ";"Легковые автомобили";"Темп прироста к предыдущей неделе";"Неделя";"2";"%";"0"
"2024-07-29";0.02;"A";"Данные ЦМИ";"Легковые автомобили";"Темп прироста к предыдущей неделе";"Неделя";"2";"%";"0"
"2024-08-05";0.07;"A";"Данные ЦМИ";"Легковые автомобили";"Темп прироста к предыдущей неделе";"Неделя";"2";"%";"0"
"2024-08-12";0.01;"A";"Данные ЦМИ";"Легковые автомобили";"Темп прироста к предыдущей неделе";"Неделя";"2";"%";"0"
"2024-08-19";0.79;"A";"Данные ЦМИ";"Легковые автомобили";"Темп прироста к предыдущей неделе";"Неделя";"2";"%";"0"
"2024-08-26";0.07;"A";"Данные ЦМИ";"Легковые автомобили";"Темп прироста к предыдущей неделе";"Неделя";"2";"%";"0"
"2024-09-02";0.02;"A";"Данные ЦМИ";"Легковые автомобили";"Темп прироста к предыдущей неделе";"Неделя";"2";"%";"0"
"2024-09-09";0.02;"A";"Данные ЦМИ";"Легковые автомобили";"Темп прироста к предыдущей неделе";"Неделя";"2";"%";"0"
"2024-09-16";0.02;"A";"Данные ЦМИ";"Легковые автомобили";"Темп прироста к предыдущей неделе";"Неделя";"2";"%";"0"
"2024-09-23";0;"A";"Данные ЦМИ";"Легковые автомобили";"Темп прироста к предыдущей неделе";"Неделя";"2";"%";"0"
"2024-09-30";-0.01;"A";"Данные ЦМИ";"Легковые автомобили";"Темп прироста к предыдущей неделе";"Неделя";"2";"%";"0"
"2024-10-07";0.24;"A";"Данные ЦМИ";"Легковые автомобили";"Темп прироста к предыдущей неделе";"Неделя";"2";"%";"0"
"2024-10-14";0.21;"A";"Данные ЦМИ";"Легковые автомобили";"Темп прироста к предыдущей неделе";"Неделя";"2";"%";"0"
"2024-10-21";0.07;"A";"Данные ЦМИ";"Легковые автомобили";"Темп прироста к предыдущей неделе";"Неделя";"2";"%";"0"
"2024-10-28";0.02;"A";"Данные ЦМИ";"Легковые автомобили";"Темп прироста к предыдущей неделе";"Неделя";"2";"%";"0"
"2024-11-05";-0.35;"A";"Данные ЦМИ";"Легковые автомобили";"Темп прироста к предыдущей неделе";"Неделя";"2";"%";"0"
"2024-11-11";-0.02;"A";"Данные ЦМИ";"Легковые автомобили";"Темп прироста к предыдущей неделе";"Неделя";"2";"%";"0"
"2024-11-18";0.09;"A";"Данные ЦМИ";"Легковые автомобили";"Темп прироста к предыдущей неделе";"Неделя";"2";"%";"0"
"2024-11-25";0.04;"A";"Данные ЦМИ";"Легковые автомобили";"Темп прироста к предыдущей неделе";"Неделя";"2";"%";"0"
"2024-12-02";0.07;"A";"Данные ЦМИ";"Легковые автомобили";"Темп прироста к предыдущей неделе";"Неделя";"2";"%";"0"
"2024-12-09";0.4;"A";"Данные ЦМИ";"Легковые автомобили";"Темп прироста к предыдущей неделе";"Неделя";"2";"%";"0"
"2024-12-16";0.19;"A";"Данные ЦМИ";"Легковые автомобили";"Темп прироста к предыдущей неделе";"Неделя";"2";"%";"0"
"2024-12-23";-0.01;"A";"Данные ЦМИ";"Легковые автомобили";"Темп прироста к предыдущей неделе";"Неделя";"2";"%";"0"
"2025-01-09";0.37;"A";"Данные ЦМИ";"Легковые автомобили";"Темп прироста к предыдущей неделе";"Неделя";"2";"%";"0"
"2025-01-13";0.01;"A";"Данные ЦМИ";"Легковые автомобили";"Темп прироста к предыдущей неделе";"Неделя";"2";"%";"0"
"2025-01-20";0.98;"A";"Данные ЦМИ";"Легковые автомобили";"Темп прироста к предыдущей неделе";"Неделя";"2";"%";"0"
"2025-01-27";-0.14;"A";"Данные ЦМИ";"Легковые автомобили";"Темп прироста к предыдущей неделе";"Неделя";"2";"%";"0"
"2025-02-03";-0.01;"A";"Данные ЦМИ";"Легковые автомобили";"Темп прироста к предыдущей неделе";"Неделя";"2";"%";"0"
"2025-02-10";0.05;"A";"Данные ЦМИ";"Легковые автомобили";"Темп прироста к предыдущей неделе";"Неделя";"2";"%";"0"
"2025-02-17";0.1;"A";"Данные ЦМИ";"Легковые автомобили";"Темп прироста к предыдущей неделе";"Неделя";"2";"%";"0"
"2025-02-24";0.05;"A";"Данные ЦМИ";"Легковые автомобили";"Темп прироста к предыдущей неделе";"Неделя";"2";"%";"0"
"2025-03-03";-0.04;"A";"Данные ЦМИ";"Легковые автомобили";"Темп прироста к предыдущей неделе";"Неделя";"2";"%";"0"
"2025-03-10";0.03;"A";"Данные ЦМИ";"Легковые автомобили";"Темп прироста к предыдущей неделе";"Неделя";"2";"%";"0"
"2025-03-17";0.03;"A";"Данные ЦМИ";"Легковые автомобили";"Темп прироста к предыдущей неделе";"Неделя";"2";"%";"0"
"2025-03-24";-0.05;"A";"Данные ЦМИ";"Легковые автомобили";"Темп прироста к предыдущей неделе";"Неделя";"2";"%";"0"
"2025-03-31";0;"A";"Данные ЦМИ";"Легковые автомобили";"Темп прироста к предыдущей неделе";"Неделя";"2";"%";"0"
"2025-04-07";-0.12;"A";"Данные ЦМИ";"Легковые автомобили";"Темп прироста к предыдущей неделе";"Неделя";"2";"%";"0"
"2025-04-14";0.06;"A";"Данные ЦМИ";"Легковые автомобили";"Темп прироста к предыдущей неделе";"Неделя";"2";"%";"0"
"2025-04-21";-0.04;"A";"Данные ЦМИ";"Легковые автомобили";"Темп прироста к предыдущей неделе";"Неделя";"2";"%";"0"
"2025-04-28";0.09;"A";"Данные ЦМИ";"Легковые автомобили";"Темп прироста к предыдущей неделе";"Неделя";"2";"%";"0"
"2025-05-05";0.18;"A";"Данные ЦМИ";"Легковые автомобили";"Темп прироста к предыдущей неделе";"Неделя";"2";"%";"0"
"2025-05-12";0.05;"A";"Данные ЦМИ";"Легковые автомобили";"Темп прироста к предыдущей неделе";"Неделя";"2";"%";"0"
"2025-05-19";0.02;"A";"Данные ЦМИ";"Легковые автомобили";"Темп прироста к предыдущей неделе";"Неделя";"2";"%";"0"
"2025-05-26";0;"A";"Данные ЦМИ";"Легковые автомобили";"Темп прироста к предыдущей неделе";"Неделя";"2";"%";"0"
"2025-06-02";-0.01;"A";"Данные ЦМИ";"Легковые автомобили";"Темп прироста к предыдущей неделе";"Неделя";"2";"%";"0"
"2025-06-09";0.05;"A";"Данные ЦМИ";"Легковые автомобили";"Темп прироста к предыдущей неделе";"Неделя";"2";"%";"0"
"2025-06-16";0;"A";"Данные ЦМИ";"Легковые автомобили";"Темп прироста к предыдущей неделе";"Неделя";"2";"%";"0"
"2025-06-23";0;"A";"Данные ЦМИ";"Легковые автомобили";"Темп прироста к предыдущей неделе";"Неделя";"2";"%";"0"
"2025-06-30";0;"A";"Данные ЦМИ";"Легковые автомобили";"Темп прироста к предыдущей неделе";"Неделя";"2";"%";"0"
"2025-07-07";-0.58;"A";"Данные ЦМИ";"Легковые автомобили";"Темп прироста к предыдущей неделе";"Неделя";"2";"%";"0"
"2025-07-14";0.05;"A";"Данные ЦМИ";"Легковые автомобили";"Темп прироста к предыдущей неделе";"Неделя";"2";"%";"0"
"2025-07-21";0;"A";"Данные ЦМИ";"Легковые автомобили";"Темп прироста к предыдущей неделе";"Неделя";"2";"%";"0"
"2025-07-28";-0.11;"A";"Данные ЦМИ";"Легковые автомобили";"Темп прироста к предыдущей неделе";"Неделя";"2";"%";"0"
"2025-08-04";-0.32;"A";"Данные ЦМИ";"Легковые автомобили";"Темп прироста к предыдущей неделе";"Неделя";"2";"%";"0"
"2025-08-11";0;"A";"Данные ЦМИ";"Легковые автомобили";"Темп прироста к предыдущей неделе";"Неделя";"2";"%";"0"
"2025-08-18";0;"A";"Данные ЦМИ";"Легковые автомобили";"Темп прироста к предыдущей неделе";"Неделя";"2";"%";"0"
"2025-08-25";0;"A";"Данные ЦМИ";"Легковые автомобили";"Темп прироста к предыдущей неделе";"Неделя";"2";"%";"0"
"2025-09-01";0.12;"A";"Данные ЦМИ";"Легковые автомобили";"Темп прироста к предыдущей неделе";"Неделя";"2";"%";"0"
"2025-09-08";-0.05;"A";"Данные ЦМИ";"Легковые автомобили";"Темп прироста к предыдущей неделе";"Неделя";"2";"%";"0"
"2025-09-15";0.06;"A";"Данные ЦМИ";"Легковые автомобили";"Темп прироста к предыдущей неделе";"Неделя";"2";"%";"0"
"2025-09-22";0;"A";"Данные ЦМИ";"Легковые автомобили";"Темп прироста к предыдущей неделе";"Неделя";"2";"%";"0"
"2025-09-29";0;"A";"Данные ЦМИ";"Легковые автомобили";"Темп прироста к предыдущей неделе";"Неделя";"2";"%";"0"
"2025-10-06";0.17;"A";"Данные ЦМИ";"Легковые автомобили";"Темп прироста к предыдущей неделе";"Неделя";"2";"%";"0"
"2025-10-13";0.09;"A";"Данные ЦМИ";"Легковые автомобили";"Темп прироста к предыдущей неделе";"Неделя";"2";"%";"0"
"2025-10-20";0.06;"A";"Данные ЦМИ";"Легковые автомобили";"Темп прироста к предыдущей неделе";"Неделя";"2";"%";"0"
"2025-10-27";0.1;"A";"Данные ЦМИ";"Легковые автомобили";"Темп прироста к предыдущей неделе";"Неделя";"2";"%";"0"
"2025-11-05";0.06;"A";"Данные ЦМИ";"Легковые автомобили";"Темп прироста к предыдущей неделе";"Неделя";"2";"%";"0"
"2025-11-10";0.03;"A";"Данные ЦМИ";"Легковые автомобили";"Темп прироста к предыдущей неделе";"Неделя";"2";"%";"0"
"2025-11-17";0.01;"A";"Данные ЦМИ";"Легковые автомобили";"Темп прироста к предыдущей неделе";"Неделя";"2";"%";"0"
"2025-11-24";0.04;"A";"Данные ЦМИ";"Легковые автомобили";"Темп прироста к предыдущей неделе";"Неделя";"2";"%";"0"
"2025-12-01";0.03;"A";"Данные ЦМИ";"Легковые автомобили";"Темп прироста к предыдущей неделе";"Неделя";"2";"%";"0"
"2025-12-08";0.08;"A";"Данные ЦМИ";"Легковые автомобили";"Темп прироста к предыдущей неделе";"Неделя";"2";"%";"0"
"2025-12-15";0.02;"A";"Данные ЦМИ";"Легковые автомобили";"Темп прироста к предыдущей неделе";"Неделя";"2";"%";"0"
"2025-12-22";0.9;"A";"Данные ЦМИ";"Легковые автомобили";"Темп прироста к предыдущей неделе";"Неделя";"2";"%";"0"
"2026-01-12";1.44;"A";"Данные ЦМИ";"Легковые автомобили";"Темп прироста к предыдущей неделе";"Неделя";"2";"%";"0"
"2026-01-19";0.03;"A";"Данные ЦМИ";"Легковые автомобили";"Темп прироста к предыдущей неделе";"Неделя";"2";"%";"0"
"2026-01-26";0.01;"A";"Данные ЦМИ";"Легковые автомобили";"Темп прироста к предыдущей неделе";"Неделя";"2";"%";"0"
"2026-02-02";0.08;"A";"Данные ЦМИ";"Легковые автомобили";"Темп прироста к предыдущей неделе";"Неделя";"2";"%";"0"
"2026-02-09";0.03;"A";"Данные ЦМИ";"Легковые автомобили";"Темп прироста к предыдущей неделе";"Неделя";"2";"%";"0"
"2026-02-16";0;"A";"Данные ЦМИ";"Легковые автомобили";"Темп прироста к предыдущей неделе";"Неделя";"2";"%";"0"
"2026-02-24";0.03;"A";"Данные ЦМИ";"Легковые автомобили";"Темп прироста к предыдущей неделе";"Неделя";"2";"%";"0"
"2026-03-02";0.01;"A";"Данные ЦМИ";"Легковые автомобили";"Темп прироста к предыдущей неделе";"Неделя";"2";"%";"0"
"2026-03-10";0.11;"A";"Данные ЦМИ";"Легковые автомобили";"Темп прироста к предыдущей неделе";"Неделя";"2";"%";"0"
"2026-03-16";0.03;"A";"Данные ЦМИ";"Легковые автомобили";"Темп прироста к предыдущей неделе";"Неделя";"2";"%";"0"
"2026-03-23";0.03;"A";"Данные ЦМИ";"Легковые автомобили";"Темп прироста к предыдущей неделе";"Неделя";"2";"%";"0"
"2026-03-30";0.1;"A";"Данные ЦМИ";"Легковые автомобили";"Темп прироста к предыдущей неделе";"Неделя";"2";"%";"0"
"2026-04-06";0.05;"A";"Данные ЦМИ";"Легковые автомобили";"Темп прироста к предыдущей неделе";"Неделя";"2";"%";"0"
"2026-04-13";0.09;"A";"Данные ЦМИ";"Легковые автомобили";"Темп прироста к предыдущей неделе";"Неделя";"2";"%";"0"
"2026-04-20";0.07;"A";"Данные ЦМИ";"Легковые автомобили";"Темп прироста к предыдущей неделе";"Неделя";"2";"%";"0"
"2026-04-27";0;"A";"Данные ЦМИ";"Легковые автомобили";"Темп прироста к предыдущей неделе";"Неделя";"2";"%";"0"
"2026-05-04";0.01;"A";"Данные ЦМИ";"Легковые автомобили";"Темп прироста к предыдущей неделе";"Неделя";"2";"%";"0"
"2026-05-12";0.18;"A";"Данные ЦМИ";"Легковые автомобили";"Темп прироста к предыдущей неделе";"Неделя";"2";"%";"0"
"2026-05-18";0.01;"A";"Данные ЦМИ";"Легковые автомобили";"Темп прироста к предыдущей неделе";"Неделя";"2";"%";"0"
"2026-05-25";0.01;"A";"Данные ЦМИ";"Легковые автомобили";"Темп прироста к предыдущей неделе";"Неделя";"2";"%";"0"
"2026-06-01";-0.01;"A";"Данные ЦМИ";"Легковые автомобили";"Темп прироста к предыдущей неделе";"Неделя";"2";"%";"0"
"2026-06-08";0;"A";"Данные ЦМИ";"Легковые автомобили";"Темп прироста к предыдущей неделе";"Неделя";"2";"%";"0"
"2026-06-15";0;"A";"Данные ЦМИ";"Легковые автомобили";"Темп прироста к предыдущей неделе";"Неделя";"2";"%";"0"
"2026-06-22";0;"A";"Данные ЦМИ";"Легковые автомобили";"Темп прироста к предыдущей неделе";"Неделя";"2";"%";"0"
"2026-06-29";0;"A";"Данные ЦМИ";"Легковые автомобили";"Темп прироста к предыдущей неделе";"Неделя";"2";"%";"0"
"2026-07-06";0;"A";"Данные ЦМИ";"Легковые автомобили";"Темп прироста к предыдущей неделе";"Неделя";"2";"%";"0"
"2026-07-13";0.01;"A";"Данные ЦМИ";"Легковые автомобили";"Темп прироста к предыдущей неделе";"Неделя";"2";"%";"0"
"2026-07-20";0;"A";"Данные ЦМИ";"Легковые автомобили";"Темп прироста к предыдущей неделе";"Неделя";"2";"%";"0"
"2026-07-27";0;"A";"Данные ЦМИ";"Легковые автомобили";"Темп прироста к предыдущей неделе";"Неделя";"2";"%";"0"
"2026-08-03";0.04;"A";"Данные ЦМИ";"Легковые автомобили";"Темп прироста к предыдущей неделе";"Неделя";"2";"%";"0"
"2026-08-10";0.01;"A";"Данные ЦМИ";"Легковые автомобили";"Темп прироста к предыдущей неделе";"Неделя";"2";"%";"0"
"2026-08-17";0.12;"A";"Данные ЦМИ";"Легковые автомобили";"Темп прироста к предыдущей неделе";"Неделя";"2";"%";"0"
"2026-08-24";0.19;"A";"Данные ЦМИ";"Легковые автомобили";"Темп прироста к предыдущей неделе";"Неделя";"2";"%";"0"
"2026-08-31";0.02;"A";"Данные ЦМИ";"Легковые автомобили";"Темп прироста к предыдущей неделе";"Неделя";"2";"%";"0"
"2026-09-07";0.54;"A";"Данные ЦМИ";"Легковые автомобили";"Темп прироста к предыдущей неделе";"Неделя";"2";"%";"0"
"2026-09-14";0.01;"A";"Данные ЦМИ";"Легковые автомобили";"Темп прироста к предыдущей неделе";"Неделя";"2";"%";"0"
"2026-09-21";0.01;"A";"Данные ЦМИ";"Легковые автомобили";"Темп прироста к предыдущей неделе";"Неделя";"2";"%";"0"
"2026-09-28";0.01;"A";"Данные ЦМИ";"Легковые автомобили";"Темп прироста к предыдущей неделе";"Неделя";"2";"%";"0"
"2022-01-10";0.36;"A";"Данные ЦМИ";"Базовый ИПЦ";"Скользящее среднее за четыре недели";"Неделя";"2";"%";"0"
"2022-01-14";0.35;"A";"Данные ЦМИ";"Базовый ИПЦ";"Скользящее среднее за четыре недели";"Неделя";"2";"%";"0"
"2022-01-21";0.36;"A";"Данные ЦМИ";"Базовый ИПЦ";"Скользящее среднее за четыре недели";"Неделя";"2";"%";"0"
"2022-01-28";0.45;"A";"Данные ЦМИ";"Базовый ИПЦ";"Скользящее среднее за четыре недели";"Неделя";"2";"%";"0"
"2022-02-04";0.61;"A";"Данные ЦМИ";"Базовый ИПЦ";"Скользящее среднее за четыре недели";"Неделя";"2";"%";"0"
"2022-02-11";0.4;"A";"Данные ЦМИ";"Базовый ИПЦ";"Скользящее среднее за четыре недели";"Неделя";"2";"%";"0"
"2022-02-18";0.56;"A";"Данные ЦМИ";"Базовый ИПЦ";"Скользящее среднее за четыре недели";"Неделя";"2";"%";"0"
"2022-02-25";0.77;"A";"Данные ЦМИ";"Базовый ИПЦ";"Скользящее среднее за четыре недели";"Неделя";"2";"%";"0"
"2022-03-04";2.07;"A";"Данные ЦМИ";"Базовый ИПЦ";"Скользящее среднее за четыре недели";"Неделя";"2";"%";"0"
"2022-03-11";4.07;"A";"Данные ЦМИ";"Базовый ИПЦ";"Скользящее среднее за четыре недели";"Неделя";"2";"%";"0"
"2022-03-18";4.74;"A";"Данные ЦМИ";"Базовый ИПЦ";"Скользящее среднее за четыре недели";"Неделя";"2";"%";"0"
"2022-03-25";4.41;"A";"Данные ЦМИ";"Базовый ИПЦ";"Скользящее среднее за четыре недели";"Неделя";"2";"%";"0"
"2022-04-01";3.03;"A";"Данные ЦМИ";"Базовый ИПЦ";"Скользящее среднее за четыре недели";"Неделя";"2";"%";"0"
"2022-04-08";1.37;"A";"Данные ЦМИ";"Базовый ИПЦ";"Скользящее среднее за четыре недели";"Неделя";"2";"%";"0"
"2022-04-15";0.51;"A";"Данные ЦМИ";"Базовый ИПЦ";"Скользящее среднее за четыре недели";"Неделя";"2";"%";"0"
"2022-04-22";0.57;"A";"Данные ЦМИ";"Базовый ИПЦ";"Скользящее среднее за четыре недели";"Неделя";"2";"%";"0"
"2022-04-29";0.44;"A";"Данные ЦМИ";"Базовый ИПЦ";"Скользящее среднее за четыре недели";"Неделя";"2";"%";"0"
"2022-05-06";0.45;"A";"Данные ЦМИ";"Базовый ИПЦ";"Скользящее среднее за четыре недели";"Неделя";"2";"%";"0"
"2022-05-13";0.41;"A";"Данные ЦМИ";"Базовый ИПЦ";"Скользящее среднее за четыре недели";"Неделя";"2";"%";"0"
"2022-05-20";0.32;"A";"Данные ЦМИ";"Базовый ИПЦ";"Скользящее среднее за четыре недели";"Неделя";"2";"%";"0"
"2022-05-27";0.29;"A";"Данные ЦМИ";"Базовый ИПЦ";"Скользящее среднее за четыре недели";"Неделя";"2";"%";"0"
"2022-06-03";0.38;"A";"Данные ЦМИ";"Базовый ИПЦ";"Скользящее среднее за четыре недели";"Неделя";"2";"%";"0"
"2022-06-10";0.38;"A";"Данные ЦМИ";"Базовый ИПЦ";"Скользящее среднее за четыре недели";"Неделя";"2";"%";"0"
"2022-06-17";0.43;"A";"Данные ЦМИ";"Базовый ИПЦ";"Скользящее среднее за четыре недели";"Неделя";"2";"%";"0"
"2022-06-24";0.64;"A";"Данные ЦМИ";"Базовый ИПЦ";"Скользящее среднее за четыре недели";"Неделя";"2";"%";"0"
"2022-07-01";0.45;"A";"Данные ЦМИ";"Базовый ИПЦ";"Скользящее среднее за четыре недели";"Неделя";"2";"%";"0"
"2022-07-08";0.46;"A";"Данные ЦМИ";"Базовый ИПЦ";"Скользящее среднее за четыре недели";"Неделя";"2";"%";"0"
"2022-07-15";0.39;"A";"Данные ЦМИ";"Базовый ИПЦ";"Скользящее среднее за четыре недели";"Неделя";"2";"%";"0"
"2022-07-22";0.15;"A";"Данные ЦМИ";"Базовый ИПЦ";"Скользящее среднее за четыре недели";"Неделя";"2";"%";"0"
"2022-08-01";0.06;"A";"Данные ЦМИ";"Базовый ИПЦ";"Скользящее среднее за четыре недели";"Неделя";"2";"%";"0"
"2022-08-08";0.04;"A";"Данные ЦМИ";"Базовый ИПЦ";"Скользящее среднее за четыре недели";"Неделя";"2";"%";"0"
"2022-08-15";0.03;"A";"Данные ЦМИ";"Базовый ИПЦ";"Скользящее среднее за четыре недели";"Неделя";"2";"%";"0"
"2022-08-22";-0.03;"A";"Данные ЦМИ";"Базовый ИПЦ";"Скользящее среднее за четыре недели";"Неделя";"2";"%";"0"
"2022-08-29";-0.13;"A";"Данные ЦМИ";"Базовый ИПЦ";"Скользящее среднее за четыре недели";"Неделя";"2";"%";"0"
"2022-09-05";-0.38;"A";"Данные ЦМИ";"Базовый ИПЦ";"Скользящее среднее за четыре недели";"Неделя";"2";"%";"0"
"2022-09-12";-0.36;"A";"Данные ЦМИ";"Базовый ИПЦ";"Скользящее среднее за четыре недели";"Неделя";"2";"%";"0"
"2022-09-19";-0.34;"A";"Данные ЦМИ";"Базовый ИПЦ";"Скользящее среднее за четыре недели";"Неделя";"2";"%";"0"
"2022-09-26";-0.23;"A";"Данные ЦМИ";"Базовый ИПЦ";"Скользящее среднее за четыре недели";"Неделя";"2";"%";"0"
"2022-10-03";-0.09;"A";"Данные ЦМИ";"Базовый ИПЦ";"Скользящее среднее за четыре недели";"Неделя";"2";"%";"0"
"2022-10-10";-0.08;"A";"Данные ЦМИ";"Базовый ИПЦ";"Скользящее среднее за четыре недели";"Неделя";"2";"%";"0"
"2022-10-17";-0.09;"A";"Данные ЦМИ";"Базовый ИПЦ";"Скользящее среднее за четыре недели";"Неделя";"2";"%";"0"
"2022-10-24";-0.08;"A";"Данные ЦМИ";"Базовый ИПЦ";"Скользящее среднее за четыре недели";"Неделя";"2";"%";"0"
"2022-10-31";-0.01;"A";"Данные ЦМИ";"Базовый ИПЦ";"Скользящее среднее за четыре недели";"Неделя";"2";"%";"0"
"2022-11-07";-0.04;"A";"Данные ЦМИ";"Базовый ИПЦ";"Скользящее среднее за четыре недели";"Неделя";"2";"%";"0"
"2022-11-14";-0.02;"A";"Данные ЦМИ";"Базовый ИПЦ";"Скользящее среднее за четыре недели";"Неделя";"2";"%";"0"
"2022-11-21";-0.02;"A";"Данные ЦМИ";"Базовый ИПЦ";"Скользящее среднее за четыре недели";"Неделя";"2";"%";"0"
"2022-11-28";0.01;"A";"Данные ЦМИ";"Базовый ИПЦ";"Скользящее среднее за четыре недели";"Неделя";"2";"%";"0"
"2022-12-05";0.06;"A";"Данные ЦМИ";"Базовый ИПЦ";"Скользящее среднее за четыре недели";"Неделя";"2";"%";"0"
"2022-12-12";0.08;"A";"Данные ЦМИ";"Базовый ИПЦ";"Скользящее среднее за четыре недели";"Неделя";"2";"%";"0"
"2022-12-19";0.03;"A";"Данные ЦМИ";"Базовый ИПЦ";"Скользящее среднее за четыре недели";"Неделя";"2";"%";"0"
"2022-12-26";0.06;"A";"Данные ЦМИ";"Базовый ИПЦ";"Скользящее среднее за четыре недели";"Неделя";"2";"%";"0"
"2023-01-09";0.08;"A";"Данные ЦМИ";"Базовый ИПЦ";"Скользящее среднее за четыре недели";"Неделя";"2";"%";"0"
"2023-01-16";0.07;"A";"Данные ЦМИ";"Базовый ИПЦ";"Скользящее среднее за четыре недели";"Неделя";"2";"%";"0"
"2023-01-23";0.13;"A";"Данные ЦМИ";"Базовый ИПЦ";"Скользящее среднее за четыре недели";"Неделя";"2";"%";"0"
"2023-01-30";0.08;"A";"Данные ЦМИ";"Базовый ИПЦ";"Скользящее среднее за четыре недели";"Неделя";"2";"%";"0"
"2023-02-06";0.07;"A";"Данные ЦМИ";"Базовый ИПЦ";"Скользящее среднее за четыре недели";"Неделя";"2";"%";"0"
"2023-02-13";0.1;"A";"Данные ЦМИ";"Базовый ИПЦ";"Скользящее среднее за четыре недели";"Неделя";"2";"%";"0"
"2023-02-20";0.09;"A";"Данные ЦМИ";"Базовый ИПЦ";"Скользящее среднее за четыре недели";"Неделя";"2";"%";"0"
"2023-02-27";0.05;"A";"Данные ЦМИ";"Базовый ИПЦ";"Скользящее среднее за четыре недели";"Неделя";"2";"%";"0"
"2023-03-06";0.05;"A";"Данные ЦМИ";"Базовый ИПЦ";"Скользящее среднее за четыре недели";"Неделя";"2";"%";"0"
"2023-03-13";0.01;"A";"Данные ЦМИ";"Базовый ИПЦ";"Скользящее среднее за четыре недели";"Неделя";"2";"%";"0"
"2023-03-20";0.06;"A";"Данные ЦМИ";"Базовый ИПЦ";"Скользящее среднее за четыре недели";"Неделя";"2";"%";"0"
"2023-03-27";0.09;"A";"Данные ЦМИ";"Базовый ИПЦ";"Скользящее среднее за четыре недели";"Неделя";"2";"%";"0"
"2023-04-03";0.07;"A";"Данные ЦМИ";"Базовый ИПЦ";"Скользящее среднее за четыре недели";"Неделя";"2";"%";"0"
"2023-04-10";0.09;"A";"Данные ЦМИ";"Базовый ИПЦ";"Скользящее среднее за четыре недели";"Неделя";"2";"%";"0"
"2023-04-17";0.04;"A";"Данные ЦМИ";"Базовый ИПЦ";"Скользящее среднее за четыре недели";"Неделя";"2";"%";"0"
"2023-04-24";0.05;"A";"Данные ЦМИ";"Базовый ИПЦ";"Скользящее среднее за четыре недели";"Неделя";"2";"%";"0"
"2023-05-02";0.18;"A";"Данные ЦМИ";"Базовый ИПЦ";"Скользящее среднее за четыре недели";"Неделя";"2";"%";"0"
"2023-05-10";0.2;"A";"Данные ЦМИ";"Базовый ИПЦ";"Скользящее среднее за четыре недели";"Неделя";"2";"%";"0"
"2023-05-15";0.22;"A";"Данные ЦМИ";"Базовый ИПЦ";"Скользящее среднее за четыре недели";"Неделя";"2";"%";"0"
"2023-05-22";0.23;"A";"Данные ЦМИ";"Базовый ИПЦ";"Скользящее среднее за четыре недели";"Неделя";"2";"%";"0"
"2023-05-29";0.16;"A";"Данные ЦМИ";"Базовый ИПЦ";"Скользящее среднее за четыре недели";"Неделя";"2";"%";"0"
"2023-06-05";0.43;"A";"Данные ЦМИ";"Базовый ИПЦ";"Скользящее среднее за четыре недели";"Неделя";"2";"%";"0"
"2023-06-13";0.46;"A";"Данные ЦМИ";"Базовый ИПЦ";"Скользящее среднее за четыре недели";"Неделя";"2";"%";"0"
"2023-06-19";0.46;"A";"Данные ЦМИ";"Базовый ИПЦ";"Скользящее среднее за четыре недели";"Неделя";"2";"%";"0"
"2023-06-26";0.45;"A";"Данные ЦМИ";"Базовый ИПЦ";"Скользящее среднее за четыре недели";"Неделя";"2";"%";"0"
"2023-07-03";0.23;"A";"Данные ЦМИ";"Базовый ИПЦ";"Скользящее среднее за четыре недели";"Неделя";"2";"%";"0"
"2023-07-10";0.23;"A";"Данные ЦМИ";"Базовый ИПЦ";"Скользящее среднее за четыре недели";"Неделя";"2";"%";"0"
"2023-07-17";0.24;"A";"Данные ЦМИ";"Базовый ИПЦ";"Скользящее среднее за четыре недели";"Неделя";"2";"%";"0"
"2023-07-24";0.23;"A";"Данные ЦМИ";"Базовый ИПЦ";"Скользящее среднее за четыре недели";"Неделя";"2";"%";"0"
"2023-07-31";0.16;"A";"Данные ЦМИ";"Базовый ИПЦ";"Скользящее среднее за четыре недели";"Неделя";"2";"%";"0"
"2023-08-07";0.13;"A";"Данные ЦМИ";"Базовый ИПЦ";"Скользящее среднее за четыре недели";"Неделя";"2";"%";"0"
"2023-08-14";0.13;"A";"Данные ЦМИ";"Базовый ИПЦ";"Скользящее среднее за четыре недели";"Неделя";"2";"%";"0"
"2023-08-21";0.11;"A";"Данные ЦМИ";"Базовый ИПЦ";"Скользящее среднее за четыре недели";"Неделя";"2";"%";"0"
"2023-08-28";0.06;"A";"Данные ЦМИ";"Базовый ИПЦ";"Скользящее среднее за четыре недели";"Неделя";"2";"%";"0"
"2023-09-04";-0.1;"A";"Данные ЦМИ";"Базовый ИПЦ";"Скользящее среднее за четыре недели";"Неделя";"2";"%";"0"
"2023-09-11";-0.1;"A";"Данные ЦМИ";"Базовый ИПЦ";"Скользящее среднее за четыре недели";"Неделя";"2";"%";"0"
"2023-09-18";-0.14;"A";"Данные ЦМИ";"Базовый ИПЦ";"Скользящее среднее за четыре недели";"Неделя";"2";"%";"0"
"2023-09-25";-0.06;"A";"Данные ЦМИ";"Базовый ИПЦ";"Скользящее среднее за четыре недели";"Неделя";"2";"%";"0"
"2023-10-02";0.13;"A";"Данные ЦМИ";"Базовый ИПЦ";"Скользящее среднее за четыре недели";"Неделя";"2";"%";"0"
"2023-10-09";0.17;"A";"Данные ЦМИ";"Базовый ИПЦ";"Скользящее среднее за четыре недели";"Неделя";"2";"%";"0"
"2023-10-16";0.22;"A";"Данные ЦМИ";"Базовый ИПЦ";"Скользящее среднее за четыре недели";"Неделя";"2";"%";"0"
"2023-10-23";0.2;"A";"Данные ЦМИ";"Базовый ИПЦ";"Скользящее среднее за четыре недели";"Неделя";"2";"%";"0"
"2023-10-30";0.23;"A";"Данные ЦМИ";"Базовый ИПЦ";"Скользящее среднее за четыре недели";"Неделя";"2";"%";"0"
"2023-11-07";0.2;"A";"Данные ЦМИ";"Базовый ИПЦ";"Скользящее среднее за четыре недели";"Неделя";"2";"%";"0"
"2023-11-13";0.22;"A";"Данные ЦМИ";"Базовый ИПЦ";"Скользящее среднее за четыре недели";"Неделя";"2";"%";"0"
"2023-11-20";0.2;"A";"Данные ЦМИ";"Базовый ИПЦ";"Скользящее среднее за четыре недели";"Неделя";"2";"%";"0"
"2023-11-27";0.25;"A";"Данные ЦМИ";"Базовый ИПЦ";"Скользящее среднее за четыре недели";"Неделя";"2";"%";"0"
"2023-12-04";0.24;"A";"Данные ЦМИ";"Базовый ИПЦ";"Скользящее среднее за четыре недели";"Неделя";"2";"%";"0"
"2023-12-11";0.26;"A";"Данные ЦМИ";"Базовый ИПЦ";"Скользящее среднее за четыре недели";"Неделя";"2";"%";"0"
"2023-12-18";0.25;"A";"Данные ЦМИ";"Базовый ИПЦ";"Скользящее среднее за четыре недели";"Неделя";"2";"%";"0"
"2023-12-25";0.22;"A";"Данные ЦМИ";"Базовый ИПЦ";"Скользящее среднее за четыре недели";"Неделя";"2";"%";"0"
"2024-01-09";0.19;"A";"Данные ЦМИ";"Базовый ИПЦ";"Скользящее среднее за четыре недели";"Неделя";"2";"%";"0"
"2024-01-15";0.16;"A";"Данные ЦМИ";"Базовый ИПЦ";"Скользящее среднее за четыре недели";"Неделя";"2";"%";"0"
"2024-01-22";0.16;"A";"Данные ЦМИ";"Базовый ИПЦ";"Скользящее среднее за четыре недели";"Неделя";"2";"%";"0"
"2024-01-29";0.13;"A";"Данные ЦМИ";"Базовый ИПЦ";"Скользящее среднее за четыре недели";"Неделя";"2";"%";"0"
"2024-02-05";0.15;"A";"Данные ЦМИ";"Базовый ИПЦ";"Скользящее среднее за четыре недели";"Неделя";"2";"%";"0"
"2024-02-12";0.18;"A";"Данные ЦМИ";"Базовый ИПЦ";"Скользящее среднее за четыре недели";"Неделя";"2";"%";"0"
"2024-02-19";0.18;"A";"Данные ЦМИ";"Базовый ИПЦ";"Скользящее среднее за четыре недели";"Неделя";"2";"%";"0"
"2024-02-26";0.17;"A";"Данные ЦМИ";"Базовый ИПЦ";"Скользящее среднее за четыре недели";"Неделя";"2";"%";"0"
"2024-03-04";0.17;"A";"Данные ЦМИ";"Базовый ИПЦ";"Скользящее среднее за четыре недели";"Неделя";"2";"%";"0"
"2024-03-11";0.1;"A";"Данные ЦМИ";"Базовый ИПЦ";"Скользящее среднее за четыре недели";"Неделя";"2";"%";"0"
"2024-03-18";0.14;"A";"Данные ЦМИ";"Базовый ИПЦ";"Скользящее среднее за четыре недели";"Неделя";"2";"%";"0"
"2024-03-25";0.13;"A";"Данные ЦМИ";"Базовый ИПЦ";"Скользящее среднее за четыре недели";"Неделя";"2";"%";"0"
"2024-04-01";0.12;"A";"Данные ЦМИ";"Базовый ИПЦ";"Скользящее среднее за четыре недели";"Неделя";"2";"%";"0"
"2024-04-08";0.18;"A";"Данные ЦМИ";"Базовый ИПЦ";"Скользящее среднее за четыре недели";"Неделя";"2";"%";"0"
"2024-04-15";0.17;"A";"Данные ЦМИ";"Базовый ИПЦ";"Скользящее среднее за четыре недели";"Неделя";"2";"%";"0"
"2024-04-22";0.16;"A";"Данные ЦМИ";"Базовый ИПЦ";"Скользящее среднее за четыре недели";"Неделя";"2";"%";"0"
"2024-05-02";0.14;"A";"Данные ЦМИ";"Базовый ИПЦ";"Скользящее среднее за четыре недели";"Неделя";"2";"%";"0"
"2024-05-06";0.15;"A";"Данные ЦМИ";"Базовый ИПЦ";"Скользящее среднее за четыре недели";"Неделя";"2";"%";"0"
"2024-05-13";0.18;"A";"Данные ЦМИ";"Базовый ИПЦ";"Скользящее среднее за четыре недели";"Неделя";"2";"%";"0"
"2024-05-20";0.19;"A";"Данные ЦМИ";"Базовый ИПЦ";"Скользящее среднее за четыре недели";"Неделя";"2";"%";"0"
"2024-05-27";0.23;"A";"Данные ЦМИ";"Базовый ИПЦ";"Скользящее среднее за четыре недели";"Неделя";"2";"%";"0"
"2024-06-03";0.25;"A";"Данные ЦМИ";"Базовый ИПЦ";"Скользящее среднее за четыре недели";"Неделя";"2";"%";"0"
"2024-06-10";0.21;"A";"Данные ЦМИ";"Базовый ИПЦ";"Скользящее среднее за четыре недели";"Неделя";"2";"%";"0"
"2024-06-17";0.21;"A";"Данные ЦМИ";"Базовый ИПЦ";"Скользящее среднее за четыре недели";"Неделя";"2";"%";"0"
"2024-06-24";0.21;"A";"Данные ЦМИ";"Базовый ИПЦ";"Скользящее среднее за четыре недели";"Неделя";"2";"%";"0"
"2024-07-01";0.19;"A";"Данные ЦМИ";"Базовый ИПЦ";"Скользящее среднее за четыре недели";"Неделя";"2";"%";"0"
"2024-07-08";0.24;"A";"Данные ЦМИ";"Базовый ИПЦ";"Скользящее среднее за четыре недели";"Неделя";"2";"%";"0"
"2024-07-15";0.22;"A";"Данные ЦМИ";"Базовый ИПЦ";"Скользящее среднее за четыре недели";"Неделя";"2";"%";"0"
"2024-07-22";0.18;"A";"Данные ЦМИ";"Базовый ИПЦ";"Скользящее среднее за четыре недели";"Неделя";"2";"%";"0"
"2024-07-29";0.15;"A";"Данные ЦМИ";"Базовый ИПЦ";"Скользящее среднее за четыре недели";"Неделя";"2";"%";"0"
"2024-08-05";0.05;"A";"Данные ЦМИ";"Базовый ИПЦ";"Скользящее среднее за четыре недели";"Неделя";"2";"%";"0"
"2024-08-12";0.05;"A";"Данные ЦМИ";"Базовый ИПЦ";"Скользящее среднее за четыре недели";"Неделя";"2";"%";"0"
"2024-08-19";0.05;"A";"Данные ЦМИ";"Базовый ИПЦ";"Скользящее среднее за четыре недели";"Неделя";"2";"%";"0"
"2024-08-26";0.04;"A";"Данные ЦМИ";"Базовый ИПЦ";"Скользящее среднее за четыре недели";"Неделя";"2";"%";"0"
"2024-09-02";0.01;"A";"Данные ЦМИ";"Базовый ИПЦ";"Скользящее среднее за четыре недели";"Неделя";"2";"%";"0"
"2024-09-09";0.02;"A";"Данные ЦМИ";"Базовый ИПЦ";"Скользящее среднее за четыре недели";"Неделя";"2";"%";"0"
"2024-09-16";0.05;"A";"Данные ЦМИ";"Базовый ИПЦ";"Скользящее среднее за четыре недели";"Неделя";"2";"%";"0"
"2024-09-23";0.07;"A";"Данные ЦМИ";"Базовый ИПЦ";"Скользящее среднее за четыре недели";"Неделя";"2";"%";"0"
"2024-09-30";0.21;"A";"Данные ЦМИ";"Базовый ИПЦ";"Скользящее среднее за четыре недели";"Неделя";"2";"%";"0"
"2024-10-07";0.22;"A";"Данные ЦМИ";"Базовый ИПЦ";"Скользящее среднее за четыре недели";"Неделя";"2";"%";"0"
"2024-10-14";0.19;"A";"Данные ЦМИ";"Базовый ИПЦ";"Скользящее среднее за четыре недели";"Неделя";"2";"%";"0"
"2024-10-21";0.22;"A";"Данные ЦМИ";"Базовый ИПЦ";"Скользящее среднее за четыре недели";"Неделя";"2";"%";"0"
"2024-10-28";0.23;"A";"Данные ЦМИ";"Базовый ИПЦ";"Скользящее среднее за четыре недели";"Неделя";"2";"%";"0"
"2024-11-05";0.21;"A";"Данные ЦМИ";"Базовый ИПЦ";"Скользящее среднее за четыре недели";"Неделя";"2";"%";"0"
"2024-11-11";0.26;"A";"Данные ЦМИ";"Базовый ИПЦ";"Скользящее среднее за четыре недели";"Неделя";"2";"%";"0"
"2024-11-18";0.27;"A";"Данные ЦМИ";"Базовый ИПЦ";"Скользящее среднее за четыре недели";"Неделя";"2";"%";"0"
"2024-11-25";0.25;"A";"Данные ЦМИ";"Базовый ИПЦ";"Скользящее среднее за четыре недели";"Неделя";"2";"%";"0"
"2024-12-02";0.31;"A";"Данные ЦМИ";"Базовый ИПЦ";"Скользящее среднее за четыре недели";"Неделя";"2";"%";"0"
"2024-12-09";0.35;"A";"Данные ЦМИ";"Базовый ИПЦ";"Скользящее среднее за четыре недели";"Неделя";"2";"%";"0"
"2024-12-16";0.36;"A";"Данные ЦМИ";"Базовый ИПЦ";"Скользящее среднее за четыре недели";"Неделя";"2";"%";"0"
"2024-12-23";0.39;"A";"Данные ЦМИ";"Базовый ИПЦ";"Скользящее среднее за четыре недели";"Неделя";"2";"%";"0"
"2025-01-09";0.39;"A";"Данные ЦМИ";"Базовый ИПЦ";"Скользящее среднее за четыре недели";"Неделя";"2";"%";"0"
"2025-01-13";0.31;"A";"Данные ЦМИ";"Базовый ИПЦ";"Скользящее среднее за четыре недели";"Неделя";"2";"%";"0"
"2025-01-20";0.31;"A";"Данные ЦМИ";"Базовый ИПЦ";"Скользящее среднее за четыре недели";"Неделя";"2";"%";"0"
"2025-01-27";0.26;"A";"Данные ЦМИ";"Базовый ИПЦ";"Скользящее среднее за четыре недели";"Неделя";"2";"%";"0"
"2025-02-03";0.22;"A";"Данные ЦМИ";"Базовый ИПЦ";"Скользящее среднее за четыре недели";"Неделя";"2";"%";"0"
"2025-02-10";0.25;"A";"Данные ЦМИ";"Базовый ИПЦ";"Скользящее среднее за четыре недели";"Неделя";"2";"%";"0"
"2025-02-17";0.2;"A";"Данные ЦМИ";"Базовый ИПЦ";"Скользящее среднее за четыре недели";"Неделя";"2";"%";"0"
"2025-02-24";0.19;"A";"Данные ЦМИ";"Базовый ИПЦ";"Скользящее среднее за четыре недели";"Неделя";"2";"%";"0"
"2025-03-03";0.21;"A";"Данные ЦМИ";"Базовый ИПЦ";"Скользящее среднее за четыре недели";"Неделя";"2";"%";"0"
"2025-03-10";0.19;"A";"Данные ЦМИ";"Базовый ИПЦ";"Скользящее среднее за четыре недели";"Неделя";"2";"%";"0"
"2025-03-17";0.19;"A";"Данные ЦМИ";"Базовый ИПЦ";"Скользящее среднее за четыре недели";"Неделя";"2";"%";"0"
"2025-03-24";0.18;"A";"Данные ЦМИ";"Базовый ИПЦ";"Скользящее среднее за четыре недели";"Неделя";"2";"%";"0"
"2025-03-31";0.16;"A";"Данные ЦМИ";"Базовый ИПЦ";"Скользящее среднее за четыре недели";"Неделя";"2";"%";"0"
"2025-04-07";0.16;"A";"Данные ЦМИ";"Базовый ИПЦ";"Скользящее среднее за четыре недели";"Неделя";"2";"%";"0"
"2025-04-14";0.15;"A";"Данные ЦМИ";"Базовый ИПЦ";"Скользящее среднее за четыре недели";"Неделя";"2";"%";"0"
"2025-04-21";0.12;"A";"Данные ЦМИ";"Базовый ИПЦ";"Скользящее среднее за четыре недели";"Неделя";"2";"%";"0"
"2025-04-28";0.14;"A";"Данные ЦМИ";"Базовый ИПЦ";"Скользящее среднее за четыре недели";"Неделя";"2";"%";"0"
"2025-05-05";0.13;"A";"Данные ЦМИ";"Базовый ИПЦ";"Скользящее среднее за четыре недели";"Неделя";"2";"%";"0"
"2025-05-12";0.13;"A";"Данные ЦМИ";"Базовый ИПЦ";"Скользящее среднее за четыре недели";"Неделя";"2";"%";"0"
"2025-05-19";0.18;"A";"Данные ЦМИ";"Базовый ИПЦ";"Скользящее среднее за четыре недели";"Неделя";"2";"%";"0"
"2025-05-26";0.16;"A";"Данные ЦМИ";"Базовый ИПЦ";"Скользящее среднее за четыре недели";"Неделя";"2";"%";"0"
"2025-06-02";0.14;"A";"Данные ЦМИ";"Базовый ИПЦ";"Скользящее среднее за четыре недели";"Неделя";"2";"%";"0"
"2025-06-09";0.13;"A";"Данные ЦМИ";"Базовый ИПЦ";"Скользящее среднее за четыре недели";"Неделя";"2";"%";"0"
"2025-06-16";0.07;"A";"Данные ЦМИ";"Базовый ИПЦ";"Скользящее среднее за четыре недели";"Неделя";"2";"%";"0"
"2025-06-23";0.06;"A";"Данные ЦМИ";"Базовый ИПЦ";"Скользящее среднее за четыре недели";"Неделя";"2";"%";"0"
"2025-06-30";0.06;"A";"Данные ЦМИ";"Базовый ИПЦ";"Скользящее среднее за четыре недели";"Неделя";"2";"%";"0"
"2025-07-07";0.05;"A";"Данные ЦМИ";"Базовый ИПЦ";"Скользящее среднее за четыре недели";"Неделя";"2";"%";"0"
"2025-07-14";0.05;"A";"Данные ЦМИ";"Базовый ИПЦ";"Скользящее среднее за четыре недели";"Неделя";"2";"%";"0"
"2025-07-21";0.04;"A";"Данные ЦМИ";"Базовый ИПЦ";"Скользящее среднее за четыре недели";"Неделя";"2";"%";"0"
"2025-07-28";0.04;"A";"Данные ЦМИ";"Базовый ИПЦ";"Скользящее среднее за четыре недели";"Неделя";"2";"%";"0"
"2025-08-04";0.03;"A";"Данные ЦМИ";"Базовый ИПЦ";"Скользящее среднее за четыре недели";"Неделя";"2";"%";"0"
"2025-08-11";0.04;"A";"Данные ЦМИ";"Базовый ИПЦ";"Скользящее среднее за четыре недели";"Неделя";"2";"%";"0"
"2025-08-18";0.05;"A";"Данные ЦМИ";"Базовый ИПЦ";"Скользящее среднее за четыре недели";"Неделя";"2";"%";"0"
"2025-08-25";0.05;"A";"Данные ЦМИ";"Базовый ИПЦ";"Скользящее среднее за четыре недели";"Неделя";"2";"%";"0"
"2025-09-01";0.05;"A";"Данные ЦМИ";"Базовый ИПЦ";"Скользящее среднее за четыре недели";"Неделя";"2";"%";"0"
"2025-09-08";0.08;"A";"Данные ЦМИ";"Базовый ИПЦ";"Скользящее среднее за четыре недели";"Неделя";"2";"%";"0"
"2025-09-15";0.07;"A";"Данные ЦМИ";"Базовый ИПЦ";"Скользящее среднее за четыре недели";"Неделя";"2";"%";"0"
"2025-09-22";0.05;"A";"Данные ЦМИ";"Базовый ИПЦ";"Скользящее среднее за четыре недели";"Неделя";"2";"%";"0"
"2025-09-29";0.09;"A";"Данные ЦМИ";"Базовый ИПЦ";"Скользящее среднее за четыре недели";"Неделя";"2";"%";"0"
"2025-10-06";0.1;"A";"Данные ЦМИ";"Базовый ИПЦ";"Скользящее среднее за четыре недели";"Неделя";"2";"%";"0"
"2025-10-13";0.13;"A";"Данные ЦМИ";"Базовый ИПЦ";"Скользящее среднее за четыре недели";"Неделя";"2";"%";"0"
"2025-10-20";0.15;"A";"Данные ЦМИ";"Базовый ИПЦ";"Скользящее среднее за четыре недели";"Неделя";"2";"%";"0"
"2025-10-27";0.17;"A";"Данные ЦМИ";"Базовый ИПЦ";"Скользящее среднее за четыре недели";"Неделя";"2";"%";"0"
"2025-11-05";0.15;"A";"Данные ЦМИ";"Базовый ИПЦ";"Скользящее среднее за четыре недели";"Неделя";"2";"%";"0"
"2025-11-10";0.14;"A";"Данные ЦМИ";"Базовый ИПЦ";"Скользящее среднее за четыре недели";"Неделя";"2";"%";"0"
"2025-11-17";0.13;"A";"Данные ЦМИ";"Базовый ИПЦ";"Скользящее среднее за четыре недели";"Неделя";"2";"%";"0"
"2025-11-24";0.11;"A";"Данные ЦМИ";"Базовый ИПЦ";"Скользящее среднее за четыре недели";"Неделя";"2";"%";"0"
"2025-12-01";0.09;"A";"Данные ЦМИ";"Базовый ИПЦ";"Скользящее среднее за четыре недели";"Неделя";"2";"%";"0"
"2025-12-08";0.1;"A";"Данные ЦМИ";"Базовый ИПЦ";"Скользящее среднее за четыре недели";"Неделя";"2";"%";"0"
"2025-12-15";0.1;"A";"Данные ЦМИ";"Базовый ИПЦ";"Скользящее среднее за четыре недели";"Неделя";"2";"%";"0"
"2025-12-22";0.13;"A";"Данные ЦМИ";"Базовый ИПЦ";"Скользящее среднее за четыре недели";"Неделя";"2";"%";"0"
"2026-01-12";0.28;"A";"Данные ЦМИ";"Базовый ИПЦ";"Скользящее среднее за четыре недели";"Неделя";"2";"%";"0"
"2026-01-19";0.36;"A";"Данные ЦМИ";"Базовый ИПЦ";"Скользящее среднее за четыре недели";"Неделя";"2";"%";"0"
"2026-01-26";0.34;"A";"Данные ЦМИ";"Базовый ИПЦ";"Скользящее среднее за четыре недели";"Неделя";"2";"%";"0"
"2026-02-02";0.34;"A";"Данные ЦМИ";"Базовый ИПЦ";"Скользящее среднее за четыре недели";"Неделя";"2";"%";"0"
"2026-02-09";0.17;"A";"Данные ЦМИ";"Базовый ИПЦ";"Скользящее среднее за четыре недели";"Неделя";"2";"%";"0"
"2026-02-16";0.09;"A";"Данные ЦМИ";"Базовый ИПЦ";"Скользящее среднее за четыре недели";"Неделя";"2";"%";"0"
"2026-02-24";0.15;"A";"Данные ЦМИ";"Базовый ИПЦ";"Скользящее среднее за четыре недели";"Неделя";"2";"%";"0"
"2026-03-02";0.08;"A";"Данные ЦМИ";"Базовый ИПЦ";"Скользящее среднее за четыре недели";"Неделя";"2";"%";"0"
"2026-03-10";0.12;"A";"Данные ЦМИ";"Базовый ИПЦ";"Скользящее среднее за четыре недели";"Неделя";"2";"%";"0"
"2026-03-16";0.12;"A";"Данные ЦМИ";"Базовый ИПЦ";"Скользящее среднее за четыре недели";"Неделя";"2";"%";"0"
"2026-03-23";0.1;"A";"Данные ЦМИ";"Базовый ИПЦ";"Скользящее среднее за четыре недели";"Неделя";"2";"%";"0"
"2026-03-30";0.2;"A";"Данные ЦМИ";"Базовый ИПЦ";"Скользящее среднее за четыре недели";"Неделя";"2";"%";"0"
"2026-04-06";0.21;"A";"Данные ЦМИ";"Базовый ИПЦ";"Скользящее среднее за четыре недели";"Неделя";"2";"%";"0"
"2026-04-13";0.15;"A";"Данные ЦМИ";"Базовый ИПЦ";"Скользящее среднее за четыре недели";"Неделя";"2";"%";"0"
"2026-04-20";0.11;"A";"Данные ЦМИ";"Базовый ИПЦ";"Скользящее среднее за четыре недели";"Неделя";"2";"%";"0"
"2026-04-27";0.08;"A";"Данные ЦМИ";"Базовый ИПЦ";"Скользящее среднее за четыре недели";"Неделя";"2";"%";"0"
"2026-05-04";0.11;"A";"Данные ЦМИ";"Базовый ИПЦ";"Скользящее среднее за четыре недели";"Неделя";"2";"%";"0"
"2026-05-12";0.28;"A";"Данные ЦМИ";"Базовый ИПЦ";"Скользящее среднее за четыре недели";"Неделя";"2";"%";"0"
"2026-05-18";0.3;"A";"Данные ЦМИ";"Базовый ИПЦ";"Скользящее среднее за четыре недели";"Неделя";"2";"%";"0"
"2026-05-25";0.28;"A";"Данные ЦМИ";"Базовый ИПЦ";"Скользящее среднее за четыре недели";"Неделя";"2";"%";"0"
"2026-06-01";0.31;"A";"Данные ЦМИ";"Базовый ИПЦ";"Скользящее среднее за четыре недели";"Неделя";"2";"%";"0"
"2026-06-08";0.22;"A";"Данные ЦМИ";"Базовый ИПЦ";"Скользящее среднее за четыре недели";"Неделя";"2";"%";"0"
"2026-06-15";0.21;"A";"Данные ЦМИ";"Базовый ИПЦ";"Скользящее среднее за четыре недели";"Неделя";"2";"%";"0"
"2026-06-22";0.2;"A";"Данные ЦМИ";"Базовый ИПЦ";"Скользящее среднее за четыре недели";"Неделя";"2";"%";"0"
"2026-06-29";0.1;"A";"Данные ЦМИ";"Базовый ИПЦ";"Скользящее среднее за четыре недели";"Неделя";"2";"%";"0"
"2026-07-06";0.13;"A";"Данные ЦМИ";"Базовый ИПЦ";"Скользящее среднее за четыре недели";"Неделя";"2";"%";"0"
"2026-07-13";0.14;"A";"Данные ЦМИ";"Базовый ИПЦ";"Скользящее среднее за четыре недели";"Неделя";"2";"%";"0"
"2026-07-20";0.16;"A";"Данные ЦМИ";"Базовый ИПЦ";"Скользящее среднее за четыре недели";"Неделя";"2";"%";"0"
"2026-07-27";0.1;"A";"Данные ЦМИ";"Базовый ИПЦ";"Скользящее среднее за четыре недели";"Неделя";"2";"%";"0"
"2026-08-03";0.07;"A";"Данные ЦМИ";"Базовый ИПЦ";"Скользящее среднее за четыре недели";"Неделя";"2";"%";"0"
"2026-08-10";0.03;"A";"Данные ЦМИ";"Базовый ИПЦ";"Скользящее среднее за четыре недели";"Неделя";"2";"%";"0"
"2026-08-17";-0.03;"A";"Данные ЦМИ";"Базовый ИПЦ";"Скользящее среднее за четыре недели";"Неделя";"2";"%";"0"
"2026-08-24";0;"A";"Данные ЦМИ";"Базовый ИПЦ";"Скользящее среднее за четыре недели";"Неделя";"2";"%";"0"
"2026-08-31";-0.07;"A";"Данные ЦМИ";"Базовый ИПЦ";"Скользящее среднее за четыре недели";"Неделя";"2";"%";"0"
"2026-09-07";-0.05;"A";"Данные ЦМИ";"Базовый ИПЦ";"Скользящее среднее за четыре недели";"Неделя";"2";"%";"0"
"2026-09-14";-0.06;"A";"Данные ЦМИ";"Базовый ИПЦ";"Скользящее среднее за четыре недели";"Неделя";"2";"%";"0"
"2026-09-21";0;"A";"Данные ЦМИ";"Базовый ИПЦ";"Скользящее среднее за четыре недели";"Неделя";"2";"%";"0"
"2026-09-28";0.08;"A";"Данные ЦМИ";"Базовый ИПЦ";"Скользящее среднее за четыре недели";"Неделя";"2";"%";"0"
"2022-01-10";1.6;"A";"Данные ЦМИ";"Не-базовые товары";"Темп прироста к предыдущей неделе";"Неделя";"2";"%";"0"
"2022-01-14";0.22;"A";"Данные ЦМИ";"Не-базовые товары";"Темп прироста к предыдущей неделе";"Неделя";"2";"%";"0"
"2022-01-21";0.3;"A";"Данные ЦМИ";"Не-базовые товары";"Темп прироста к предыдущей неделе";"Неделя";"2";"%";"0"
"2022-01-28";0.34;"A";"Данные ЦМИ";"Не-базовые товары";"Темп прироста к предыдущей неделе";"Неделя";"2";"%";"0"
"2022-02-04";0.47;"A";"Данные ЦМИ";"Не-базовые товары";"Темп прироста к предыдущей неделе";"Неделя";"2";"%";"0"
"2022-02-11";0.42;"A";"Данные ЦМИ";"Не-базовые товары";"Темп прироста к предыдущей неделе";"Неделя";"2";"%";"0"
"2022-02-18";0.37;"A";"Данные ЦМИ";"Не-базовые товары";"Темп прироста к предыдущей неделе";"Неделя";"2";"%";"0"
"2022-02-25";0.36;"A";"Данные ЦМИ";"Не-базовые товары";"Темп прироста к предыдущей неделе";"Неделя";"2";"%";"0"
"2022-03-04";0.92;"A";"Данные ЦМИ";"Не-базовые товары";"Темп прироста к предыдущей неделе";"Неделя";"2";"%";"0"
"2022-03-11";1.77;"A";"Данные ЦМИ";"Не-базовые товары";"Темп прироста к предыдущей неделе";"Неделя";"2";"%";"0"
"2022-03-18";1.9;"A";"Данные ЦМИ";"Не-базовые товары";"Темп прироста к предыдущей неделе";"Неделя";"2";"%";"0"
"2022-03-25";1.61;"A";"Данные ЦМИ";"Не-базовые товары";"Темп прироста к предыдущей неделе";"Неделя";"2";"%";"0"
"2022-04-01";0.9;"A";"Данные ЦМИ";"Не-базовые товары";"Темп прироста к предыдущей неделе";"Неделя";"2";"%";"0"
"2022-04-08";0.27;"A";"Данные ЦМИ";"Не-базовые товары";"Темп прироста к предыдущей неделе";"Неделя";"2";"%";"0"
"2022-04-15";0.08;"A";"Данные ЦМИ";"Не-базовые товары";"Темп прироста к предыдущей неделе";"Неделя";"2";"%";"0"
"2022-04-22";-0.02;"A";"Данные ЦМИ";"Не-базовые товары";"Темп прироста к предыдущей неделе";"Неделя";"2";"%";"0"
"2022-04-29";0.06;"A";"Данные ЦМИ";"Не-базовые товары";"Темп прироста к предыдущей неделе";"Неделя";"2";"%";"0"
"2022-05-06";-0.14;"A";"Данные ЦМИ";"Не-базовые товары";"Темп прироста к предыдущей неделе";"Неделя";"2";"%";"0"
"2022-05-13";-0.09;"A";"Данные ЦМИ";"Не-базовые товары";"Темп прироста к предыдущей неделе";"Неделя";"2";"%";"0"
"2022-05-20";-0.34;"A";"Данные ЦМИ";"Не-базовые товары";"Темп прироста к предыдущей неделе";"Неделя";"2";"%";"0"
"2022-05-27";-0.54;"A";"Данные ЦМИ";"Не-базовые товары";"Темп прироста к предыдущей неделе";"Неделя";"2";"%";"0"
"2022-06-03";-0.55;"A";"Данные ЦМИ";"Не-базовые товары";"Темп прироста к предыдущей неделе";"Неделя";"2";"%";"0"
"2022-06-10";-0.59;"A";"Данные ЦМИ";"Не-базовые товары";"Темп прироста к предыдущей неделе";"Неделя";"2";"%";"0"
"2022-06-17";-0.57;"A";"Данные ЦМИ";"Не-базовые товары";"Темп прироста к предыдущей неделе";"Неделя";"2";"%";"0"
"2022-06-24";-0.86;"A";"Данные ЦМИ";"Не-базовые товары";"Темп прироста к предыдущей неделе";"Неделя";"2";"%";"0"
"2022-07-01";0.63;"A";"Данные ЦМИ";"Не-базовые товары";"Темп прироста к предыдущей неделе";"Неделя";"2";"%";"0"
"2022-07-08";-0.66;"A";"Данные ЦМИ";"Не-базовые товары";"Темп прироста к предыдущей неделе";"Неделя";"2";"%";"0"
"2022-07-15";-0.7;"A";"Данные ЦМИ";"Не-базовые товары";"Темп прироста к предыдущей неделе";"Неделя";"2";"%";"0"
"2022-07-22";-0.75;"A";"Данные ЦМИ";"Не-базовые товары";"Темп прироста к предыдущей неделе";"Неделя";"2";"%";"0"
"2022-08-01";-0.76;"A";"Данные ЦМИ";"Не-базовые товары";"Темп прироста к предыдущей неделе";"Неделя";"2";"%";"0"
"2022-08-08";-0.59;"A";"Данные ЦМИ";"Не-базовые товары";"Темп прироста к предыдущей неделе";"Неделя";"2";"%";"0"
"2022-08-15";-0.58;"A";"Данные ЦМИ";"Не-базовые товары";"Темп прироста к предыдущей неделе";"Неделя";"2";"%";"0"
"2022-08-22";-0.66;"A";"Данные ЦМИ";"Не-базовые товары";"Темп прироста к предыдущей неделе";"Неделя";"2";"%";"0"
"2022-08-29";-0.52;"A";"Данные ЦМИ";"Не-базовые товары";"Темп прироста к предыдущей неделе";"Неделя";"2";"%";"0"
"2022-09-05";-0.5;"A";"Данные ЦМИ";"Не-базовые товары";"Темп прироста к предыдущей неделе";"Неделя";"2";"%";"0"
"2022-09-12";-0.34;"A";"Данные ЦМИ";"Не-базовые товары";"Темп прироста к предыдущей неделе";"Неделя";"2";"%";"0"
"2022-09-19";-0.14;"A";"Данные ЦМИ";"Не-базовые товары";"Темп прироста к предыдущей неделе";"Неделя";"2";"%";"0"
"2022-09-26";-0.11;"A";"Данные ЦМИ";"Не-базовые товары";"Темп прироста к предыдущей неделе";"Неделя";"2";"%";"0"
"2022-10-03";0.1;"A";"Данные ЦМИ";"Не-базовые товары";"Темп прироста к предыдущей неделе";"Неделя";"2";"%";"0"
"2022-10-10";0.01;"A";"Данные ЦМИ";"Не-базовые товары";"Темп прироста к предыдущей неделе";"Неделя";"2";"%";"0"
"2022-10-17";0.17;"A";"Данные ЦМИ";"Не-базовые товары";"Темп прироста к предыдущей неделе";"Неделя";"2";"%";"0"
"2022-10-24";0.2;"A";"Данные ЦМИ";"Не-базовые товары";"Темп прироста к предыдущей неделе";"Неделя";"2";"%";"0"
"2022-10-31";0.19;"A";"Данные ЦМИ";"Не-базовые товары";"Темп прироста к предыдущей неделе";"Неделя";"2";"%";"0"
"2022-11-07";0.13;"A";"Данные ЦМИ";"Не-базовые товары";"Темп прироста к предыдущей неделе";"Неделя";"2";"%";"0"
"2022-11-14";0.21;"A";"Данные ЦМИ";"Не-базовые товары";"Темп прироста к предыдущей неделе";"Неделя";"2";"%";"0"
"2022-11-21";0.4;"A";"Данные ЦМИ";"Не-базовые товары";"Темп прироста к предыдущей неделе";"Неделя";"2";"%";"0"
"2022-11-28";0.5;"A";"Данные ЦМИ";"Не-базовые товары";"Темп прироста к предыдущей неделе";"Неделя";"2";"%";"0"
"2022-12-05";3.07;"A";"Данные ЦМИ";"Не-базовые товары";"Темп прироста к предыдущей неделе";"Неделя";"2";"%";"0"
"2022-12-12";0.78;"A";"Данные ЦМИ";"Не-базовые товары";"Темп прироста к предыдущей неделе";"Неделя";"2";"%";"0"
"2022-12-19";0.44;"A";"Данные ЦМИ";"Не-базовые товары";"Темп прироста к предыдущей неделе";"Неделя";"2";"%";"0"
"2022-12-26";0.54;"A";"Данные ЦМИ";"Не-базовые товары";"Темп прироста к предыдущей неделе";"Неделя";"2";"%";"0"
"2023-01-09";0.95;"A";"Данные ЦМИ";"Не-базовые товары";"Темп прироста к предыдущей неделе";"Неделя";"2";"%";"0"
"2023-01-16";0.44;"A";"Данные ЦМИ";"Не-базовые товары";"Темп прироста к предыдущей неделе";"Неделя";"2";"%";"0"
"2023-01-23";0.43;"A";"Данные ЦМИ";"Не-базовые товары";"Темп прироста к предыдущей неделе";"Неделя";"2";"%";"0"
"2023-01-30";0.5;"A";"Данные ЦМИ";"Не-базовые товары";"Темп прироста к предыдущей неделе";"Неделя";"2";"%";"0"
"2023-02-06";0.83;"A";"Данные ЦМИ";"Не-базовые товары";"Темп прироста к предыдущей неделе";"Неделя";"2";"%";"0"
"2023-02-13";0.57;"A";"Данные ЦМИ";"Не-базовые товары";"Темп прироста к предыдущей неделе";"Неделя";"2";"%";"0"
"2023-02-20";0.32;"A";"Данные ЦМИ";"Не-базовые товары";"Темп прироста к предыдущей неделе";"Неделя";"2";"%";"0"
"2023-02-27";-0.05;"A";"Данные ЦМИ";"Не-базовые товары";"Темп прироста к предыдущей неделе";"Неделя";"2";"%";"0"
"2023-03-06";-0.17;"A";"Данные ЦМИ";"Не-базовые товары";"Темп прироста к предыдущей неделе";"Неделя";"2";"%";"0"
"2023-03-13";0.08;"A";"Данные ЦМИ";"Не-базовые товары";"Темп прироста к предыдущей неделе";"Неделя";"2";"%";"0"
"2023-03-20";0.06;"A";"Данные ЦМИ";"Не-базовые товары";"Темп прироста к предыдущей неделе";"Неделя";"2";"%";"0"
"2023-03-27";0.22;"A";"Данные ЦМИ";"Не-базовые товары";"Темп прироста к предыдущей неделе";"Неделя";"2";"%";"0"
"2023-04-03";0.19;"A";"Данные ЦМИ";"Не-базовые товары";"Темп прироста к предыдущей неделе";"Неделя";"2";"%";"0"
"2023-04-10";0.08;"A";"Данные ЦМИ";"Не-базовые товары";"Темп прироста к предыдущей неделе";"Неделя";"2";"%";"0"
"2023-04-17";0.24;"A";"Данные ЦМИ";"Не-базовые товары";"Темп прироста к предыдущей неделе";"Неделя";"2";"%";"0"
"2023-04-24";0.35;"A";"Данные ЦМИ";"Не-базовые товары";"Темп прироста к предыдущей неделе";"Неделя";"2";"%";"0"
"2023-05-02";0.16;"A";"Данные ЦМИ";"Не-базовые товары";"Темп прироста к предыдущей неделе";"Неделя";"2";"%";"0"
"2023-05-10";0.07;"A";"Данные ЦМИ";"Не-базовые товары";"Темп прироста к предыдущей неделе";"Неделя";"2";"%";"0"
"2023-05-15";0.12;"A";"Данные ЦМИ";"Не-базовые товары";"Темп прироста к предыдущей неделе";"Неделя";"2";"%";"0"
"2023-05-22";0.08;"A";"Данные ЦМИ";"Не-базовые товары";"Темп прироста к предыдущей неделе";"Неделя";"2";"%";"0"
"2023-05-29";0.06;"A";"Данные ЦМИ";"Не-базовые товары";"Темп прироста к предыдущей неделе";"Неделя";"2";"%";"0"
"2023-06-05";-0.08;"A";"Данные ЦМИ";"Не-базовые товары";"Темп прироста к предыдущей неделе";"Неделя";"2";"%";"0"
"2023-06-13";-0.19;"A";"Данные ЦМИ";"Не-базовые товары";"Темп прироста к предыдущей неделе";"Неделя";"2";"%";"0"
"2023-06-19";0.04;"A";"Данные ЦМИ";"Не-базовые товары";"Темп прироста к предыдущей неделе";"Неделя";"2";"%";"0"
"2023-06-26";0.17;"A";"Данные ЦМИ";"Не-базовые товары";"Темп прироста к предыдущей неделе";"Неделя";"2";"%";"0"
"2023-07-03";0.24;"A";"Данные ЦМИ";"Не-базовые товары";"Темп прироста к предыдущей неделе";"Неделя";"2";"%";"0"
"2023-07-10";0.24;"A";"Данные ЦМИ";"Не-базовые товары";"Темп прироста к предыдущей неделе";"Неделя";"2";"%";"0"
"2023-07-17";0.4;"A";"Данные ЦМИ";"Не-базовые товары";"Темп прироста к предыдущей неделе";"Неделя";"2";"%";"0"
"2023-07-24";0.42;"A";"Данные ЦМИ";"Не-базовые товары";"Темп прироста к предыдущей неделе";"Неделя";"2";"%";"0"
"2023-07-31";0.07;"A";"Данные ЦМИ";"Не-базовые товары";"Темп прироста к предыдущей неделе";"Неделя";"2";"%";"0"
"2023-08-07";-0.13;"A";"Данные ЦМИ";"Не-базовые товары";"Темп прироста к предыдущей неделе";"Неделя";"2";"%";"0"
"2023-08-14";-0.24;"A";"Данные ЦМИ";"Не-базовые товары";"Темп прироста к предыдущей неделе";"Неделя";"2";"%";"0"
"2023-08-21";-0.4;"A";"Данные ЦМИ";"Не-базовые товары";"Темп прироста к предыдущей неделе";"Неделя";"2";"%";"0"
"2023-08-28";-0.31;"A";"Данные ЦМИ";"Не-базовые товары";"Темп прироста к предыдущей неделе";"Неделя";"2";"%";"0"
"2023-09-04";-0.1;"A";"Данные ЦМИ";"Не-базовые товары";"Темп прироста к предыдущей неделе";"Неделя";"2";"%";"0"
"2023-09-11";-0.01;"A";"Данные ЦМИ";"Не-базовые товары";"Темп прироста к предыдущей неделе";"Неделя";"2";"%";"0"
"2023-09-18";0.28;"A";"Данные ЦМИ";"Не-базовые товары";"Темп прироста к предыдущей неделе";"Неделя";"2";"%";"0"
"2023-09-25";0.24;"A";"Данные ЦМИ";"Не-базовые товары";"Темп прироста к предыдущей неделе";"Неделя";"2";"%";"0"
"2023-10-02";0.06;"A";"Данные ЦМИ";"Не-базовые товары";"Темп прироста к предыдущей неделе";"Неделя";"2";"%";"0"
"2023-10-09";-0.01;"A";"Данные ЦМИ";"Не-базовые товары";"Темп прироста к предыдущей неделе";"Неделя";"2";"%";"0"
"2023-10-16";0.18;"A";"Данные ЦМИ";"Не-базовые товары";"Темп прироста к предыдущей неделе";"Неделя";"2";"%";"0"
"2023-10-23";0.17;"A";"Данные ЦМИ";"Не-базовые товары";"Темп прироста к предыдущей неделе";"Неделя";"2";"%";"0"
"2023-10-30";0.15;"A";"Данные ЦМИ";"Не-базовые товары";"Темп прироста к предыдущей неделе";"Неделя";"2";"%";"0"
"2023-11-07";0.37;"A";"Данные ЦМИ";"Не-базовые товары";"Темп прироста к предыдущей неделе";"Неделя";"2";"%";"0"
"2023-11-13";0.39;"A";"Данные ЦМИ";"Не-базовые товары";"Темп прироста к предыдущей неделе";"Неделя";"2";"%";"0"
"2023-11-20";0.37;"A";"Данные ЦМИ";"Не-базовые товары";"Темп прироста к предыдущей неделе";"Неделя";"2";"%";"0"
"2023-11-27";0.33;"A";"Данные ЦМИ";"Не-базовые товары";"Темп прироста к предыдущей неделе";"Неделя";"2";"%";"0"
"2023-12-04";0.28;"A";"Данные ЦМИ";"Не-базовые товары";"Темп прироста к предыдущей неделе";"Неделя";"2";"%";"0"
"2023-12-11";0.32;"A";"Данные ЦМИ";"Не-базовые товары";"Темп прироста к предыдущей неделе";"Неделя";"2";"%";"0"
"2023-12-18";0.45;"A";"Данные ЦМИ";"Не-базовые товары";"Темп прироста к предыдущей неделе";"Неделя";"2";"%";"0"
"2023-12-25";0.64;"A";"Данные ЦМИ";"Не-базовые товары";"Темп прироста к предыдущей неделе";"Неделя";"2";"%";"0"
"2024-01-09";1.16;"A";"Данные ЦМИ";"Не-базовые товары";"Темп прироста к предыдущей неделе";"Неделя";"2";"%";"0"
"2024-01-15";0.36;"A";"Данные ЦМИ";"Не-базовые товары";"Темп прироста к предыдущей неделе";"Неделя";"2";"%";"0"
"2024-01-22";0.2;"A";"Данные ЦМИ";"Не-базовые товары";"Темп прироста к предыдущей неделе";"Неделя";"2";"%";"0"
"2024-01-29";0.35;"A";"Данные ЦМИ";"Не-базовые товары";"Темп прироста к предыдущей неделе";"Неделя";"2";"%";"0"
"2024-02-05";0.29;"A";"Данные ЦМИ";"Не-базовые товары";"Темп прироста к предыдущей неделе";"Неделя";"2";"%";"0"
"2024-02-12";0.29;"A";"Данные ЦМИ";"Не-базовые товары";"Темп прироста к предыдущей неделе";"Неделя";"2";"%";"0"
"2024-02-19";0.29;"A";"Данные ЦМИ";"Не-базовые товары";"Темп прироста к предыдущей неделе";"Неделя";"2";"%";"0"
"2024-02-26";0.18;"A";"Данные ЦМИ";"Не-базовые товары";"Темп прироста к предыдущей неделе";"Неделя";"2";"%";"0"
"2024-03-04";0.03;"A";"Данные ЦМИ";"Не-базовые товары";"Темп прироста к предыдущей неделе";"Неделя";"2";"%";"0"
"2024-03-11";-0.02;"A";"Данные ЦМИ";"Не-базовые товары";"Темп прироста к предыдущей неделе";"Неделя";"2";"%";"0"
"2024-03-18";-0.13;"A";"Данные ЦМИ";"Не-базовые товары";"Темп прироста к предыдущей неделе";"Неделя";"2";"%";"0"
"2024-03-25";0.02;"A";"Данные ЦМИ";"Не-базовые товары";"Темп прироста к предыдущей неделе";"Неделя";"2";"%";"0"
"2024-04-01";0.07;"A";"Данные ЦМИ";"Не-базовые товары";"Темп прироста к предыдущей неделе";"Неделя";"2";"%";"0"
"2024-04-08";0.22;"A";"Данные ЦМИ";"Не-базовые товары";"Темп прироста к предыдущей неделе";"Неделя";"2";"%";"0"
"2024-04-15";0.14;"A";"Данные ЦМИ";"Не-базовые товары";"Темп прироста к предыдущей неделе";"Неделя";"2";"%";"0"
"2024-04-22";0.06;"A";"Данные ЦМИ";"Не-базовые товары";"Темп прироста к предыдущей неделе";"Неделя";"2";"%";"0"
"2024-05-02";0.01;"A";"Данные ЦМИ";"Не-базовые товары";"Темп прироста к предыдущей неделе";"Неделя";"2";"%";"0"
"2024-05-06";0.02;"A";"Данные ЦМИ";"Не-базовые товары";"Темп прироста к предыдущей неделе";"Неделя";"2";"%";"0"
"2024-05-13";0.11;"A";"Данные ЦМИ";"Не-базовые товары";"Темп прироста к предыдущей неделе";"Неделя";"2";"%";"0"
"2024-05-20";0.09;"A";"Данные ЦМИ";"Не-базовые товары";"Темп прироста к предыдущей неделе";"Неделя";"2";"%";"0"
"2024-05-27";0.08;"A";"Данные ЦМИ";"Не-базовые товары";"Темп прироста к предыдущей неделе";"Неделя";"2";"%";"0"
"2024-06-03";0.14;"A";"Данные ЦМИ";"Не-базовые товары";"Темп прироста к предыдущей неделе";"Неделя";"2";"%";"0"
"2024-06-10";0.19;"A";"Данные ЦМИ";"Не-базовые товары";"Темп прироста к предыдущей неделе";"Неделя";"2";"%";"0"
"2024-06-17";0.28;"A";"Данные ЦМИ";"Не-базовые товары";"Темп прироста к предыдущей неделе";"Неделя";"2";"%";"0"
"2024-06-24";0.29;"A";"Данные ЦМИ";"Не-базовые товары";"Темп прироста к предыдущей неделе";"Неделя";"2";"%";"0"
"2024-07-01";2.2;"A";"Данные ЦМИ";"Не-базовые товары";"Темп прироста к предыдущей неделе";"Неделя";"2";"%";"0"
"2024-07-08";0.3;"A";"Данные ЦМИ";"Не-базовые товары";"Темп прироста к предыдущей неделе";"Неделя";"2";"%";"0"
"2024-07-15";0.19;"A";"Данные ЦМИ";"Не-базовые товары";"Темп прироста к предыдущей неделе";"Неделя";"2";"%";"0"
"2024-07-22";0.05;"A";"Данные ЦМИ";"Не-базовые товары";"Темп прироста к предыдущей неделе";"Неделя";"2";"%";"0"
"2024-07-29";-0.05;"A";"Данные ЦМИ";"Не-базовые товары";"Темп прироста к предыдущей неделе";"Неделя";"2";"%";"0"
"2024-08-05";-0.15;"A";"Данные ЦМИ";"Не-базовые товары";"Темп прироста к предыдущей неделе";"Неделя";"2";"%";"0"
"2024-08-12";-0.17;"A";"Данные ЦМИ";"Не-базовые товары";"Темп прироста к предыдущей неделе";"Неделя";"2";"%";"0"
"2024-08-19";-0.24;"A";"Данные ЦМИ";"Не-базовые товары";"Темп прироста к предыдущей неделе";"Неделя";"2";"%";"0"
"2024-08-26";-0.25;"A";"Данные ЦМИ";"Не-базовые товары";"Темп прироста к предыдущей неделе";"Неделя";"2";"%";"0"
"2024-09-02";-0.27;"A";"Данные ЦМИ";"Не-базовые товары";"Темп прироста к предыдущей неделе";"Неделя";"2";"%";"0"
"2024-09-09";-0.23;"A";"Данные ЦМИ";"Не-базовые товары";"Темп прироста к предыдущей неделе";"Неделя";"2";"%";"0"
"2024-09-16";-0.24;"A";"Данные ЦМИ";"Не-базовые товары";"Темп прироста к предыдущей неделе";"Неделя";"2";"%";"0"
"2024-09-23";-0.2;"A";"Данные ЦМИ";"Не-базовые товары";"Темп прироста к предыдущей неделе";"Неделя";"2";"%";"0"
"2024-09-30";-0.11;"A";"Данные ЦМИ";"Не-базовые товары";"Темп прироста к предыдущей неделе";"Неделя";"2";"%";"0"
"2024-10-07";-0.15;"A";"Данные ЦМИ";"Не-базовые товары";"Темп прироста к предыдущей неделе";"Неделя";"2";"%";"0"
"2024-10-14";0.09;"A";"Данные ЦМИ";"Не-базовые товары";"Темп прироста к предыдущей неделе";"Неделя";"2";"%";"0"
"2024-10-21";0.18;"A";"Данные ЦМИ";"Не-базовые товары";"Темп прироста к предыдущей неделе";"Неделя";"2";"%";"0"
"2024-10-28";0.43;"A";"Данные ЦМИ";"Не-базовые товары";"Темп прироста к предыдущей неделе";"Неделя";"2";"%";"0"
"2024-11-05";0.8;"A";"Данные ЦМИ";"Не-базовые товары";"Темп прироста к предыдущей неделе";"Неделя";"2";"%";"0"
"2024-11-11";0.71;"A";"Данные ЦМИ";"Не-базовые товары";"Темп прироста к предыдущей неделе";"Неделя";"2";"%";"0"
"2024-11-18";0.91;"A";"Данные ЦМИ";"Не-базовые товары";"Темп прироста к предыдущей неделе";"Неделя";"2";"%";"0"
"2024-11-25";0.84;"A";"Данные ЦМИ";"Не-базовые товары";"Темп прироста к предыдущей неделе";"Неделя";"2";"%";"0"
"2024-12-02";0.84;"A";"Данные ЦМИ";"Не-базовые товары";"Темп прироста к предыдущей неделе";"Неделя";"2";"%";"0"
"2024-12-09";0.83;"A";"Данные ЦМИ";"Не-базовые товары";"Темп прироста к предыдущей неделе";"Неделя";"2";"%";"0"
"2024-12-16";0.92;"A";"Данные ЦМИ";"Не-базовые товары";"Темп прироста к предыдущей неделе";"Неделя";"2";"%";"0"
"2024-12-23";0.72;"A";"Данные ЦМИ";"Не-базовые товары";"Темп прироста к предыдущей неделе";"Неделя";"2";"%";"0"
"2025-01-09";1.04;"A";"Данные ЦМИ";"Не-базовые товары";"Темп прироста к предыдущей неделе";"Неделя";"2";"%";"0"
"2025-01-13";0.23;"A";"Данные ЦМИ";"Не-базовые товары";"Темп прироста к предыдущей неделе";"Неделя";"2";"%";"0"
"2025-01-20";0.23;"A";"Данные ЦМИ";"Не-базовые товары";"Темп прироста к предыдущей неделе";"Неделя";"2";"%";"0"
"2025-01-27";0.3;"A";"Данные ЦМИ";"Не-базовые товары";"Темп прироста к предыдущей неделе";"Неделя";"2";"%";"0"
"2025-02-03";0.27;"A";"Данные ЦМИ";"Не-базовые товары";"Темп прироста к предыдущей неделе";"Неделя";"2";"%";"0"
"2025-02-10";0.33;"A";"Данные ЦМИ";"Не-базовые товары";"Темп прироста к предыдущей неделе";"Неделя";"2";"%";"0"
"2025-02-17";0.23;"A";"Данные ЦМИ";"Не-базовые товары";"Темп прироста к предыдущей неделе";"Неделя";"2";"%";"0"
"2025-02-24";0.35;"A";"Данные ЦМИ";"Не-базовые товары";"Темп прироста к предыдущей неделе";"Неделя";"2";"%";"0"
"2025-03-03";0.12;"A";"Данные ЦМИ";"Не-базовые товары";"Темп прироста к предыдущей неделе";"Неделя";"2";"%";"0"
"2025-03-10";-0.05;"A";"Данные ЦМИ";"Не-базовые товары";"Темп прироста к предыдущей неделе";"Неделя";"2";"%";"0"
"2025-03-17";-0.07;"A";"Данные ЦМИ";"Не-базовые товары";"Темп прироста к предыдущей неделе";"Неделя";"2";"%";"0"
"2025-03-24";0.16;"A";"Данные ЦМИ";"Не-базовые товары";"Темп прироста к предыдущей неделе";"Неделя";"2";"%";"0"
"2025-03-31";0.29;"A";"Данные ЦМИ";"Не-базовые товары";"Темп прироста к предыдущей неделе";"Неделя";"2";"%";"0"
"2025-04-07";0.17;"A";"Данные ЦМИ";"Не-базовые товары";"Темп прироста к предыдущей неделе";"Неделя";"2";"%";"0"
"2025-04-14";0.19;"A";"Данные ЦМИ";"Не-базовые товары";"Темп прироста к предыдущей неделе";"Неделя";"2";"%";"0"
"2025-04-21";0.15;"A";"Данные ЦМИ";"Не-базовые товары";"Темп прироста к предыдущей неделе";"Неделя";"2";"%";"0"
"2025-04-28";-0.08;"A";"Данные ЦМИ";"Не-базовые товары";"Темп прироста к предыдущей неделе";"Неделя";"2";"%";"0"
"2025-05-05";-0.13;"A";"Данные ЦМИ";"Не-базовые товары";"Темп прироста к предыдущей неделе";"Неделя";"2";"%";"0"
"2025-05-12";-0.26;"A";"Данные ЦМИ";"Не-базовые товары";"Темп прироста к предыдущей неделе";"Неделя";"2";"%";"0"
"2025-05-19";-0.4;"A";"Данные ЦМИ";"Не-базовые товары";"Темп прироста к предыдущей неделе";"Неделя";"2";"%";"0"
"2025-05-26";-0.33;"A";"Данные ЦМИ";"Не-базовые товары";"Темп прироста к предыдущей неделе";"Неделя";"2";"%";"0"
"2025-06-02";-0.32;"A";"Данные ЦМИ";"Не-базовые товары";"Темп прироста к предыдущей неделе";"Неделя";"2";"%";"0"
"2025-06-09";-0.22;"A";"Данные ЦМИ";"Не-базовые товары";"Темп прироста к предыдущей неделе";"Неделя";"2";"%";"0"
"2025-06-16";-0.07;"A";"Данные ЦМИ";"Не-базовые товары";"Темп прироста к предыдущей неделе";"Неделя";"2";"%";"0"
"2025-06-23";-0.09;"A";"Данные ЦМИ";"Не-базовые товары";"Темп прироста к предыдущей неделе";"Неделя";"2";"%";"0"
"2025-06-30";0.01;"A";"Данные ЦМИ";"Не-базовые товары";"Темп прироста к предыдущей неделе";"Неделя";"2";"%";"0"
"2025-07-07";2.6;"A";"Данные ЦМИ";"Не-базовые товары";"Темп прироста к предыдущей неделе";"Неделя";"2";"%";"0"
"2025-07-14";-0.28;"A";"Данные ЦМИ";"Не-базовые товары";"Темп прироста к предыдущей неделе";"Неделя";"2";"%";"0"
"2025-07-21";-0.51;"A";"Данные ЦМИ";"Не-базовые товары";"Темп прироста к предыдущей неделе";"Неделя";"2";"%";"0"
"2025-07-28";-0.57;"A";"Данные ЦМИ";"Не-базовые товары";"Темп прироста к предыдущей неделе";"Неделя";"2";"%";"0"
"2025-08-04";-0.65;"A";"Данные ЦМИ";"Не-базовые товары";"Темп прироста к предыдущей неделе";"Неделя";"2";"%";"0"
"2025-08-11";-0.56;"A";"Данные ЦМИ";"Не-базовые товары";"Темп прироста к предыдущей неделе";"Неделя";"2";"%";"0"
"2025-08-18";-0.42;"A";"Данные ЦМИ";"Не-базовые товары";"Темп прироста к предыдущей неделе";"Неделя";"2";"%";"0"
"2025-08-25";-0.24;"A";"Данные ЦМИ";"Не-базовые товары";"Темп прироста к предыдущей неделе";"Неделя";"2";"%";"0"
"2025-09-01";-0.27;"A";"Данные ЦМИ";"Не-базовые товары";"Темп прироста к предыдущей неделе";"Неделя";"2";"%";"0"
"2025-09-08";-0.06;"A";"Данные ЦМИ";"Не-базовые товары";"Темп прироста к предыдущей неделе";"Неделя";"2";"%";"0"
"2025-09-15";0.05;"A";"Данные ЦМИ";"Не-базовые товары";"Темп прироста к предыдущей неделе";"Неделя";"2";"%";"0"
"2025-09-22";0.22;"A";"Данные ЦМИ";"Не-базовые товары";"Темп прироста к предыдущей неделе";"Неделя";"2";"%";"0"
"2025-09-29";0.34;"A";"Данные ЦМИ";"Не-базовые товары";"Темп прироста к предыдущей неделе";"Неделя";"2";"%";"0"
"2025-10-06";0.5;"A";"Данные ЦМИ";"Не-базовые товары";"Темп прироста к предыдущей неделе";"Неделя";"2";"%";"0"
"2025-10-13";0.46;"A";"Данные ЦМИ";"Не-базовые товары";"Темп прироста к предыдущей неделе";"Неделя";"2";"%";"0"
"2025-10-20";0.47;"A";"Данные ЦМИ";"Не-базовые товары";"Темп прироста к предыдущей неделе";"Неделя";"2";"%";"0"
"2025-10-27";0.32;"A";"Данные ЦМИ";"Не-базовые товары";"Темп прироста к предыдущей неделе";"Неделя";"2";"%";"0"
"2025-11-05";0.26;"A";"Данные ЦМИ";"Не-базовые товары";"Темп прироста к предыдущей неделе";"Неделя";"2";"%";"0"
"2025-11-10";0.2;"A";"Данные ЦМИ";"Не-базовые товары";"Темп прироста к предыдущей неделе";"Неделя";"2";"%";"0"
"2025-11-17";0.24;"A";"Данные ЦМИ";"Не-базовые товары";"Темп прироста к предыдущей неделе";"Неделя";"2";"%";"0"
"2025-11-24";0.13;"A";"Данные ЦМИ";"Не-базовые товары";"Темп прироста к предыдущей неделе";"Неделя";"2";"%";"0"
"2025-12-01";0.06;"A";"Данные ЦМИ";"Не-базовые товары";"Темп прироста к предыдущей неделе";"Неделя";"2";"%";"0"
"2025-12-08";-0.11;"A";"Данные ЦМИ";"Не-базовые товары";"Темп прироста к предыдущей неделе";"Неделя";"2";"%";"0"
"2025-12-15";0.02;"A";"Данные ЦМИ";"Не-базовые товары";"Темп прироста к предыдущей неделе";"Неделя";"2";"%";"0"
"2025-12-22";0.41;"A";"Данные ЦМИ";"Не-базовые товары";"Темп прироста к предыдущей неделе";"Неделя";"2";"%";"0"
"2026-01-12";2.49;"A";"Данные ЦМИ";"Не-базовые товары";"Темп прироста к предыдущей неделе";"Неделя";"2";"%";"0"
"2026-01-19";0.72;"A";"Данные ЦМИ";"Не-базовые товары";"Темп прироста к предыдущей неделе";"Неделя";"2";"%";"0"
"2026-01-26";0.62;"A";"Данные ЦМИ";"Не-базовые товары";"Темп прироста к предыдущей неделе";"Неделя";"2";"%";"0"
"2026-02-02";0.66;"A";"Данные ЦМИ";"Не-базовые товары";"Темп прироста к предыдущей неделе";"Неделя";"2";"%";"0"
"2026-02-09";0.55;"A";"Данные ЦМИ";"Не-базовые товары";"Темп прироста к предыдущей неделе";"Неделя";"2";"%";"0"
"2026-02-16";0.32;"A";"Данные ЦМИ";"Не-базовые товары";"Темп прироста к предыдущей неделе";"Неделя";"2";"%";"0"
"2026-02-24";0.24;"A";"Данные ЦМИ";"Не-базовые товары";"Темп прироста к предыдущей неделе";"Неделя";"2";"%";"0"
"2026-03-02";0.02;"A";"Данные ЦМИ";"Не-базовые товары";"Темп прироста к предыдущей неделе";"Неделя";"2";"%";"0"
"2026-03-10";0.16;"A";"Данные ЦМИ";"Не-базовые товары";"Темп прироста к предыдущей неделе";"Неделя";"2";"%";"0"
"2026-03-16";0.12;"A";"Данные ЦМИ";"Не-базовые товары";"Темп прироста к предыдущей неделе";"Неделя";"2";"%";"0"
"2026-03-23";0.26;"A";"Данные ЦМИ";"Не-базовые товары";"Темп прироста к предыдущей неделе";"Неделя";"2";"%";"0"
"2026-03-30";0.13;"A";"Данные ЦМИ";"Не-базовые товары";"Темп прироста к предыдущей неделе";"Неделя";"2";"%";"0"
"2026-04-06";0.32;"A";"Данные ЦМИ";"Не-базовые товары";"Темп прироста к предыдущей неделе";"Неделя";"2";"%";"0"
"2026-04-13";0.07;"A";"Данные ЦМИ";"Не-базовые товары";"Темп прироста к предыдущей неделе";"Неделя";"2";"%";"0"
"2026-04-20";-0.09;"A";"Данные ЦМИ";"Не-базовые товары";"Темп прироста к предыдущей неделе";"Неделя";"2";"%";"0"
"2026-04-27";-0.28;"A";"Данные ЦМИ";"Не-базовые товары";"Темп прироста к предыдущей неделе";"Неделя";"2";"%";"0"
"2026-05-04";-0.52;"A";"Данные ЦМИ";"Не-базовые товары";"Темп прироста к предыдущей неделе";"Неделя";"2";"%";"0"
"2026-05-12";-0.76;"A";"Данные ЦМИ";"Не-базовые товары";"Темп прироста к предыдущей неделе";"Неделя";"2";"%";"0"
"2026-05-18";-0.46;"A";"Данные ЦМИ";"Не-базовые товары";"Темп прироста к предыдущей неделе";"Неделя";"2";"%";"0"
"2026-05-25";0.01;"A";"Данные ЦМИ";"Не-базовые товары";"Темп прироста к предыдущей неделе";"Неделя";"2";"%";"0"
"2026-06-01";0.28;"A";"Данные ЦМИ";"Не-базовые товары";"Темп прироста к предыдущей неделе";"Неделя";"2";"%";"0"
"2026-06-08";0.57;"A";"Данные ЦМИ";"Не-базовые товары";"Темп прироста к предыдущей неделе";"Неделя";"2";"%";"0"
"2026-06-15";0.38;"A";"Данные ЦМИ";"Не-базовые товары";"Темп прироста к предыдущей неделе";"Неделя";"2";"%";"0"
"2026-06-22";0.7;"A";"Данные ЦМИ";"Не-базовые товары";"Темп прироста к предыдущей неделе";"Неделя";"2";"%";"0"
"2026-06-29";0.37;"A";"Данные ЦМИ";"Не-базовые товары";"Темп прироста к предыдущей неделе";"Неделя";"2";"%";"0"
"2026-07-06";0.29;"A";"Данные ЦМИ";"Не-базовые товары";"Темп прироста к предыдущей неделе";"Неделя";"2";"%";"0"
"2026-07-13";0.32;"A";"Данные ЦМИ";"Не-базовые товары";"Темп прироста к предыдущей неделе";"Неделя";"2";"%";"0"
"2026-07-20";0.33;"A";"Данные ЦМИ";"Не-базовые товары";"Темп прироста к предыдущей неделе";"Неделя";"2";"%";"0"
"2026-07-27";0.13;"A";"Данные ЦМИ";"Не-базовые товары";"Темп прироста к предыдущей неделе";"Неделя";"2";"%";"0"
"2026-08-03";-0.16;"A";"Данные ЦМИ";"Не-базовые товары";"Темп прироста к предыдущей неделе";"Неделя";"2";"%";"0"
"2026-08-10";-0.11;"A";"Данные ЦМИ";"Не-базовые товары";"Темп прироста к предыдущей неделе";"Неделя";"2";"%";"0"
"2026-08-17";-0.14;"A";"Данные ЦМИ";"Не-базовые товары";"Темп прироста к предыдущей неделе";"Неделя";"2";"%";"0"
"2026-08-24";0.08;"A";"Данные ЦМИ";"Не-базовые товары";"Темп прироста к предыдущей неделе";"Неделя";"2";"%";"0"
"2026-08-31";0.06;"A";"Данные ЦМИ";"Не-базовые товары";"Темп прироста к предыдущей неделе";"Неделя";"2";"%";"0"
"2026-09-07";-0.01;"A";"Данные ЦМИ";"Не-базовые товары";"Темп прироста к предыдущей неделе";"Неделя";"2";"%";"0"
"2026-09-14";0.03;"A";"Данные ЦМИ";"Не-базовые товары";"Темп прироста к предыдущей неделе";"Неделя";"2";"%";"0"
"2026-09-21";-0.22;"A";"Данные ЦМИ";"Не-базовые товары";"Темп прироста к предыдущей неделе";"Неделя";"2";"%";"0"
"2026-09-28";-0.19;"A";"Данные ЦМИ";"Не-базовые товары";"Темп прироста к предыдущей неделе";"Неделя";"2";"%";"0"
"2022-01-10";5.99;"A";"Данные ЦМИ";"Услуги пассажирского транспорта";"Темп прироста к предыдущей неделе";"Неделя";"2";"%";"0"
"2022-01-14";0.04;"A";"Данные ЦМИ";"Услуги пассажирского транспорта";"Темп прироста к предыдущей неделе";"Неделя";"2";"%";"0"
"2022-01-21";0.13;"A";"Данные ЦМИ";"Услуги пассажирского транспорта";"Темп прироста к предыдущей неделе";"Неделя";"2";"%";"0"
"2022-01-28";0.04;"A";"Данные ЦМИ";"Услуги пассажирского транспорта";"Темп прироста к предыдущей неделе";"Неделя";"2";"%";"0"
"2022-02-04";0.37;"A";"Данные ЦМИ";"Услуги пассажирского транспорта";"Темп прироста к предыдущей неделе";"Неделя";"2";"%";"0"
"2022-02-11";0.15;"A";"Данные ЦМИ";"Услуги пассажирского транспорта";"Темп прироста к предыдущей неделе";"Неделя";"2";"%";"0"
"2022-02-18";0.02;"A";"Данные ЦМИ";"Услуги пассажирского транспорта";"Темп прироста к предыдущей неделе";"Неделя";"2";"%";"0"
"2022-02-25";0;"A";"Данные ЦМИ";"Услуги пассажирского транспорта";"Темп прироста к предыдущей неделе";"Неделя";"2";"%";"0"
"2022-03-04";0.1;"A";"Данные ЦМИ";"Услуги пассажирского транспорта";"Темп прироста к предыдущей неделе";"Неделя";"2";"%";"0"
"2022-03-11";0;"A";"Данные ЦМИ";"Услуги пассажирского транспорта";"Темп прироста к предыдущей неделе";"Неделя";"2";"%";"0"
"2022-03-18";0.17;"A";"Данные ЦМИ";"Услуги пассажирского транспорта";"Темп прироста к предыдущей неделе";"Неделя";"2";"%";"0"
"2022-03-25";0.06;"A";"Данные ЦМИ";"Услуги пассажирского транспорта";"Темп прироста к предыдущей неделе";"Неделя";"2";"%";"0"
"2022-04-01";0.3;"A";"Данные ЦМИ";"Услуги пассажирского транспорта";"Темп прироста к предыдущей неделе";"Неделя";"2";"%";"0"
"2022-04-08";0.08;"A";"Данные ЦМИ";"Услуги пассажирского транспорта";"Темп прироста к предыдущей неделе";"Неделя";"2";"%";"0"
"2022-04-15";0.92;"A";"Данные ЦМИ";"Услуги пассажирского транспорта";"Темп прироста к предыдущей неделе";"Неделя";"2";"%";"0"
"2022-04-22";0;"A";"Данные ЦМИ";"Услуги пассажирского транспорта";"Темп прироста к предыдущей неделе";"Неделя";"2";"%";"0"
"2022-04-29";0;"A";"Данные ЦМИ";"Услуги пассажирского транспорта";"Темп прироста к предыдущей неделе";"Неделя";"2";"%";"0"
"2022-05-06";0.12;"A";"Данные ЦМИ";"Услуги пассажирского транспорта";"Темп прироста к предыдущей неделе";"Неделя";"2";"%";"0"
"2022-05-13";0.09;"A";"Данные ЦМИ";"Услуги пассажирского транспорта";"Темп прироста к предыдущей неделе";"Неделя";"2";"%";"0"
"2022-05-20";0.08;"A";"Данные ЦМИ";"Услуги пассажирского транспорта";"Темп прироста к предыдущей неделе";"Неделя";"2";"%";"0"
"2022-05-27";0.07;"A";"Данные ЦМИ";"Услуги пассажирского транспорта";"Темп прироста к предыдущей неделе";"Неделя";"2";"%";"0"
"2022-06-03";0.2;"A";"Данные ЦМИ";"Услуги пассажирского транспорта";"Темп прироста к предыдущей неделе";"Неделя";"2";"%";"0"
"2022-06-10";0.02;"A";"Данные ЦМИ";"Услуги пассажирского транспорта";"Темп прироста к предыдущей неделе";"Неделя";"2";"%";"0"
"2022-06-17";0.05;"A";"Данные ЦМИ";"Услуги пассажирского транспорта";"Темп прироста к предыдущей неделе";"Неделя";"2";"%";"0"
"2022-06-24";0.04;"A";"Данные ЦМИ";"Услуги пассажирского транспорта";"Темп прироста к предыдущей неделе";"Неделя";"2";"%";"0"
"2022-07-01";0.15;"A";"Данные ЦМИ";"Услуги пассажирского транспорта";"Темп прироста к предыдущей неделе";"Неделя";"2";"%";"0"
"2022-07-08";0.25;"A";"Данные ЦМИ";"Услуги пассажирского транспорта";"Темп прироста к предыдущей неделе";"Неделя";"2";"%";"0"
"2022-07-15";0.2;"A";"Данные ЦМИ";"Услуги пассажирского транспорта";"Темп прироста к предыдущей неделе";"Неделя";"2";"%";"0"
"2022-07-22";0.09;"A";"Данные ЦМИ";"Услуги пассажирского транспорта";"Темп прироста к предыдущей неделе";"Неделя";"2";"%";"0"
"2022-08-01";0.41;"A";"Данные ЦМИ";"Услуги пассажирского транспорта";"Темп прироста к предыдущей неделе";"Неделя";"2";"%";"0"
"2022-08-08";0;"A";"Данные ЦМИ";"Услуги пассажирского транспорта";"Темп прироста к предыдущей неделе";"Неделя";"2";"%";"0"
"2022-08-15";0.36;"A";"Данные ЦМИ";"Услуги пассажирского транспорта";"Темп прироста к предыдущей неделе";"Неделя";"2";"%";"0"
"2022-08-22";0.01;"A";"Данные ЦМИ";"Услуги пассажирского транспорта";"Темп прироста к предыдущей неделе";"Неделя";"2";"%";"0"
"2022-08-29";0.01;"A";"Данные ЦМИ";"Услуги пассажирского транспорта";"Темп прироста к предыдущей неделе";"Неделя";"2";"%";"0"
"2022-09-05";0.05;"A";"Данные ЦМИ";"Услуги пассажирского транспорта";"Темп прироста к предыдущей неделе";"Неделя";"2";"%";"0"
"2022-09-12";0.08;"A";"Данные ЦМИ";"Услуги пассажирского транспорта";"Темп прироста к предыдущей неделе";"Неделя";"2";"%";"0"
"2022-09-19";0.12;"A";"Данные ЦМИ";"Услуги пассажирского транспорта";"Темп прироста к предыдущей неделе";"Неделя";"2";"%";"0"
"2022-09-26";0.02;"A";"Данные ЦМИ";"Услуги пассажирского транспорта";"Темп прироста к предыдущей неделе";"Неделя";"2";"%";"0"
"2022-10-03";0.18;"A";"Данные ЦМИ";"Услуги пассажирского транспорта";"Темп прироста к предыдущей неделе";"Неделя";"2";"%";"0"
"2022-10-10";0;"A";"Данные ЦМИ";"Услуги пассажирского транспорта";"Темп прироста к предыдущей неделе";"Неделя";"2";"%";"0"
"2022-10-17";0;"A";"Данные ЦМИ";"Услуги пассажирского транспорта";"Темп прироста к предыдущей неделе";"Неделя";"2";"%";"0"
"2022-10-24";0;"A";"Данные ЦМИ";"Услуги пассажирского транспорта";"Темп прироста к предыдущей неделе";"Неделя";"2";"%";"0"
"2022-10-31";0.01;"A";"Данные ЦМИ";"Услуги пассажирского транспорта";"Темп прироста к предыдущей неделе";"Неделя";"2";"%";"0"
"2022-11-07";0.31;"A";"Данные ЦМИ";"Услуги пассажирского транспорта";"Темп прироста к предыдущей неделе";"Неделя";"2";"%";"0"
"2022-11-14";0;"A";"Данные ЦМИ";"Услуги пассажирского транспорта";"Темп прироста к предыдущей неделе";"Неделя";"2";"%";"0"
"2022-11-21";0.03;"A";"Данные ЦМИ";"Услуги пассажирского транспорта";"Темп прироста к предыдущей неделе";"Неделя";"2";"%";"0"
"2022-11-28";0.03;"A";"Данные ЦМИ";"Услуги пассажирского транспорта";"Темп прироста к предыдущей неделе";"Неделя";"2";"%";"0"
"2022-12-05";0.32;"A";"Данные ЦМИ";"Услуги пассажирского транспорта";"Темп прироста к предыдущей неделе";"Неделя";"2";"%";"0"
"2022-12-12";0.05;"A";"Данные ЦМИ";"Услуги пассажирского транспорта";"Темп прироста к предыдущей неделе";"Неделя";"2";"%";"0"
"2022-12-19";0.04;"A";"Данные ЦМИ";"Услуги пассажирского транспорта";"Темп прироста к предыдущей неделе";"Неделя";"2";"%";"0"
"2022-12-26";0.19;"A";"Данные ЦМИ";"Услуги пассажирского транспорта";"Темп прироста к предыдущей неделе";"Неделя";"2";"%";"0"
"2023-01-09";3.25;"A";"Данные ЦМИ";"Услуги пассажирского транспорта";"Темп прироста к предыдущей неделе";"Неделя";"2";"%";"0"
"2023-01-16";0.48;"A";"Данные ЦМИ";"Услуги пассажирского транспорта";"Темп прироста к предыдущей неделе";"Неделя";"2";"%";"0"
"2023-01-23";0.26;"A";"Данные ЦМИ";"Услуги пассажирского транспорта";"Темп прироста к предыдущей неделе";"Неделя";"2";"%";"0"
"2023-01-30";0.1;"A";"Данные ЦМИ";"Услуги пассажирского транспорта";"Темп прироста к предыдущей неделе";"Неделя";"2";"%";"0"
"2023-02-06";0.73;"A";"Данные ЦМИ";"Услуги пассажирского транспорта";"Темп прироста к предыдущей неделе";"Неделя";"2";"%";"0"
"2023-02-13";0.12;"A";"Данные ЦМИ";"Услуги пассажирского транспорта";"Темп прироста к предыдущей неделе";"Неделя";"2";"%";"0"
"2023-02-20";0.28;"A";"Данные ЦМИ";"Услуги пассажирского транспорта";"Темп прироста к предыдущей неделе";"Неделя";"2";"%";"0"
"2023-02-27";0.01;"A";"Данные ЦМИ";"Услуги пассажирского транспорта";"Темп прироста к предыдущей неделе";"Неделя";"2";"%";"0"
"2023-03-06";0.59;"A";"Данные ЦМИ";"Услуги пассажирского транспорта";"Темп прироста к предыдущей неделе";"Неделя";"2";"%";"0"
"2023-03-13";0.07;"A";"Данные ЦМИ";"Услуги пассажирского транспорта";"Темп прироста к предыдущей неделе";"Неделя";"2";"%";"0"
"2023-03-20";0.04;"A";"Данные ЦМИ";"Услуги пассажирского транспорта";"Темп прироста к предыдущей неделе";"Неделя";"2";"%";"0"
"2023-03-27";0;"A";"Данные ЦМИ";"Услуги пассажирского транспорта";"Темп прироста к предыдущей неделе";"Неделя";"2";"%";"0"
"2023-04-03";0.31;"A";"Данные ЦМИ";"Услуги пассажирского транспорта";"Темп прироста к предыдущей неделе";"Неделя";"2";"%";"0"
"2023-04-10";0.01;"A";"Данные ЦМИ";"Услуги пассажирского транспорта";"Темп прироста к предыдущей неделе";"Неделя";"2";"%";"0"
"2023-04-17";0.12;"A";"Данные ЦМИ";"Услуги пассажирского транспорта";"Темп прироста к предыдущей неделе";"Неделя";"2";"%";"0"
"2023-04-24";0.04;"A";"Данные ЦМИ";"Услуги пассажирского транспорта";"Темп прироста к предыдущей неделе";"Неделя";"2";"%";"0"
"2023-05-02";0.28;"A";"Данные ЦМИ";"Услуги пассажирского транспорта";"Темп прироста к предыдущей неделе";"Неделя";"2";"%";"0"
"2023-05-10";0;"A";"Данные ЦМИ";"Услуги пассажирского транспорта";"Темп прироста к предыдущей неделе";"Неделя";"2";"%";"0"
"2023-05-15";0;"A";"Данные ЦМИ";"Услуги пассажирского транспорта";"Темп прироста к предыдущей неделе";"Неделя";"2";"%";"0"
"2023-05-22";0.01;"A";"Данные ЦМИ";"Услуги пассажирского транспорта";"Темп прироста к предыдущей неделе";"Неделя";"2";"%";"0"
"2023-05-29";0.07;"A";"Данные ЦМИ";"Услуги пассажирского транспорта";"Темп прироста к предыдущей неделе";"Неделя";"2";"%";"0"
"2023-06-05";0.02;"A";"Данные ЦМИ";"Услуги пассажирского транспорта";"Темп прироста к предыдущей неделе";"Неделя";"2";"%";"0"
"2023-06-13";0;"A";"Данные ЦМИ";"Услуги пассажирского транспорта";"Темп прироста к предыдущей неделе";"Неделя";"2";"%";"0"
"2023-06-19";0.01;"A";"Данные ЦМИ";"Услуги пассажирского транспорта";"Темп прироста к предыдущей неделе";"Неделя";"2";"%";"0"
"2023-06-26";0.01;"A";"Данные ЦМИ";"Услуги пассажирского транспорта";"Темп прироста к предыдущей неделе";"Неделя";"2";"%";"0"
"2023-07-03";0.25;"A";"Данные ЦМИ";"Услуги пассажирского транспорта";"Темп прироста к предыдущей неделе";"Неделя";"2";"%";"0"
"2023-07-10";0.02;"A";"Данные ЦМИ";"Услуги пассажирского транспорта";"Темп прироста к предыдущей неделе";"Неделя";"2";"%";"0"
"2023-07-17";0.23;"A";"Данные ЦМИ";"Услуги пассажирского транспорта";"Темп прироста к предыдущей неделе";"Неделя";"2";"%";"0"
"2023-07-24";0;"A";"Данные ЦМИ";"Услуги пассажирского транспорта";"Темп прироста к предыдущей неделе";"Неделя";"2";"%";"0"
"2023-07-31";0;"A";"Данные ЦМИ";"Услуги пассажирского транспорта";"Темп прироста к предыдущей неделе";"Неделя";"2";"%";"0"
"2023-08-07";0.02;"A";"Данные ЦМИ";"Услуги пассажирского транспорта";"Темп прироста к предыдущей неделе";"Неделя";"2";"%";"0"
"2023-08-14";0.01;"A";"Данные ЦМИ";"Услуги пассажирского транспорта";"Темп прироста к предыдущей неделе";"Неделя";"2";"%";"0"
"2023-08-21";0.12;"A";"Данные ЦМИ";"Услуги пассажирского транспорта";"Темп прироста к предыдущей неделе";"Неделя";"2";"%";"0"
"2023-08-28";0.22;"A";"Данные ЦМИ";"Услуги пассажирского транспорта";"Темп прироста к предыдущей неделе";"Неделя";"2";"%";"0"
"2023-09-04";0.03;"A";"Данные ЦМИ";"Услуги пассажирского транспорта";"Темп прироста к предыдущей неделе";"Неделя";"2";"%";"0"
"2023-09-11";0;"A";"Данные ЦМИ";"Услуги пассажирского транспорта";"Темп прироста к предыдущей неделе";"Неделя";"2";"%";"0"
"2023-09-18";0.03;"A";"Данные ЦМИ";"Услуги пассажирского транспорта";"Темп прироста к предыдущей неделе";"Неделя";"2";"%";"0"
"2023-09-25";0.02;"A";"Данные ЦМИ";"Услуги пассажирского транспорта";"Темп прироста к предыдущей неделе";"Неделя";"2";"%";"0"
"2023-10-02";0.04;"A";"Данные ЦМИ";"Услуги пассажирского транспорта";"Темп прироста к предыдущей неделе";"Неделя";"2";"%";"0"
"2023-10-09";0.04;"A";"Данные ЦМИ";"Услуги пассажирского транспорта";"Темп прироста к предыдущей неделе";"Неделя";"2";"%";"0"
"2023-10-16";2.06;"A";"Данные ЦМИ";"Услуги пассажирского транспорта";"Темп прироста к предыдущей неделе";"Неделя";"2";"%";"0"
"2023-10-23";0.07;"A";"Данные ЦМИ";"Услуги пассажирского транспорта";"Темп прироста к предыдущей неделе";"Неделя";"2";"%";"0"
"2023-10-30";0.04;"A";"Данные ЦМИ";"Услуги пассажирского транспорта";"Темп прироста к предыдущей неделе";"Неделя";"2";"%";"0"
"2023-11-07";0.48;"A";"Данные ЦМИ";"Услуги пассажирского транспорта";"Темп прироста к предыдущей неделе";"Неделя";"2";"%";"0"
"2023-11-13";0.1;"A";"Данные ЦМИ";"Услуги пассажирского транспорта";"Темп прироста к предыдущей неделе";"Неделя";"2";"%";"0"
"2023-11-20";0.51;"A";"Данные ЦМИ";"Услуги пассажирского транспорта";"Темп прироста к предыдущей неделе";"Неделя";"2";"%";"0"
"2023-11-27";0.37;"A";"Данные ЦМИ";"Услуги пассажирского транспорта";"Темп прироста к предыдущей неделе";"Неделя";"2";"%";"0"
"2023-12-04";0.19;"A";"Данные ЦМИ";"Услуги пассажирского транспорта";"Темп прироста к предыдущей неделе";"Неделя";"2";"%";"0"
"2023-12-11";0;"A";"Данные ЦМИ";"Услуги пассажирского транспорта";"Темп прироста к предыдущей неделе";"Неделя";"2";"%";"0"
"2023-12-18";0.16;"A";"Данные ЦМИ";"Услуги пассажирского транспорта";"Темп прироста к предыдущей неделе";"Неделя";"2";"%";"0"
"2023-12-25";0.29;"A";"Данные ЦМИ";"Услуги пассажирского транспорта";"Темп прироста к предыдущей неделе";"Неделя";"2";"%";"0"
"2024-01-09";0.74;"A";"Данные ЦМИ";"Услуги пассажирского транспорта";"Темп прироста к предыдущей неделе";"Неделя";"2";"%";"0"
"2024-01-15";0.33;"A";"Данные ЦМИ";"Услуги пассажирского транспорта";"Темп прироста к предыдущей неделе";"Неделя";"2";"%";"0"
"2024-01-22";0.07;"A";"Данные ЦМИ";"Услуги пассажирского транспорта";"Темп прироста к предыдущей неделе";"Неделя";"2";"%";"0"
"2024-01-29";0.03;"A";"Данные ЦМИ";"Услуги пассажирского транспорта";"Темп прироста к предыдущей неделе";"Неделя";"2";"%";"0"
"2024-02-05";0.06;"A";"Данные ЦМИ";"Услуги пассажирского транспорта";"Темп прироста к предыдущей неделе";"Неделя";"2";"%";"0"
"2024-02-12";0.03;"A";"Данные ЦМИ";"Услуги пассажирского транспорта";"Темп прироста к предыдущей неделе";"Неделя";"2";"%";"0"
"2024-02-19";0.07;"A";"Данные ЦМИ";"Услуги пассажирского транспорта";"Темп прироста к предыдущей неделе";"Неделя";"2";"%";"0"
"2024-02-26";0;"A";"Данные ЦМИ";"Услуги пассажирского транспорта";"Темп прироста к предыдущей неделе";"Неделя";"2";"%";"0"
"2024-03-04";0;"A";"Данные ЦМИ";"Услуги пассажирского транспорта";"Темп прироста к предыдущей неделе";"Неделя";"2";"%";"0"
"2024-03-11";0;"A";"Данные ЦМИ";"Услуги пассажирского транспорта";"Темп прироста к предыдущей неделе";"Неделя";"2";"%";"0"
"2024-03-18";0;"A";"Данные ЦМИ";"Услуги пассажирского транспорта";"Темп прироста к предыдущей неделе";"Неделя";"2";"%";"0"
"2024-03-25";0;"A";"Данные ЦМИ";"Услуги пассажирского транспорта";"Темп прироста к предыдущей неделе";"Неделя";"2";"%";"0"
"2024-04-01";0.36;"A";"Данные ЦМИ";"Услуги пассажирского транспорта";"Темп прироста к предыдущей неделе";"Неделя";"2";"%";"0"
"2024-04-08";0.1;"A";"Данные ЦМИ";"Услуги пассажирского транспорта";"Темп прироста к предыдущей неделе";"Неделя";"2";"%";"0"
"2024-04-15";0.28;"A";"Данные ЦМИ";"Услуги пассажирского транспорта";"Темп прироста к предыдущей неделе";"Неделя";"2";"%";"0"
"2024-04-22";0.02;"A";"Данные ЦМИ";"Услуги пассажирского транспорта";"Темп прироста к предыдущей неделе";"Неделя";"2";"%";"0"
"2024-05-02";0.44;"A";"Данные ЦМИ";"Услуги пассажирского транспорта";"Темп прироста к предыдущей неделе";"Неделя";"2";"%";"0"
"2024-05-06";0;"A";"Данные ЦМИ";"Услуги пассажирского транспорта";"Темп прироста к предыдущей неделе";"Неделя";"2";"%";"0"
"2024-05-13";0;"A";"Данные ЦМИ";"Услуги пассажирского транспорта";"Темп прироста к предыдущей неделе";"Неделя";"2";"%";"0"
"2024-05-20";1.15;"A";"Данные ЦМИ";"Услуги пассажирского транспорта";"Темп прироста к предыдущей неделе";"Неделя";"2";"%";"0"
"2024-05-27";0.04;"A";"Данные ЦМИ";"Услуги пассажирского транспорта";"Темп прироста к предыдущей неделе";"Неделя";"2";"%";"0"
"2024-06-03";2.02;"A";"Данные ЦМИ";"Услуги пассажирского транспорта";"Темп прироста к предыдущей неделе";"Неделя";"2";"%";"0"
"2024-06-10";0.08;"A";"Данные ЦМИ";"Услуги пассажирского транспорта";"Темп прироста к предыдущей неделе";"Неделя";"2";"%";"0"
"2024-06-17";0.63;"A";"Данные ЦМИ";"Услуги пассажирского транспорта";"Темп прироста к предыдущей неделе";"Неделя";"2";"%";"0"
"2024-06-24";0.14;"A";"Данные ЦМИ";"Услуги пассажирского транспорта";"Темп прироста к предыдущей неделе";"Неделя";"2";"%";"0"
"2024-07-01";1.1;"A";"Данные ЦМИ";"Услуги пассажирского транспорта";"Темп прироста к предыдущей неделе";"Неделя";"2";"%";"0"
"2024-07-08";0.19;"A";"Данные ЦМИ";"Услуги пассажирского транспорта";"Темп прироста к предыдущей неделе";"Неделя";"2";"%";"0"
"2024-07-15";0.04;"A";"Данные ЦМИ";"Услуги пассажирского транспорта";"Темп прироста к предыдущей неделе";"Неделя";"2";"%";"0"
"2024-07-22";0.22;"A";"Данные ЦМИ";"Услуги пассажирского транспорта";"Темп прироста к предыдущей неделе";"Неделя";"2";"%";"0"
"2024-07-29";0;"A";"Данные ЦМИ";"Услуги пассажирского транспорта";"Темп прироста к предыдущей неделе";"Неделя";"2";"%";"0"
"2024-08-05";0.08;"A";"Данные ЦМИ";"Услуги пассажирского транспорта";"Темп прироста к предыдущей неделе";"Неделя";"2";"%";"0"
"2024-08-12";0.01;"A";"Данные ЦМИ";"Услуги пассажирского транспорта";"Темп прироста к предыдущей неделе";"Неделя";"2";"%";"0"
"2024-08-19";0.01;"A";"Данные ЦМИ";"Услуги пассажирского транспорта";"Темп прироста к предыдущей неделе";"Неделя";"2";"%";"0"
"2024-08-26";0.12;"A";"Данные ЦМИ";"Услуги пассажирского транспорта";"Темп прироста к предыдущей неделе";"Неделя";"2";"%";"0"
"2024-09-02";0.06;"A";"Данные ЦМИ";"Услуги пассажирского транспорта";"Темп прироста к предыдущей неделе";"Неделя";"2";"%";"0"
"2024-09-09";0;"A";"Данные ЦМИ";"Услуги пассажирского транспорта";"Темп прироста к предыдущей неделе";"Неделя";"2";"%";"0"
"2024-09-16";0.02;"A";"Данные ЦМИ";"Услуги пассажирского транспорта";"Темп прироста к предыдущей неделе";"Неделя";"2";"%";"0"
"2024-09-23";0.08;"A";"Данные ЦМИ";"Услуги пассажирского транспорта";"Темп прироста к предыдущей неделе";"Неделя";"2";"%";"0"
"2024-09-30";0.01;"A";"Данные ЦМИ";"Услуги пассажирского транспорта";"Темп прироста к предыдущей неделе";"Неделя";"2";"%";"0"
"2024-10-07";0.52;"A";"Данные ЦМИ";"Услуги пассажирского транспорта";"Темп прироста к предыдущей неделе";"Неделя";"2";"%";"0"
"2024-10-14";0.01;"A";"Данные ЦМИ";"Услуги пассажирского транспорта";"Темп прироста к предыдущей неделе";"Неделя";"2";"%";"0"
"2024-10-21";0.38;"A";"Данные ЦМИ";"Услуги пассажирского транспорта";"Темп прироста к предыдущей неделе";"Неделя";"2";"%";"0"
"2024-10-28";0.02;"A";"Данные ЦМИ";"Услуги пассажирского транспорта";"Темп прироста к предыдущей неделе";"Неделя";"2";"%";"0"
"2024-11-05";0.89;"A";"Данные ЦМИ";"Услуги пассажирского транспорта";"Темп прироста к предыдущей неделе";"Неделя";"2";"%";"0"
"2024-11-11";0.11;"A";"Данные ЦМИ";"Услуги пассажирского транспорта";"Темп прироста к предыдущей неделе";"Неделя";"2";"%";"0"
"2024-11-18";0.08;"A";"Данные ЦМИ";"Услуги пассажирского транспорта";"Темп прироста к предыдущей неделе";"Неделя";"2";"%";"0"
"2024-11-25";0.02;"A";"Данные ЦМИ";"Услуги пассажирского транспорта";"Темп прироста к предыдущей неделе";"Неделя";"2";"%";"0"
"2024-12-02";0.25;"A";"Данные ЦМИ";"Услуги пассажирского транспорта";"Темп прироста к предыдущей неделе";"Неделя";"2";"%";"0"
"2024-12-09";0.22;"A";"Данные ЦМИ";"Услуги пассажирского транспорта";"Темп прироста к предыдущей неделе";"Неделя";"2";"%";"0"
"2024-12-16";0.29;"A";"Данные ЦМИ";"Услуги пассажирского транспорта";"Темп прироста к предыдущей неделе";"Неделя";"2";"%";"0"
"2024-12-23";0.19;"A";"Данные ЦМИ";"Услуги пассажирского транспорта";"Темп прироста к предыдущей неделе";"Неделя";"2";"%";"0"
"2025-01-09";3.89;"A";"Данные ЦМИ";"Услуги пассажирского транспорта";"Темп прироста к предыдущей неделе";"Неделя";"2";"%";"0"
"2025-01-13";0.36;"A";"Данные ЦМИ";"Услуги пассажирского транспорта";"Темп прироста к предыдущей неделе";"Неделя";"2";"%";"0"
"2025-01-20";0.1;"A";"Данные ЦМИ";"Услуги пассажирского транспорта";"Темп прироста к предыдущей неделе";"Неделя";"2";"%";"0"
"2025-01-27";0.05;"A";"Данные ЦМИ";"Услуги пассажирского транспорта";"Темп прироста к предыдущей неделе";"Неделя";"2";"%";"0"
"2025-02-03";0.5;"A";"Данные ЦМИ";"Услуги пассажирского транспорта";"Темп прироста к предыдущей неделе";"Неделя";"2";"%";"0"
"2025-02-10";0.13;"A";"Данные ЦМИ";"Услуги пассажирского транспорта";"Темп прироста к предыдущей неделе";"Неделя";"2";"%";"0"
"2025-02-17";0.04;"A";"Данные ЦМИ";"Услуги пассажирского транспорта";"Темп прироста к предыдущей неделе";"Неделя";"2";"%";"0"
"2025-02-24";0.04;"A";"Данные ЦМИ";"Услуги пассажирского транспорта";"Темп прироста к предыдущей неделе";"Неделя";"2";"%";"0"
"2025-03-03";0.11;"A";"Данные ЦМИ";"Услуги пассажирского транспорта";"Темп прироста к предыдущей неделе";"Неделя";"2";"%";"0"
"2025-03-10";0.05;"A";"Данные ЦМИ";"Услуги пассажирского транспорта";"Темп прироста к предыдущей неделе";"Неделя";"2";"%";"0"
"2025-03-17";0.23;"A";"Данные ЦМИ";"Услуги пассажирского транспорта";"Темп прироста к предыдущей неделе";"Неделя";"2";"%";"0"
"2025-03-24";0;"A";"Данные ЦМИ";"Услуги пассажирского транспорта";"Темп прироста к предыдущей неделе";"Неделя";"2";"%";"0"
"2025-03-31";0.02;"A";"Данные ЦМИ";"Услуги пассажирского транспорта";"Темп прироста к предыдущей неделе";"Неделя";"2";"%";"0"
"2025-04-07";0.72;"A";"Данные ЦМИ";"Услуги пассажирского транспорта";"Темп прироста к предыдущей неделе";"Неделя";"2";"%";"0"
"2025-04-14";0.14;"A";"Данные ЦМИ";"Услуги пассажирского транспорта";"Темп прироста к предыдущей неделе";"Неделя";"2";"%";"0"
"2025-04-21";0.1;"A";"Данные ЦМИ";"Услуги пассажирского транспорта";"Темп прироста к предыдущей неделе";"Неделя";"2";"%";"0"
"2025-04-28";0.04;"A";"Данные ЦМИ";"Услуги пассажирского транспорта";"Темп прироста к предыдущей неделе";"Неделя";"2";"%";"0"
"2025-05-05";0.64;"A";"Данные ЦМИ";"Услуги пассажирского транспорта";"Темп прироста к предыдущей неделе";"Неделя";"2";"%";"0"
"2025-05-12";0.03;"A";"Данные ЦМИ";"Услуги пассажирского транспорта";"Темп прироста к предыдущей неделе";"Неделя";"2";"%";"0"
"2025-05-19";0.08;"A";"Данные ЦМИ";"Услуги пассажирского транспорта";"Темп прироста к предыдущей неделе";"Неделя";"2";"%";"0"
"2025-05-26";0.08;"A";"Данные ЦМИ";"Услуги пассажирского транспорта";"Темп прироста к предыдущей неделе";"Неделя";"2";"%";"0"
"2025-06-02";1.15;"A";"Данные ЦМИ";"Услуги пассажирского транспорта";"Темп прироста к предыдущей неделе";"Неделя";"2";"%";"0"
"2025-06-09";0.02;"A";"Данные ЦМИ";"Услуги пассажирского транспорта";"Темп прироста к предыдущей неделе";"Неделя";"2";"%";"0"
"2025-06-16";0.16;"A";"Данные ЦМИ";"Услуги пассажирского транспорта";"Темп прироста к предыдущей неделе";"Неделя";"2";"%";"0"
"2025-06-23";0.04;"A";"Данные ЦМИ";"Услуги пассажирского транспорта";"Темп прироста к предыдущей неделе";"Неделя";"2";"%";"0"
"2025-06-30";0.46;"A";"Данные ЦМИ";"Услуги пассажирского транспорта";"Темп прироста к предыдущей неделе";"Неделя";"2";"%";"0"
"2025-07-07";0.2;"A";"Данные ЦМИ";"Услуги пассажирского транспорта";"Темп прироста к предыдущей неделе";"Неделя";"2";"%";"0"
"2025-07-14";0.05;"A";"Данные ЦМИ";"Услуги пассажирского транспорта";"Темп прироста к предыдущей неделе";"Неделя";"2";"%";"0"
"2025-07-21";0.24;"A";"Данные ЦМИ";"Услуги пассажирского транспорта";"Темп прироста к предыдущей неделе";"Неделя";"2";"%";"0"
"2025-07-28";0.06;"A";"Данные ЦМИ";"Услуги пассажирского транспорта";"Темп прироста к предыдущей неделе";"Неделя";"2";"%";"0"
"2025-08-04";0.33;"A";"Данные ЦМИ";"Услуги пассажирского транспорта";"Темп прироста к предыдущей неделе";"Неделя";"2";"%";"0"
"2025-08-11";0.08;"A";"Данные ЦМИ";"Услуги пассажирского транспорта";"Темп прироста к предыдущей неделе";"Неделя";"2";"%";"0"
"2025-08-18";0.03;"A";"Данные ЦМИ";"Услуги пассажирского транспорта";"Темп прироста к предыдущей неделе";"Неделя";"2";"%";"0"
"2025-08-25";0;"A";"Данные ЦМИ";"Услуги пассажирского транспорта";"Темп прироста к предыдущей неделе";"Неделя";"2";"%";"0"
"2025-09-01";0.16;"A";"Данные ЦМИ";"Услуги пассажирского транспорта";"Темп прироста к предыдущей неделе";"Неделя";"2";"%";"0"
"2025-09-08";0.14;"A";"Данные ЦМИ";"Услуги пассажирского транспорта";"Темп прироста к предыдущей неделе";"Неделя";"2";"%";"0"
"2025-09-15";0;"A";"Данные ЦМИ";"Услуги пассажирского транспорта";"Темп прироста к предыдущей неделе";"Неделя";"2";"%";"0"
"2025-09-22";0.04;"A";"Данные ЦМИ";"Услуги пассажирского транспорта";"Темп прироста к предыдущей неделе";"Неделя";"2";"%";"0"
"2025-09-29";0.02;"A";"Данные ЦМИ";"Услуги пассажирского транспорта";"Темп прироста к предыдущей неделе";"Неделя";"2";"%";"0"
"2025-10-06";0.59;"A";"Данные ЦМИ";"Услуги пассажирского транспорта";"Темп прироста к предыдущей неделе";"Неделя";"2";"%";"0"
"2025-10-13";0.06;"A";"Данные ЦМИ";"Услуги пассажирского транспорта";"Темп прироста к предыдущей неделе";"Неделя";"2";"%";"0"
"2025-10-20";0.09;"A";"Данные ЦМИ";"Услуги пассажирского транспорта";"Темп прироста к предыдущей неделе";"Неделя";"2";"%";"0"
"2025-10-27";0.01;"A";"Данные ЦМИ";"Услуги пассажирского транспорта";"Темп прироста к предыдущей неделе";"Неделя";"2";"%";"0"
"2025-11-05";0.65;"A";"Данные ЦМИ";"Услуги пассажирского транспорта";"Темп прироста к предыдущей неделе";"Неделя";"2";"%";"0"
"2025-11-10";0.05;"A";"Данные ЦМИ";"Услуги пассажирского транспорта";"Темп прироста к предыдущей неделе";"Неделя";"2";"%";"0"
"2025-11-17";0.1;"A";"Данные ЦМИ";"Услуги пассажирского транспорта";"Темп прироста к предыдущей неделе";"Неделя";"2";"%";"0"
"2025-11-24";0.22;"A";"Данные ЦМИ";"Услуги пассажирского транспорта";"Темп прироста к предыдущей неделе";"Неделя";"2";"%";"0"
"2025-12-01";0.35;"A";"Данные ЦМИ";"Услуги пассажирского транспорта";"Темп прироста к предыдущей неделе";"Неделя";"2";"%";"0"
"2025-12-08";0.15;"A";"Данные ЦМИ";"Услуги пассажирского транспорта";"Темп прироста к предыдущей неделе";"Неделя";"2";"%";"0"
"2025-12-15";0.12;"A";"Данные ЦМИ";"Услуги пассажирского транспорта";"Темп прироста к предыдущей неделе";"Неделя";"2";"%";"0"
"2025-12-22";0.04;"A";"Данные ЦМИ";"Услуги пассажирского транспорта";"Темп прироста к предыдущей неделе";"Неделя";"2";"%";"0"
"2026-01-12";4.15;"A";"Данные ЦМИ";"Услуги пассажирского транспорта";"Темп прироста к предыдущей неделе";"Неделя";"2";"%";"0"
"2026-01-19";0.11;"A";"Данные ЦМИ";"Услуги пассажирского транспорта";"Темп прироста к предыдущей неделе";"Неделя";"2";"%";"0"
"2026-01-26";0;"A";"Данные ЦМИ";"Услуги пассажирского транспорта";"Темп прироста к предыдущей неделе";"Неделя";"2";"%";"0"
"2026-02-02";0.94;"A";"Данные ЦМИ";"Услуги пассажирского транспорта";"Темп прироста к предыдущей неделе";"Неделя";"2";"%";"0"
"2026-02-09";0.11;"A";"Данные ЦМИ";"Услуги пассажирского транспорта";"Темп прироста к предыдущей неделе";"Неделя";"2";"%";"0"
"2026-02-16";0.02;"A";"Данные ЦМИ";"Услуги пассажирского транспорта";"Темп прироста к предыдущей неделе";"Неделя";"2";"%";"0"
"2026-02-24";0.02;"A";"Данные ЦМИ";"Услуги пассажирского транспорта";"Темп прироста к предыдущей неделе";"Неделя";"2";"%";"0"
"2026-03-02";0.43;"A";"Данные ЦМИ";"Услуги пассажирского транспорта";"Темп прироста к предыдущей неделе";"Неделя";"2";"%";"0"
"2026-03-10";0.05;"A";"Данные ЦМИ";"Услуги пассажирского транспорта";"Темп прироста к предыдущей неделе";"Неделя";"2";"%";"0"
"2026-03-16";0.06;"A";"Данные ЦМИ";"Услуги пассажирского транспорта";"Темп прироста к предыдущей неделе";"Неделя";"2";"%";"0"
"2026-03-23";0.04;"A";"Данные ЦМИ";"Услуги пассажирского транспорта";"Темп прироста к предыдущей неделе";"Неделя";"2";"%";"0"
"2026-03-30";0;"A";"Данные ЦМИ";"Услуги пассажирского транспорта";"Темп прироста к предыдущей неделе";"Неделя";"2";"%";"0"
"2026-04-06";0.08;"A";"Данные ЦМИ";"Услуги пассажирского транспорта";"Темп прироста к предыдущей неделе";"Неделя";"2";"%";"0"
"2026-04-13";0.28;"A";"Данные ЦМИ";"Услуги пассажирского транспорта";"Темп прироста к предыдущей неделе";"Неделя";"2";"%";"0"
"2026-04-20";0.32;"A";"Данные ЦМИ";"Услуги пассажирского транспорта";"Темп прироста к предыдущей неделе";"Неделя";"2";"%";"0"
"2026-04-27";0.38;"A";"Данные ЦМИ";"Услуги пассажирского транспорта";"Темп прироста к предыдущей неделе";"Неделя";"2";"%";"0"
"2026-05-04";0.24;"A";"Данные ЦМИ";"Услуги пассажирского транспорта";"Темп прироста к предыдущей неделе";"Неделя";"2";"%";"0"
"2026-05-12";0.06;"A";"Данные ЦМИ";"Услуги пассажирского транспорта";"Темп прироста к предыдущей неделе";"Неделя";"2";"%";"0"
"2026-05-18";0.02;"A";"Данные ЦМИ";"Услуги пассажирского транспорта";"Темп прироста к предыдущей неделе";"Неделя";"2";"%";"0"
"2026-05-25";0.03;"A";"Данные ЦМИ";"Услуги пассажирского транспорта";"Темп прироста к предыдущей неделе";"Неделя";"2";"%";"0"
"2026-06-01";0.4;"A";"Данные ЦМИ";"Услуги пассажирского транспорта";"Темп прироста к предыдущей неделе";"Неделя";"2";"%";"0"
"2026-06-08";0.14;"A";"Данные ЦМИ";"Услуги пассажирского транспорта";"Темп прироста к предыдущей неделе";"Неделя";"2";"%";"0"
"2026-06-15";0.05;"A";"Данные ЦМИ";"Услуги пассажирского транспорта";"Темп прироста к предыдущей неделе";"Неделя";"2";"%";"0"
"2026-06-22";0.03;"A";"Данные ЦМИ";"Услуги пассажирского транспорта";"Темп прироста к предыдущей неделе";"Неделя";"2";"%";"0"
"2026-06-29";0;"A";"Данные ЦМИ";"Услуги пассажирского транспорта";"Темп прироста к предыдущей неделе";"Неделя";"2";"%";"0"
"2026-07-06";0.21;"A";"Данные ЦМИ";"Услуги пассажирского транспорта";"Темп прироста к предыдущей неделе";"Неделя";"2";"%";"0"
"2026-07-13";0.03;"A";"Данные ЦМИ";"Услуги пассажирского транспорта";"Темп прироста к предыдущей неделе";"Неделя";"2";"%";"0"
"2026-07-20";0.09;"A";"Данные ЦМИ";"Услуги пассажирского транспорта";"Темп прироста к предыдущей неделе";"Неделя";"2";"%";"0"
"2026-07-27";0.05;"A";"Данные ЦМИ";"Услуги пассажирского транспорта";"Темп прироста к предыдущей неделе";"Неделя";"2";"%";"0"
"2026-08-03";0.09;"A";"Данные ЦМИ";"Услуги пассажирского транспорта";"Темп прироста к предыдущей неделе";"Неделя";"2";"%";"0"
"2026-08-10";0.03;"A";"Данные ЦМИ";"Услуги пассажирского транспорта";"Темп прироста к предыдущей неделе";"Неделя";"2";"%";"0"
"2026-08-17";0;"A";"Данные ЦМИ";"Услуги пассажирского транспорта";"Темп прироста к предыдущей неделе";"Неделя";"2";"%";"0"
"2026-08-24";0.01;"A";"Данные ЦМИ";"Услуги пассажирского транспорта";"Темп прироста к предыдущей неделе";"Неделя";"2";"%";"0"
"2026-08-31";0.09;"A";"Данные ЦМИ";"Услуги пассажирского транспорта";"Темп прироста к предыдущей неделе";"Неделя";"2";"%";"0"
"2026-09-07";0;"A";"Данные ЦМИ";"Услуги пассажирского транспорта";"Темп прироста к предыдущей неделе";"Неделя";"2";"%";"0"
"2026-09-14";0.08;"A";"Данные ЦМИ";"Услуги пассажирского транспорта";"Темп прироста к предыдущей неделе";"Неделя";"2";"%";"0"
"2026-09-21";0;"A";"Данные ЦМИ";"Услуги пассажирского транспорта";"Темп прироста к предыдущей неделе";"Неделя";"2";"%";"0"
"2026-09-28";0.02;"A";"Данные ЦМИ";"Услуги пассажирского транспорта";"Темп прироста к предыдущей неделе";"Неделя";"2";"%";"0"
"2022-01-10";0.84;"A";"Данные ЦМИ";"Не-базовые товары";"Скользящее среднее за четыре недели";"Неделя";"2";"%";"0"
"2022-01-14";0.73;"A";"Данные ЦМИ";"Не-базовые товары";"Скользящее среднее за четыре недели";"Неделя";"2";"%";"0"
"2022-01-21";0.64;"A";"Данные ЦМИ";"Не-базовые товары";"Скользящее среднее за четыре недели";"Неделя";"2";"%";"0"
"2022-01-28";0.62;"A";"Данные ЦМИ";"Не-базовые товары";"Скользящее среднее за четыре недели";"Неделя";"2";"%";"0"
"2022-02-04";0.33;"A";"Данные ЦМИ";"Не-базовые товары";"Скользящее среднее за четыре недели";"Неделя";"2";"%";"0"
"2022-02-11";0.38;"A";"Данные ЦМИ";"Не-базовые товары";"Скользящее среднее за четыре недели";"Неделя";"2";"%";"0"
"2022-02-18";0.4;"A";"Данные ЦМИ";"Не-базовые товары";"Скользящее среднее за четыре недели";"Неделя";"2";"%";"0"
"2022-02-25";0.4;"A";"Данные ЦМИ";"Не-базовые товары";"Скользящее среднее за четыре недели";"Неделя";"2";"%";"0"
"2022-03-04";0.52;"A";"Данные ЦМИ";"Не-базовые товары";"Скользящее среднее за четыре недели";"Неделя";"2";"%";"0"
"2022-03-11";0.85;"A";"Данные ЦМИ";"Не-базовые товары";"Скользящее среднее за четыре недели";"Неделя";"2";"%";"0"
"2022-03-18";1.24;"A";"Данные ЦМИ";"Не-базовые товары";"Скользящее среднее за четыре недели";"Неделя";"2";"%";"0"
"2022-03-25";1.55;"A";"Данные ЦМИ";"Не-базовые товары";"Скользящее среднее за четыре недели";"Неделя";"2";"%";"0"
"2022-04-01";1.54;"A";"Данные ЦМИ";"Не-базовые товары";"Скользящее среднее за четыре недели";"Неделя";"2";"%";"0"
"2022-04-08";1.17;"A";"Данные ЦМИ";"Не-базовые товары";"Скользящее среднее за четыре недели";"Неделя";"2";"%";"0"
"2022-04-15";0.71;"A";"Данные ЦМИ";"Не-базовые товары";"Скользящее среднее за четыре недели";"Неделя";"2";"%";"0"
"2022-04-22";0.31;"A";"Данные ЦМИ";"Не-базовые товары";"Скользящее среднее за четыре недели";"Неделя";"2";"%";"0"
"2022-04-29";0.1;"A";"Данные ЦМИ";"Не-базовые товары";"Скользящее среднее за четыре недели";"Неделя";"2";"%";"0"
"2022-05-06";0;"A";"Данные ЦМИ";"Не-базовые товары";"Скользящее среднее за четыре недели";"Неделя";"2";"%";"0"
"2022-05-13";-0.05;"A";"Данные ЦМИ";"Не-базовые товары";"Скользящее среднее за четыре недели";"Неделя";"2";"%";"0"
"2022-05-20";-0.13;"A";"Данные ЦМИ";"Не-базовые товары";"Скользящее среднее за четыре недели";"Неделя";"2";"%";"0"
"2022-05-27";-0.28;"A";"Данные ЦМИ";"Не-базовые товары";"Скользящее среднее за четыре недели";"Неделя";"2";"%";"0"
"2022-06-03";-0.38;"A";"Данные ЦМИ";"Не-базовые товары";"Скользящее среднее за четыре недели";"Неделя";"2";"%";"0"
"2022-06-10";-0.51;"A";"Данные ЦМИ";"Не-базовые товары";"Скользящее среднее за четыре недели";"Неделя";"2";"%";"0"
"2022-06-17";-0.56;"A";"Данные ЦМИ";"Не-базовые товары";"Скользящее среднее за четыре недели";"Неделя";"2";"%";"0"
"2022-06-24";-0.64;"A";"Данные ЦМИ";"Не-базовые товары";"Скользящее среднее за четыре недели";"Неделя";"2";"%";"0"
"2022-07-01";-0.35;"A";"Данные ЦМИ";"Не-базовые товары";"Скользящее среднее за четыре недели";"Неделя";"2";"%";"0"
"2022-07-08";-0.36;"A";"Данные ЦМИ";"Не-базовые товары";"Скользящее среднее за четыре недели";"Неделя";"2";"%";"0"
"2022-07-15";-0.4;"A";"Данные ЦМИ";"Не-базовые товары";"Скользящее среднее за четыре недели";"Неделя";"2";"%";"0"
"2022-07-22";-0.37;"A";"Данные ЦМИ";"Не-базовые товары";"Скользящее среднее за четыре недели";"Неделя";"2";"%";"0"
"2022-08-01";-0.72;"A";"Данные ЦМИ";"Не-базовые товары";"Скользящее среднее за четыре недели";"Неделя";"2";"%";"0"
"2022-08-08";-0.7;"A";"Данные ЦМИ";"Не-базовые товары";"Скользящее среднее за четыре недели";"Неделя";"2";"%";"0"
"2022-08-15";-0.67;"A";"Данные ЦМИ";"Не-базовые товары";"Скользящее среднее за четыре недели";"Неделя";"2";"%";"0"
"2022-08-22";-0.65;"A";"Данные ЦМИ";"Не-базовые товары";"Скользящее среднее за четыре недели";"Неделя";"2";"%";"0"
"2022-08-29";-0.59;"A";"Данные ЦМИ";"Не-базовые товары";"Скользящее среднее за четыре недели";"Неделя";"2";"%";"0"
"2022-09-05";-0.57;"A";"Данные ЦМИ";"Не-базовые товары";"Скользящее среднее за четыре недели";"Неделя";"2";"%";"0"
"2022-09-12";-0.51;"A";"Данные ЦМИ";"Не-базовые товары";"Скользящее среднее за четыре недели";"Неделя";"2";"%";"0"
"2022-09-19";-0.38;"A";"Данные ЦМИ";"Не-базовые товары";"Скользящее среднее за четыре недели";"Неделя";"2";"%";"0"
"2022-09-26";-0.27;"A";"Данные ЦМИ";"Не-базовые товары";"Скользящее среднее за четыре недели";"Неделя";"2";"%";"0"
"2022-10-03";-0.12;"A";"Данные ЦМИ";"Не-базовые товары";"Скользящее среднее за четыре недели";"Неделя";"2";"%";"0"
"2022-10-10";-0.03;"A";"Данные ЦМИ";"Не-базовые товары";"Скользящее среднее за четыре недели";"Неделя";"2";"%";"0"
"2022-10-17";0.04;"A";"Данные ЦМИ";"Не-базовые товары";"Скользящее среднее за четыре недели";"Неделя";"2";"%";"0"
"2022-10-24";0.12;"A";"Данные ЦМИ";"Не-базовые товары";"Скользящее среднее за четыре недели";"Неделя";"2";"%";"0"
"2022-10-31";0.14;"A";"Данные ЦМИ";"Не-базовые товары";"Скользящее среднее за четыре недели";"Неделя";"2";"%";"0"
"2022-11-07";0.17;"A";"Данные ЦМИ";"Не-базовые товары";"Скользящее среднее за четыре недели";"Неделя";"2";"%";"0"
"2022-11-14";0.18;"A";"Данные ЦМИ";"Не-базовые товары";"Скользящее среднее за четыре недели";"Неделя";"2";"%";"0"
"2022-11-21";0.23;"A";"Данные ЦМИ";"Не-базовые товары";"Скользящее среднее за четыре недели";"Неделя";"2";"%";"0"
"2022-11-28";0.31;"A";"Данные ЦМИ";"Не-базовые товары";"Скользящее среднее за четыре недели";"Неделя";"2";"%";"0"
"2022-12-05";1.05;"A";"Данные ЦМИ";"Не-базовые товары";"Скользящее среднее за четыре недели";"Неделя";"2";"%";"0"
"2022-12-12";1.19;"A";"Данные ЦМИ";"Не-базовые товары";"Скользящее среднее за четыре недели";"Неделя";"2";"%";"0"
"2022-12-19";1.2;"A";"Данные ЦМИ";"Не-базовые товары";"Скользящее среднее за четыре недели";"Неделя";"2";"%";"0"
"2022-12-26";1.21;"A";"Данные ЦМИ";"Не-базовые товары";"Скользящее среднее за четыре недели";"Неделя";"2";"%";"0"
"2023-01-09";0.68;"A";"Данные ЦМИ";"Не-базовые товары";"Скользящее среднее за четыре недели";"Неделя";"2";"%";"0"
"2023-01-16";0.59;"A";"Данные ЦМИ";"Не-базовые товары";"Скользящее среднее за четыре недели";"Неделя";"2";"%";"0"
"2023-01-23";0.59;"A";"Данные ЦМИ";"Не-базовые товары";"Скользящее среднее за четыре недели";"Неделя";"2";"%";"0"
"2023-01-30";0.58;"A";"Данные ЦМИ";"Не-базовые товары";"Скользящее среднее за четыре недели";"Неделя";"2";"%";"0"
"2023-02-06";0.55;"A";"Данные ЦМИ";"Не-базовые товары";"Скользящее среднее за четыре недели";"Неделя";"2";"%";"0"
"2023-02-13";0.58;"A";"Данные ЦМИ";"Не-базовые товары";"Скользящее среднее за четыре недели";"Неделя";"2";"%";"0"
"2023-02-20";0.56;"A";"Данные ЦМИ";"Не-базовые товары";"Скользящее среднее за четыре недели";"Неделя";"2";"%";"0"
"2023-02-27";0.42;"A";"Данные ЦМИ";"Не-базовые товары";"Скользящее среднее за четыре недели";"Неделя";"2";"%";"0"
"2023-03-06";0.17;"A";"Данные ЦМИ";"Не-базовые товары";"Скользящее среднее за четыре недели";"Неделя";"2";"%";"0"
"2023-03-13";0.04;"A";"Данные ЦМИ";"Не-базовые товары";"Скользящее среднее за четыре недели";"Неделя";"2";"%";"0"
"2023-03-20";-0.02;"A";"Данные ЦМИ";"Не-базовые товары";"Скользящее среднее за четыре недели";"Неделя";"2";"%";"0"
"2023-03-27";0.05;"A";"Данные ЦМИ";"Не-базовые товары";"Скользящее среднее за четыре недели";"Неделя";"2";"%";"0"
"2023-04-03";0.14;"A";"Данные ЦМИ";"Не-базовые товары";"Скользящее среднее за четыре недели";"Неделя";"2";"%";"0"
"2023-04-10";0.14;"A";"Данные ЦМИ";"Не-базовые товары";"Скользящее среднее за четыре недели";"Неделя";"2";"%";"0"
"2023-04-17";0.18;"A";"Данные ЦМИ";"Не-базовые товары";"Скользящее среднее за четыре недели";"Неделя";"2";"%";"0"
"2023-04-24";0.22;"A";"Данные ЦМИ";"Не-базовые товары";"Скользящее среднее за четыре недели";"Неделя";"2";"%";"0"
"2023-05-02";0.21;"A";"Данные ЦМИ";"Не-базовые товары";"Скользящее среднее за четыре недели";"Неделя";"2";"%";"0"
"2023-05-10";0.21;"A";"Данные ЦМИ";"Не-базовые товары";"Скользящее среднее за четыре недели";"Неделя";"2";"%";"0"
"2023-05-15";0.18;"A";"Данные ЦМИ";"Не-базовые товары";"Скользящее среднее за четыре недели";"Неделя";"2";"%";"0"
"2023-05-22";0.11;"A";"Данные ЦМИ";"Не-базовые товары";"Скользящее среднее за четыре недели";"Неделя";"2";"%";"0"
"2023-05-29";0.08;"A";"Данные ЦМИ";"Не-базовые товары";"Скользящее среднее за четыре недели";"Неделя";"2";"%";"0"
"2023-06-05";0.04;"A";"Данные ЦМИ";"Не-базовые товары";"Скользящее среднее за четыре недели";"Неделя";"2";"%";"0"
"2023-06-13";-0.03;"A";"Данные ЦМИ";"Не-базовые товары";"Скользящее среднее за четыре недели";"Неделя";"2";"%";"0"
"2023-06-19";-0.04;"A";"Данные ЦМИ";"Не-базовые товары";"Скользящее среднее за четыре недели";"Неделя";"2";"%";"0"
"2023-06-26";-0.01;"A";"Данные ЦМИ";"Не-базовые товары";"Скользящее среднее за четыре недели";"Неделя";"2";"%";"0"
"2023-07-03";0.07;"A";"Данные ЦМИ";"Не-базовые товары";"Скользящее среднее за четыре недели";"Неделя";"2";"%";"0"
"2023-07-10";0.17;"A";"Данные ЦМИ";"Не-базовые товары";"Скользящее среднее за четыре недели";"Неделя";"2";"%";"0"
"2023-07-17";0.26;"A";"Данные ЦМИ";"Не-базовые товары";"Скользящее среднее за четыре недели";"Неделя";"2";"%";"0"
"2023-07-24";0.32;"A";"Данные ЦМИ";"Не-базовые товары";"Скользящее среднее за четыре недели";"Неделя";"2";"%";"0"
"2023-07-31";0.28;"A";"Данные ЦМИ";"Не-базовые товары";"Скользящее среднее за четыре недели";"Неделя";"2";"%";"0"
"2023-08-07";0.19;"A";"Данные ЦМИ";"Не-базовые товары";"Скользящее среднее за четыре недели";"Неделя";"2";"%";"0"
"2023-08-14";0.03;"A";"Данные ЦМИ";"Не-базовые товары";"Скользящее среднее за четыре недели";"Неделя";"2";"%";"0"
"2023-08-21";-0.18;"A";"Данные ЦМИ";"Не-базовые товары";"Скользящее среднее за четыре недели";"Неделя";"2";"%";"0"
"2023-08-28";-0.27;"A";"Данные ЦМИ";"Не-базовые товары";"Скользящее среднее за четыре недели";"Неделя";"2";"%";"0"
"2023-09-04";-0.26;"A";"Данные ЦМИ";"Не-базовые товары";"Скользящее среднее за четыре недели";"Неделя";"2";"%";"0"
"2023-09-11";-0.2;"A";"Данные ЦМИ";"Не-базовые товары";"Скользящее среднее за четыре недели";"Неделя";"2";"%";"0"
"2023-09-18";-0.03;"A";"Данные ЦМИ";"Не-базовые товары";"Скользящее среднее за четыре недели";"Неделя";"2";"%";"0"
"2023-09-25";0.11;"A";"Данные ЦМИ";"Не-базовые товары";"Скользящее среднее за четыре недели";"Неделя";"2";"%";"0"
"2023-10-02";0.14;"A";"Данные ЦМИ";"Не-базовые товары";"Скользящее среднее за четыре недели";"Неделя";"2";"%";"0"
"2023-10-09";0.14;"A";"Данные ЦМИ";"Не-базовые товары";"Скользящее среднее за четыре недели";"Неделя";"2";"%";"0"
"2023-10-16";0.12;"A";"Данные ЦМИ";"Не-базовые товары";"Скользящее среднее за четыре недели";"Неделя";"2";"%";"0"
"2023-10-23";0.1;"A";"Данные ЦМИ";"Не-базовые товары";"Скользящее среднее за четыре недели";"Неделя";"2";"%";"0"
"2023-10-30";0.12;"A";"Данные ЦМИ";"Не-базовые товары";"Скользящее среднее за четыре недели";"Неделя";"2";"%";"0"
"2023-11-07";0.22;"A";"Данные ЦМИ";"Не-базовые товары";"Скользящее среднее за четыре недели";"Неделя";"2";"%";"0"
"2023-11-13";0.27;"A";"Данные ЦМИ";"Не-базовые товары";"Скользящее среднее за четыре недели";"Неделя";"2";"%";"0"
"2023-11-20";0.32;"A";"Данные ЦМИ";"Не-базовые товары";"Скользящее среднее за четыре недели";"Неделя";"2";"%";"0"
"2023-11-27";0.36;"A";"Данные ЦМИ";"Не-базовые товары";"Скользящее среднее за четыре недели";"Неделя";"2";"%";"0"
"2023-12-04";0.34;"A";"Данные ЦМИ";"Не-базовые товары";"Скользящее среднее за четыре недели";"Неделя";"2";"%";"0"
"2023-12-11";0.33;"A";"Данные ЦМИ";"Не-базовые товары";"Скользящее среднее за четыре недели";"Неделя";"2";"%";"0"
"2023-12-18";0.35;"A";"Данные ЦМИ";"Не-базовые товары";"Скользящее среднее за четыре недели";"Неделя";"2";"%";"0"
"2023-12-25";0.42;"A";"Данные ЦМИ";"Не-базовые товары";"Скользящее среднее за четыре недели";"Неделя";"2";"%";"0"
"2024-01-09";0.64;"A";"Данные ЦМИ";"Не-базовые товары";"Скользящее среднее за четыре недели";"Неделя";"2";"%";"0"
"2024-01-15";0.65;"A";"Данные ЦМИ";"Не-базовые товары";"Скользящее среднее за четыре недели";"Неделя";"2";"%";"0"
"2024-01-22";0.59;"A";"Данные ЦМИ";"Не-базовые товары";"Скользящее среднее за четыре недели";"Неделя";"2";"%";"0"
"2024-01-29";0.52;"A";"Данные ЦМИ";"Не-базовые товары";"Скользящее среднее за четыре недели";"Неделя";"2";"%";"0"
"2024-02-05";0.3;"A";"Данные ЦМИ";"Не-базовые товары";"Скользящее среднее за четыре недели";"Неделя";"2";"%";"0"
"2024-02-12";0.28;"A";"Данные ЦМИ";"Не-базовые товары";"Скользящее среднее за четыре недели";"Неделя";"2";"%";"0"
"2024-02-19";0.3;"A";"Данные ЦМИ";"Не-базовые товары";"Скользящее среднее за четыре недели";"Неделя";"2";"%";"0"
"2024-02-26";0.26;"A";"Данные ЦМИ";"Не-базовые товары";"Скользящее среднее за четыре недели";"Неделя";"2";"%";"0"
"2024-03-04";0.2;"A";"Данные ЦМИ";"Не-базовые товары";"Скользящее среднее за четыре недели";"Неделя";"2";"%";"0"
"2024-03-11";0.12;"A";"Данные ЦМИ";"Не-базовые товары";"Скользящее среднее за четыре недели";"Неделя";"2";"%";"0"
"2024-03-18";0.01;"A";"Данные ЦМИ";"Не-базовые товары";"Скользящее среднее за четыре недели";"Неделя";"2";"%";"0"
"2024-03-25";-0.03;"A";"Данные ЦМИ";"Не-базовые товары";"Скользящее среднее за четыре недели";"Неделя";"2";"%";"0"
"2024-04-01";-0.02;"A";"Данные ЦМИ";"Не-базовые товары";"Скользящее среднее за четыре недели";"Неделя";"2";"%";"0"
"2024-04-08";0.04;"A";"Данные ЦМИ";"Не-базовые товары";"Скользящее среднее за четыре недели";"Неделя";"2";"%";"0"
"2024-04-15";0.11;"A";"Данные ЦМИ";"Не-базовые товары";"Скользящее среднее за четыре недели";"Неделя";"2";"%";"0"
"2024-04-22";0.12;"A";"Данные ЦМИ";"Не-базовые товары";"Скользящее среднее за четыре недели";"Неделя";"2";"%";"0"
"2024-05-02";0.11;"A";"Данные ЦМИ";"Не-базовые товары";"Скользящее среднее за четыре недели";"Неделя";"2";"%";"0"
"2024-05-06";0.06;"A";"Данные ЦМИ";"Не-базовые товары";"Скользящее среднее за четыре недели";"Неделя";"2";"%";"0"
"2024-05-13";0.05;"A";"Данные ЦМИ";"Не-базовые товары";"Скользящее среднее за четыре недели";"Неделя";"2";"%";"0"
"2024-05-20";0.06;"A";"Данные ЦМИ";"Не-базовые товары";"Скользящее среднее за четыре недели";"Неделя";"2";"%";"0"
"2024-05-27";0.08;"A";"Данные ЦМИ";"Не-базовые товары";"Скользящее среднее за четыре недели";"Неделя";"2";"%";"0"
"2024-06-03";0.11;"A";"Данные ЦМИ";"Не-базовые товары";"Скользящее среднее за четыре недели";"Неделя";"2";"%";"0"
"2024-06-10";0.13;"A";"Данные ЦМИ";"Не-базовые товары";"Скользящее среднее за четыре недели";"Неделя";"2";"%";"0"
"2024-06-17";0.17;"A";"Данные ЦМИ";"Не-базовые товары";"Скользящее среднее за четыре недели";"Неделя";"2";"%";"0"
"2024-06-24";0.23;"A";"Данные ЦМИ";"Не-базовые товары";"Скользящее среднее за четыре недели";"Неделя";"2";"%";"0"
"2024-07-01";0.74;"A";"Данные ЦМИ";"Не-базовые товары";"Скользящее среднее за четыре недели";"Неделя";"2";"%";"0"
"2024-07-08";0.77;"A";"Данные ЦМИ";"Не-базовые товары";"Скользящее среднее за четыре недели";"Неделя";"2";"%";"0"
"2024-07-15";0.74;"A";"Данные ЦМИ";"Не-базовые товары";"Скользящее среднее за четыре недели";"Неделя";"2";"%";"0"
"2024-07-22";0.68;"A";"Данные ЦМИ";"Не-базовые товары";"Скользящее среднее за четыре недели";"Неделя";"2";"%";"0"
"2024-07-29";0.12;"A";"Данные ЦМИ";"Не-базовые товары";"Скользящее среднее за четыре недели";"Неделя";"2";"%";"0"
"2024-08-05";0.01;"A";"Данные ЦМИ";"Не-базовые товары";"Скользящее среднее за четыре недели";"Неделя";"2";"%";"0"
"2024-08-12";-0.08;"A";"Данные ЦМИ";"Не-базовые товары";"Скользящее среднее за четыре недели";"Неделя";"2";"%";"0"
"2024-08-19";-0.15;"A";"Данные ЦМИ";"Не-базовые товары";"Скользящее среднее за четыре недели";"Неделя";"2";"%";"0"
"2024-08-26";-0.2;"A";"Данные ЦМИ";"Не-базовые товары";"Скользящее среднее за четыре недели";"Неделя";"2";"%";"0"
"2024-09-02";-0.23;"A";"Данные ЦМИ";"Не-базовые товары";"Скользящее среднее за четыре недели";"Неделя";"2";"%";"0"
"2024-09-09";-0.25;"A";"Данные ЦМИ";"Не-базовые товары";"Скользящее среднее за четыре недели";"Неделя";"2";"%";"0"
"2024-09-16";-0.25;"A";"Данные ЦМИ";"Не-базовые товары";"Скользящее среднее за четыре недели";"Неделя";"2";"%";"0"
"2024-09-23";-0.24;"A";"Данные ЦМИ";"Не-базовые товары";"Скользящее среднее за четыре недели";"Неделя";"2";"%";"0"
"2024-09-30";-0.2;"A";"Данные ЦМИ";"Не-базовые товары";"Скользящее среднее за четыре недели";"Неделя";"2";"%";"0"
"2024-10-07";-0.18;"A";"Данные ЦМИ";"Не-базовые товары";"Скользящее среднее за четыре недели";"Неделя";"2";"%";"0"
"2024-10-14";-0.09;"A";"Данные ЦМИ";"Не-базовые товары";"Скользящее среднее за четыре недели";"Неделя";"2";"%";"0"
"2024-10-21";0;"A";"Данные ЦМИ";"Не-базовые товары";"Скользящее среднее за четыре недели";"Неделя";"2";"%";"0"
"2024-10-28";0.14;"A";"Данные ЦМИ";"Не-базовые товары";"Скользящее среднее за четыре недели";"Неделя";"2";"%";"0"
"2024-11-05";0.37;"A";"Данные ЦМИ";"Не-базовые товары";"Скользящее среднее за четыре недели";"Неделя";"2";"%";"0"
"2024-11-11";0.53;"A";"Данные ЦМИ";"Не-базовые товары";"Скользящее среднее за четыре недели";"Неделя";"2";"%";"0"
"2024-11-18";0.71;"A";"Данные ЦМИ";"Не-базовые товары";"Скользящее среднее за четыре недели";"Неделя";"2";"%";"0"
"2024-11-25";0.81;"A";"Данные ЦМИ";"Не-базовые товары";"Скользящее среднее за четыре недели";"Неделя";"2";"%";"0"
"2024-12-02";0.82;"A";"Данные ЦМИ";"Не-базовые товары";"Скользящее среднее за четыре недели";"Неделя";"2";"%";"0"
"2024-12-09";0.86;"A";"Данные ЦМИ";"Не-базовые товары";"Скользящее среднее за четыре недели";"Неделя";"2";"%";"0"
"2024-12-16";0.86;"A";"Данные ЦМИ";"Не-базовые товары";"Скользящее среднее за четыре недели";"Неделя";"2";"%";"0"
"2024-12-23";0.83;"A";"Данные ЦМИ";"Не-базовые товары";"Скользящее среднее за четыре недели";"Неделя";"2";"%";"0"
"2025-01-09";0.88;"A";"Данные ЦМИ";"Не-базовые товары";"Скользящее среднее за четыре недели";"Неделя";"2";"%";"0"
"2025-01-13";0.73;"A";"Данные ЦМИ";"Не-базовые товары";"Скользящее среднее за четыре недели";"Неделя";"2";"%";"0"
"2025-01-20";0.56;"A";"Данные ЦМИ";"Не-базовые товары";"Скользящее среднее за четыре недели";"Неделя";"2";"%";"0"
"2025-01-27";0.45;"A";"Данные ЦМИ";"Не-базовые товары";"Скользящее среднее за четыре недели";"Неделя";"2";"%";"0"
"2025-02-03";0.26;"A";"Данные ЦМИ";"Не-базовые товары";"Скользящее среднее за четыре недели";"Неделя";"2";"%";"0"
"2025-02-10";0.28;"A";"Данные ЦМИ";"Не-базовые товары";"Скользящее среднее за четыре недели";"Неделя";"2";"%";"0"
"2025-02-17";0.28;"A";"Данные ЦМИ";"Не-базовые товары";"Скользящее среднее за четыре недели";"Неделя";"2";"%";"0"
"2025-02-24";0.29;"A";"Данные ЦМИ";"Не-базовые товары";"Скользящее среднее за четыре недели";"Неделя";"2";"%";"0"
"2025-03-03";0.26;"A";"Данные ЦМИ";"Не-базовые товары";"Скользящее среднее за четыре недели";"Неделя";"2";"%";"0"
"2025-03-10";0.16;"A";"Данные ЦМИ";"Не-базовые товары";"Скользящее среднее за четыре недели";"Неделя";"2";"%";"0"
"2025-03-17";0.09;"A";"Данные ЦМИ";"Не-базовые товары";"Скользящее среднее за четыре недели";"Неделя";"2";"%";"0"
"2025-03-24";0.04;"A";"Данные ЦМИ";"Не-базовые товары";"Скользящее среднее за четыре недели";"Неделя";"2";"%";"0"
"2025-03-31";0.08;"A";"Данные ЦМИ";"Не-базовые товары";"Скользящее среднее за четыре недели";"Неделя";"2";"%";"0"
"2025-04-07";0.14;"A";"Данные ЦМИ";"Не-базовые товары";"Скользящее среднее за четыре недели";"Неделя";"2";"%";"0"
"2025-04-14";0.2;"A";"Данные ЦМИ";"Не-базовые товары";"Скользящее среднее за четыре недели";"Неделя";"2";"%";"0"
"2025-04-21";0.2;"A";"Данные ЦМИ";"Не-базовые товары";"Скользящее среднее за четыре недели";"Неделя";"2";"%";"0"
"2025-04-28";0.11;"A";"Данные ЦМИ";"Не-базовые товары";"Скользящее среднее за четыре недели";"Неделя";"2";"%";"0"
"2025-05-05";0.03;"A";"Данные ЦМИ";"Не-базовые товары";"Скользящее среднее за четыре недели";"Неделя";"2";"%";"0"
"2025-05-12";-0.08;"A";"Данные ЦМИ";"Не-базовые товары";"Скользящее среднее за четыре недели";"Неделя";"2";"%";"0"
"2025-05-19";-0.22;"A";"Данные ЦМИ";"Не-базовые товары";"Скользящее среднее за четыре недели";"Неделя";"2";"%";"0"
"2025-05-26";-0.28;"A";"Данные ЦМИ";"Не-базовые товары";"Скользящее среднее за четыре недели";"Неделя";"2";"%";"0"
"2025-06-02";-0.33;"A";"Данные ЦМИ";"Не-базовые товары";"Скользящее среднее за четыре недели";"Неделя";"2";"%";"0"
"2025-06-09";-0.32;"A";"Данные ЦМИ";"Не-базовые товары";"Скользящее среднее за четыре недели";"Неделя";"2";"%";"0"
"2025-06-16";-0.23;"A";"Данные ЦМИ";"Не-базовые товары";"Скользящее среднее за четыре недели";"Неделя";"2";"%";"0"
"2025-06-23";-0.17;"A";"Данные ЦМИ";"Не-базовые товары";"Скользящее среднее за четыре недели";"Неделя";"2";"%";"0"
"2025-06-30";-0.09;"A";"Данные ЦМИ";"Не-базовые товары";"Скользящее среднее за четыре недели";"Неделя";"2";"%";"0"
"2025-07-07";0.61;"A";"Данные ЦМИ";"Не-базовые товары";"Скользящее среднее за четыре недели";"Неделя";"2";"%";"0"
"2025-07-14";0.56;"A";"Данные ЦМИ";"Не-базовые товары";"Скользящее среднее за четыре недели";"Неделя";"2";"%";"0"
"2025-07-21";0.45;"A";"Данные ЦМИ";"Не-базовые товары";"Скользящее среднее за четыре недели";"Неделя";"2";"%";"0"
"2025-07-28";0.31;"A";"Данные ЦМИ";"Не-базовые товары";"Скользящее среднее за четыре недели";"Неделя";"2";"%";"0"
"2025-08-04";-0.51;"A";"Данные ЦМИ";"Не-базовые товары";"Скользящее среднее за четыре недели";"Неделя";"2";"%";"0"
"2025-08-11";-0.58;"A";"Данные ЦМИ";"Не-базовые товары";"Скользящее среднее за четыре недели";"Неделя";"2";"%";"0"
"2025-08-18";-0.55;"A";"Данные ЦМИ";"Не-базовые товары";"Скользящее среднее за четыре недели";"Неделя";"2";"%";"0"
"2025-08-25";-0.47;"A";"Данные ЦМИ";"Не-базовые товары";"Скользящее среднее за четыре недели";"Неделя";"2";"%";"0"
"2025-09-01";-0.37;"A";"Данные ЦМИ";"Не-базовые товары";"Скользящее среднее за четыре недели";"Неделя";"2";"%";"0"
"2025-09-08";-0.25;"A";"Данные ЦМИ";"Не-базовые товары";"Скользящее среднее за четыре недели";"Неделя";"2";"%";"0"
"2025-09-15";-0.13;"A";"Данные ЦМИ";"Не-базовые товары";"Скользящее среднее за четыре недели";"Неделя";"2";"%";"0"
"2025-09-22";-0.01;"A";"Данные ЦМИ";"Не-базовые товары";"Скользящее среднее за четыре недели";"Неделя";"2";"%";"0"
"2025-09-29";0.14;"A";"Данные ЦМИ";"Не-базовые товары";"Скользящее среднее за четыре недели";"Неделя";"2";"%";"0"
"2025-10-06";0.28;"A";"Данные ЦМИ";"Не-базовые товары";"Скользящее среднее за четыре недели";"Неделя";"2";"%";"0"
"2025-10-13";0.38;"A";"Данные ЦМИ";"Не-базовые товары";"Скользящее среднее за четыре недели";"Неделя";"2";"%";"0"
"2025-10-20";0.44;"A";"Данные ЦМИ";"Не-базовые товары";"Скользящее среднее за четыре недели";"Неделя";"2";"%";"0"
"2025-10-27";0.44;"A";"Данные ЦМИ";"Не-базовые товары";"Скользящее среднее за четыре недели";"Неделя";"2";"%";"0"
"2025-11-05";0.38;"A";"Данные ЦМИ";"Не-базовые товары";"Скользящее среднее за четыре недели";"Неделя";"2";"%";"0"
"2025-11-10";0.31;"A";"Данные ЦМИ";"Не-базовые товары";"Скользящее среднее за четыре недели";"Неделя";"2";"%";"0"
"2025-11-17";0.25;"A";"Данные ЦМИ";"Не-базовые товары";"Скользящее среднее за четыре недели";"Неделя";"2";"%";"0"
"2025-11-24";0.21;"A";"Данные ЦМИ";"Не-базовые товары";"Скользящее среднее за четыре недели";"Неделя";"2";"%";"0"
"2025-12-01";0.16;"A";"Данные ЦМИ";"Не-базовые товары";"Скользящее среднее за четыре недели";"Неделя";"2";"%";"0"
"2025-12-08";0.08;"A";"Данные ЦМИ";"Не-базовые товары";"Скользящее среднее за четыре недели";"Неделя";"2";"%";"0"
"2025-12-15";0.02;"A";"Данные ЦМИ";"Не-базовые товары";"Скользящее среднее за четыре недели";"Неделя";"2";"%";"0"
"2025-12-22";0.1;"A";"Данные ЦМИ";"Не-базовые товары";"Скользящее среднее за четыре недели";"Неделя";"2";"%";"0"
"2026-01-12";0.7;"A";"Данные ЦМИ";"Не-базовые товары";"Скользящее среднее за четыре недели";"Неделя";"2";"%";"0"
"2026-01-19";0.91;"A";"Данные ЦМИ";"Не-базовые товары";"Скользящее среднее за четыре недели";"Неделя";"2";"%";"0"
"2026-01-26";1.06;"A";"Данные ЦМИ";"Не-базовые товары";"Скользящее среднее за четыре недели";"Неделя";"2";"%";"0"
"2026-02-02";1.12;"A";"Данные ЦМИ";"Не-базовые товары";"Скользящее среднее за четыре недели";"Неделя";"2";"%";"0"
"2026-02-09";0.64;"A";"Данные ЦМИ";"Не-базовые товары";"Скользящее среднее за четыре недели";"Неделя";"2";"%";"0"
"2026-02-16";0.54;"A";"Данные ЦМИ";"Не-базовые товары";"Скользящее среднее за четыре недели";"Неделя";"2";"%";"0"
"2026-02-24";0.44;"A";"Данные ЦМИ";"Не-базовые товары";"Скользящее среднее за четыре недели";"Неделя";"2";"%";"0"
"2026-03-02";0.28;"A";"Данные ЦМИ";"Не-базовые товары";"Скользящее среднее за четыре недели";"Неделя";"2";"%";"0"
"2026-03-10";0.18;"A";"Данные ЦМИ";"Не-базовые товары";"Скользящее среднее за четыре недели";"Неделя";"2";"%";"0"
"2026-03-16";0.13;"A";"Данные ЦМИ";"Не-базовые товары";"Скользящее среднее за четыре недели";"Неделя";"2";"%";"0"
"2026-03-23";0.14;"A";"Данные ЦМИ";"Не-базовые товары";"Скользящее среднее за четыре недели";"Неделя";"2";"%";"0"
"2026-03-30";0.17;"A";"Данные ЦМИ";"Не-базовые товары";"Скользящее среднее за четыре недели";"Неделя";"2";"%";"0"
"2026-04-06";0.21;"A";"Данные ЦМИ";"Не-базовые товары";"Скользящее среднее за четыре недели";"Неделя";"2";"%";"0"
"2026-04-13";0.2;"A";"Данные ЦМИ";"Не-базовые товары";"Скользящее среднее за четыре недели";"Неделя";"2";"%";"0"
"2026-04-20";0.11;"A";"Данные ЦМИ";"Не-базовые товары";"Скользящее среднее за четыре недели";"Неделя";"2";"%";"0"
"2026-04-27";0.01;"A";"Данные ЦМИ";"Не-базовые товары";"Скользящее среднее за четыре недели";"Неделя";"2";"%";"0"
"2026-05-04";-0.2;"A";"Данные ЦМИ";"Не-базовые товары";"Скользящее среднее за четыре недели";"Неделя";"2";"%";"0"
"2026-05-12";-0.41;"A";"Данные ЦМИ";"Не-базовые товары";"Скользящее среднее за четыре недели";"Неделя";"2";"%";"0"
"2026-05-18";-0.51;"A";"Данные ЦМИ";"Не-базовые товары";"Скользящее среднее за четыре недели";"Неделя";"2";"%";"0"
"2026-05-25";-0.43;"A";"Данные ЦМИ";"Не-базовые товары";"Скользящее среднее за четыре недели";"Неделя";"2";"%";"0"
"2026-06-01";-0.23;"A";"Данные ЦМИ";"Не-базовые товары";"Скользящее среднее за четыре недели";"Неделя";"2";"%";"0"
"2026-06-08";0.1;"A";"Данные ЦМИ";"Не-базовые товары";"Скользящее среднее за четыре недели";"Неделя";"2";"%";"0"
"2026-06-15";0.31;"A";"Данные ЦМИ";"Не-базовые товары";"Скользящее среднее за четыре недели";"Неделя";"2";"%";"0"
"2026-06-22";0.48;"A";"Данные ЦМИ";"Не-базовые товары";"Скользящее среднее за четыре недели";"Неделя";"2";"%";"0"
"2026-06-29";0.51;"A";"Данные ЦМИ";"Не-базовые товары";"Скользящее среднее за четыре недели";"Неделя";"2";"%";"0"
"2026-07-06";0.44;"A";"Данные ЦМИ";"Не-базовые товары";"Скользящее среднее за четыре недели";"Неделя";"2";"%";"0"
"2026-07-13";0.42;"A";"Данные ЦМИ";"Не-базовые товары";"Скользящее среднее за четыре недели";"Неделя";"2";"%";"0"
"2026-07-20";0.33;"A";"Данные ЦМИ";"Не-базовые товары";"Скользящее среднее за четыре недели";"Неделя";"2";"%";"0"
"2026-07-27";0.27;"A";"Данные ЦМИ";"Не-базовые товары";"Скользящее среднее за четыре недели";"Неделя";"2";"%";"0"
"2026-08-03";0.16;"A";"Данные ЦМИ";"Не-базовые товары";"Скользящее среднее за четыре недели";"Неделя";"2";"%";"0"
"2026-08-10";0.05;"A";"Данные ЦМИ";"Не-базовые товары";"Скользящее среднее за четыре недели";"Неделя";"2";"%";"0"
"2026-08-17";-0.07;"A";"Данные ЦМИ";"Не-базовые товары";"Скользящее среднее за четыре недели";"Неделя";"2";"%";"0"
"2026-08-24";-0.08;"A";"Данные ЦМИ";"Не-базовые товары";"Скользящее среднее за четыре недели";"Неделя";"2";"%";"0"
"2026-08-31";-0.03;"A";"Данные ЦМИ";"Не-базовые товары";"Скользящее среднее за четыре недели";"Неделя";"2";"%";"0"
"2026-09-07";0;"A";"Данные ЦМИ";"Не-базовые товары";"Скользящее среднее за четыре недели";"Неделя";"2";"%";"0"
"2026-09-14";0.04;"A";"Данные ЦМИ";"Не-базовые товары";"Скользящее среднее за четыре недели";"Неделя";"2";"%";"0"
"2026-09-21";-0.04;"A";"Данные ЦМИ";"Не-базовые товары";"Скользящее среднее за четыре недели";"Неделя";"2";"%";"0"
"2026-09-28";-0.1;"A";"Данные ЦМИ";"Не-базовые товары";"Скользящее среднее за четыре недели";"Неделя";"2";"%";"0"
"2022-01-10";0.42;"A";"Данные ЦМИ";"Топливо моторное";"Скользящее среднее за четыре недели";"Неделя";"2";"%";"0"
"2022-01-14";0.3;"A";"Данные ЦМИ";"Топливо моторное";"Скользящее среднее за четыре недели";"Неделя";"2";"%";"0"
"2022-01-21";0.26;"A";"Данные ЦМИ";"Топливо моторное";"Скользящее среднее за четыре недели";"Неделя";"2";"%";"0"
"2022-01-28";0.25;"A";"Данные ЦМИ";"Топливо моторное";"Скользящее среднее за четыре недели";"Неделя";"2";"%";"0"
"2022-02-04";0.12;"A";"Данные ЦМИ";"Топливо моторное";"Скользящее среднее за четыре недели";"Неделя";"2";"%";"0"
"2022-02-11";0.11;"A";"Данные ЦМИ";"Топливо моторное";"Скользящее среднее за четыре недели";"Неделя";"2";"%";"0"
"2022-02-18";0.09;"A";"Данные ЦМИ";"Топливо моторное";"Скользящее среднее за четыре недели";"Неделя";"2";"%";"0"
"2022-02-25";0.05;"A";"Данные ЦМИ";"Топливо моторное";"Скользящее среднее за четыре недели";"Неделя";"2";"%";"0"
"2022-03-04";0.04;"A";"Данные ЦМИ";"Топливо моторное";"Скользящее среднее за четыре недели";"Неделя";"2";"%";"0"
"2022-03-11";0.01;"A";"Данные ЦМИ";"Топливо моторное";"Скользящее среднее за четыре недели";"Неделя";"2";"%";"0"
"2022-03-18";-0.03;"A";"Данные ЦМИ";"Топливо моторное";"Скользящее среднее за четыре недели";"Неделя";"2";"%";"0"
"2022-03-25";-0.05;"A";"Данные ЦМИ";"Топливо моторное";"Скользящее среднее за четыре недели";"Неделя";"2";"%";"0"
"2022-04-01";-0.07;"A";"Данные ЦМИ";"Топливо моторное";"Скользящее среднее за четыре недели";"Неделя";"2";"%";"0"
"2022-04-08";-0.07;"A";"Данные ЦМИ";"Топливо моторное";"Скользящее среднее за четыре недели";"Неделя";"2";"%";"0"
"2022-04-15";-0.06;"A";"Данные ЦМИ";"Топливо моторное";"Скользящее среднее за четыре недели";"Неделя";"2";"%";"0"
"2022-04-22";-0.07;"A";"Данные ЦМИ";"Топливо моторное";"Скользящее среднее за четыре недели";"Неделя";"2";"%";"0"
"2022-04-29";-0.06;"A";"Данные ЦМИ";"Топливо моторное";"Скользящее среднее за четыре недели";"Неделя";"2";"%";"0"
"2022-05-06";-0.04;"A";"Данные ЦМИ";"Топливо моторное";"Скользящее среднее за четыре недели";"Неделя";"2";"%";"0"
"2022-05-13";-0.03;"A";"Данные ЦМИ";"Топливо моторное";"Скользящее среднее за четыре недели";"Неделя";"2";"%";"0"
"2022-05-20";-0.04;"A";"Данные ЦМИ";"Топливо моторное";"Скользящее среднее за четыре недели";"Неделя";"2";"%";"0"
"2022-05-27";-0.05;"A";"Данные ЦМИ";"Топливо моторное";"Скользящее среднее за четыре недели";"Неделя";"2";"%";"0"
"2022-06-03";-0.05;"A";"Данные ЦМИ";"Топливо моторное";"Скользящее среднее за четыре недели";"Неделя";"2";"%";"0"
"2022-06-10";-0.05;"A";"Данные ЦМИ";"Топливо моторное";"Скользящее среднее за четыре недели";"Неделя";"2";"%";"0"
"2022-06-17";-0.04;"A";"Данные ЦМИ";"Топливо моторное";"Скользящее среднее за четыре недели";"Неделя";"2";"%";"0"
"2022-06-24";-0.03;"A";"Данные ЦМИ";"Топливо моторное";"Скользящее среднее за четыре недели";"Неделя";"2";"%";"0"
"2022-07-01";-0.02;"A";"Данные ЦМИ";"Топливо моторное";"Скользящее среднее за четыре недели";"Неделя";"2";"%";"0"
"2022-07-08";-0.02;"A";"Данные ЦМИ";"Топливо моторное";"Скользящее среднее за четыре недели";"Неделя";"2";"%";"0"
"2022-07-15";-0.02;"A";"Данные ЦМИ";"Топливо моторное";"Скользящее среднее за четыре недели";"Неделя";"2";"%";"0"
"2022-07-22";-0.01;"A";"Данные ЦМИ";"Топливо моторное";"Скользящее среднее за четыре недели";"Неделя";"2";"%";"0"
"2022-08-01";-0.01;"A";"Данные ЦМИ";"Топливо моторное";"Скользящее среднее за четыре недели";"Неделя";"2";"%";"0"
"2022-08-08";0.01;"A";"Данные ЦМИ";"Топливо моторное";"Скользящее среднее за четыре недели";"Неделя";"2";"%";"0"
"2022-08-15";0.02;"A";"Данные ЦМИ";"Топливо моторное";"Скользящее среднее за четыре недели";"Неделя";"2";"%";"0"
"2022-08-22";0.05;"A";"Данные ЦМИ";"Топливо моторное";"Скользящее среднее за четыре недели";"Неделя";"2";"%";"0"
"2022-08-29";0.07;"A";"Данные ЦМИ";"Топливо моторное";"Скользящее среднее за четыре недели";"Неделя";"2";"%";"0"
"2022-09-05";0.07;"A";"Данные ЦМИ";"Топливо моторное";"Скользящее среднее за четыре недели";"Неделя";"2";"%";"0"
"2022-09-12";0.06;"A";"Данные ЦМИ";"Топливо моторное";"Скользящее среднее за четыре недели";"Неделя";"2";"%";"0"
"2022-09-19";0.04;"A";"Данные ЦМИ";"Топливо моторное";"Скользящее среднее за четыре недели";"Неделя";"2";"%";"0"
"2022-09-26";0.03;"A";"Данные ЦМИ";"Топливо моторное";"Скользящее среднее за четыре недели";"Неделя";"2";"%";"0"
"2022-10-03";0.03;"A";"Данные ЦМИ";"Топливо моторное";"Скользящее среднее за четыре недели";"Неделя";"2";"%";"0"
"2022-10-10";0.03;"A";"Данные ЦМИ";"Топливо моторное";"Скользящее среднее за четыре недели";"Неделя";"2";"%";"0"
"2022-10-17";0.03;"A";"Данные ЦМИ";"Топливо моторное";"Скользящее среднее за четыре недели";"Неделя";"2";"%";"0"
"2022-10-24";0.02;"A";"Данные ЦМИ";"Топливо моторное";"Скользящее среднее за четыре недели";"Неделя";"2";"%";"0"
"2022-10-31";0.02;"A";"Данные ЦМИ";"Топливо моторное";"Скользящее среднее за четыре недели";"Неделя";"2";"%";"0"
"2022-11-07";0.02;"A";"Данные ЦМИ";"Топливо моторное";"Скользящее среднее за четыре недели";"Неделя";"2";"%";"0"
"2022-11-14";0.02;"A";"Данные ЦМИ";"Топливо моторное";"Скользящее среднее за четыре недели";"Неделя";"2";"%";"0"
"2022-11-21";0.06;"A";"Данные ЦМИ";"Топливо моторное";"Скользящее среднее за четыре недели";"Неделя";"2";"%";"0"
"2022-11-28";0.09;"A";"Данные ЦМИ";"Топливо моторное";"Скользящее среднее за четыре недели";"Неделя";"2";"%";"0"
"2022-12-05";0.11;"A";"Данные ЦМИ";"Топливо моторное";"Скользящее среднее за четыре недели";"Неделя";"2";"%";"0"
"2022-12-12";0.12;"A";"Данные ЦМИ";"Топливо моторное";"Скользящее среднее за четыре недели";"Неделя";"2";"%";"0"
"2022-12-19";0.1;"A";"Данные ЦМИ";"Топливо моторное";"Скользящее среднее за четыре недели";"Неделя";"2";"%";"0"
"2022-12-26";0.07;"A";"Данные ЦМИ";"Топливо моторное";"Скользящее среднее за четыре недели";"Неделя";"2";"%";"0"
"2023-01-09";0.06;"A";"Данные ЦМИ";"Топливо моторное";"Скользящее среднее за четыре недели";"Неделя";"2";"%";"0"
"2023-01-16";0.04;"A";"Данные ЦМИ";"Топливо моторное";"Скользящее среднее за четыре недели";"Неделя";"2";"%";"0"
"2023-01-23";0.03;"A";"Данные ЦМИ";"Топливо моторное";"Скользящее среднее за четыре недели";"Неделя";"2";"%";"0"
"2023-01-30";0.02;"A";"Данные ЦМИ";"Топливо моторное";"Скользящее среднее за четыре недели";"Неделя";"2";"%";"0"
"2023-02-06";-0.01;"A";"Данные ЦМИ";"Топливо моторное";"Скользящее среднее за четыре недели";"Неделя";"2";"%";"0"
"2023-02-13";-0.02;"A";"Данные ЦМИ";"Топливо моторное";"Скользящее среднее за четыре недели";"Неделя";"2";"%";"0"
"2023-02-20";-0.03;"A";"Данные ЦМИ";"Топливо моторное";"Скользящее среднее за четыре недели";"Неделя";"2";"%";"0"
"2023-02-27";-0.04;"A";"Данные ЦМИ";"Топливо моторное";"Скользящее среднее за четыре недели";"Неделя";"2";"%";"0"
"2023-03-06";-0.03;"A";"Данные ЦМИ";"Топливо моторное";"Скользящее среднее за четыре недели";"Неделя";"2";"%";"0"
"2023-03-13";-0.02;"A";"Данные ЦМИ";"Топливо моторное";"Скользящее среднее за четыре недели";"Неделя";"2";"%";"0"
"2023-03-20";-0.01;"A";"Данные ЦМИ";"Топливо моторное";"Скользящее среднее за четыре недели";"Неделя";"2";"%";"0"
"2023-03-27";0;"A";"Данные ЦМИ";"Топливо моторное";"Скользящее среднее за четыре недели";"Неделя";"2";"%";"0"
"2023-04-03";0.01;"A";"Данные ЦМИ";"Топливо моторное";"Скользящее среднее за четыре недели";"Неделя";"2";"%";"0"
"2023-04-10";0.01;"A";"Данные ЦМИ";"Топливо моторное";"Скользящее среднее за четыре недели";"Неделя";"2";"%";"0"
"2023-04-17";0.01;"A";"Данные ЦМИ";"Топливо моторное";"Скользящее среднее за четыре недели";"Неделя";"2";"%";"0"
"2023-04-24";0.01;"A";"Данные ЦМИ";"Топливо моторное";"Скользящее среднее за четыре недели";"Неделя";"2";"%";"0"
"2023-05-02";0.04;"A";"Данные ЦМИ";"Топливо моторное";"Скользящее среднее за четыре недели";"Неделя";"2";"%";"0"
"2023-05-10";0.04;"A";"Данные ЦМИ";"Топливо моторное";"Скользящее среднее за четыре недели";"Неделя";"2";"%";"0"
"2023-05-15";0.08;"A";"Данные ЦМИ";"Топливо моторное";"Скользящее среднее за четыре недели";"Неделя";"2";"%";"0"
"2023-05-22";0.14;"A";"Данные ЦМИ";"Топливо моторное";"Скользящее среднее за четыре недели";"Неделя";"2";"%";"0"
"2023-05-29";0.18;"A";"Данные ЦМИ";"Топливо моторное";"Скользящее среднее за четыре недели";"Неделя";"2";"%";"0"
"2023-06-05";0.25;"A";"Данные ЦМИ";"Топливо моторное";"Скользящее среднее за четыре недели";"Неделя";"2";"%";"0"
"2023-06-13";0.28;"A";"Данные ЦМИ";"Топливо моторное";"Скользящее среднее за четыре недели";"Неделя";"2";"%";"0"
"2023-06-19";0.3;"A";"Данные ЦМИ";"Топливо моторное";"Скользящее среднее за четыре недели";"Неделя";"2";"%";"0"
"2023-06-26";0.33;"A";"Данные ЦМИ";"Топливо моторное";"Скользящее среднее за четыре недели";"Неделя";"2";"%";"0"
"2023-07-03";0.32;"A";"Данные ЦМИ";"Топливо моторное";"Скользящее среднее за четыре недели";"Неделя";"2";"%";"0"
"2023-07-10";0.33;"A";"Данные ЦМИ";"Топливо моторное";"Скользящее среднее за четыре недели";"Неделя";"2";"%";"0"
"2023-07-17";0.37;"A";"Данные ЦМИ";"Топливо моторное";"Скользящее среднее за четыре недели";"Неделя";"2";"%";"0"
"2023-07-24";0.41;"A";"Данные ЦМИ";"Топливо моторное";"Скользящее среднее за четыре недели";"Неделя";"2";"%";"0"
"2023-07-31";0.47;"A";"Данные ЦМИ";"Топливо моторное";"Скользящее среднее за четыре недели";"Неделя";"2";"%";"0"
"2023-08-07";0.53;"A";"Данные ЦМИ";"Топливо моторное";"Скользящее среднее за четыре недели";"Неделя";"2";"%";"0"
"2023-08-14";0.54;"A";"Данные ЦМИ";"Топливо моторное";"Скользящее среднее за четыре недели";"Неделя";"2";"%";"0"
"2023-08-21";0.56;"A";"Данные ЦМИ";"Топливо моторное";"Скользящее среднее за четыре недели";"Неделя";"2";"%";"0"
"2023-08-28";0.56;"A";"Данные ЦМИ";"Топливо моторное";"Скользящее среднее за четыре недели";"Неделя";"2";"%";"0"
"2023-09-04";0.57;"A";"Данные ЦМИ";"Топливо моторное";"Скользящее среднее за четыре недели";"Неделя";"2";"%";"0"
"2023-09-11";0.64;"A";"Данные ЦМИ";"Топливо моторное";"Скользящее среднее за четыре недели";"Неделя";"2";"%";"0"
"2023-09-18";0.72;"A";"Данные ЦМИ";"Топливо моторное";"Скользящее среднее за четыре недели";"Неделя";"2";"%";"0"
"2023-09-25";0.74;"A";"Данные ЦМИ";"Топливо моторное";"Скользящее среднее за четыре недели";"Неделя";"2";"%";"0"
"2023-10-02";0.48;"A";"Данные ЦМИ";"Топливо моторное";"Скользящее среднее за четыре недели";"Неделя";"2";"%";"0"
"2023-10-09";0.14;"A";"Данные ЦМИ";"Топливо моторное";"Скользящее среднее за четыре недели";"Неделя";"2";"%";"0"
"2023-10-16";-0.17;"A";"Данные ЦМИ";"Топливо моторное";"Скользящее среднее за четыре недели";"Неделя";"2";"%";"0"
"2023-10-23";-0.38;"A";"Данные ЦМИ";"Топливо моторное";"Скользящее среднее за четыре недели";"Неделя";"2";"%";"0"
"2023-10-30";-0.34;"A";"Данные ЦМИ";"Топливо моторное";"Скользящее среднее за четыре недели";"Неделя";"2";"%";"0"
"2023-11-07";-0.25;"A";"Данные ЦМИ";"Топливо моторное";"Скользящее среднее за четыре недели";"Неделя";"2";"%";"0"
"2023-11-13";-0.21;"A";"Данные ЦМИ";"Топливо моторное";"Скользящее среднее за четыре недели";"Неделя";"2";"%";"0"
"2023-11-20";-0.19;"A";"Данные ЦМИ";"Топливо моторное";"Скользящее среднее за четыре недели";"Неделя";"2";"%";"0"
"2023-11-27";-0.14;"A";"Данные ЦМИ";"Топливо моторное";"Скользящее среднее за четыре недели";"Неделя";"2";"%";"0"
"2023-12-04";-0.13;"A";"Данные ЦМИ";"Топливо моторное";"Скользящее среднее за четыре недели";"Неделя";"2";"%";"0"
"2023-12-11";-0.12;"A";"Данные ЦМИ";"Топливо моторное";"Скользящее среднее за четыре недели";"Неделя";"2";"%";"0"
"2023-12-18";-0.07;"A";"Данные ЦМИ";"Топливо моторное";"Скользящее среднее за четыре недели";"Неделя";"2";"%";"0"
"2023-12-25";0;"A";"Данные ЦМИ";"Топливо моторное";"Скользящее среднее за четыре недели";"Неделя";"2";"%";"0"
"2024-01-09";0.15;"A";"Данные ЦМИ";"Топливо моторное";"Скользящее среднее за четыре недели";"Неделя";"2";"%";"0"
"2024-01-15";0.18;"A";"Данные ЦМИ";"Топливо моторное";"Скользящее среднее за четыре недели";"Неделя";"2";"%";"0"
"2024-01-22";0.18;"A";"Данные ЦМИ";"Топливо моторное";"Скользящее среднее за четыре недели";"Неделя";"2";"%";"0"
"2024-01-29";0.14;"A";"Данные ЦМИ";"Топливо моторное";"Скользящее среднее за четыре недели";"Неделя";"2";"%";"0"
"2024-02-05";0.02;"A";"Данные ЦМИ";"Топливо моторное";"Скользящее среднее за четыре недели";"Неделя";"2";"%";"0"
"2024-02-12";0.02;"A";"Данные ЦМИ";"Топливо моторное";"Скользящее среднее за четыре недели";"Неделя";"2";"%";"0"
"2024-02-19";0.01;"A";"Данные ЦМИ";"Топливо моторное";"Скользящее среднее за четыре недели";"Неделя";"2";"%";"0"
"2024-02-26";0;"A";"Данные ЦМИ";"Топливо моторное";"Скользящее среднее за четыре недели";"Неделя";"2";"%";"0"
"2024-03-04";0;"A";"Данные ЦМИ";"Топливо моторное";"Скользящее среднее за четыре недели";"Неделя";"2";"%";"0"
"2024-03-11";-0.01;"A";"Данные ЦМИ";"Топливо моторное";"Скользящее среднее за четыре недели";"Неделя";"2";"%";"0"
"2024-03-18";0;"A";"Данные ЦМИ";"Топливо моторное";"Скользящее среднее за четыре недели";"Неделя";"2";"%";"0"
"2024-03-25";0.02;"A";"Данные ЦМИ";"Топливо моторное";"Скользящее среднее за четыре недели";"Неделя";"2";"%";"0"
"2024-04-01";0.04;"A";"Данные ЦМИ";"Топливо моторное";"Скользящее среднее за четыре недели";"Неделя";"2";"%";"0"
"2024-04-08";0.08;"A";"Данные ЦМИ";"Топливо моторное";"Скользящее среднее за четыре недели";"Неделя";"2";"%";"0"
"2024-04-15";0.13;"A";"Данные ЦМИ";"Топливо моторное";"Скользящее среднее за четыре недели";"Неделя";"2";"%";"0"
"2024-04-22";0.13;"A";"Данные ЦМИ";"Топливо моторное";"Скользящее среднее за четыре недели";"Неделя";"2";"%";"0"
"2024-05-02";0.15;"A";"Данные ЦМИ";"Топливо моторное";"Скользящее среднее за четыре недели";"Неделя";"2";"%";"0"
"2024-05-06";0.12;"A";"Данные ЦМИ";"Топливо моторное";"Скользящее среднее за четыре недели";"Неделя";"2";"%";"0"
"2024-05-13";0.07;"A";"Данные ЦМИ";"Топливо моторное";"Скользящее среднее за четыре недели";"Неделя";"2";"%";"0"
"2024-05-20";0.07;"A";"Данные ЦМИ";"Топливо моторное";"Скользящее среднее за четыре недели";"Неделя";"2";"%";"0"
"2024-05-27";0.07;"A";"Данные ЦМИ";"Топливо моторное";"Скользящее среднее за четыре недели";"Неделя";"2";"%";"0"
"2024-06-03";0.13;"A";"Данные ЦМИ";"Топливо моторное";"Скользящее среднее за четыре недели";"Неделя";"2";"%";"0"
"2024-06-10";0.17;"A";"Данные ЦМИ";"Топливо моторное";"Скользящее среднее за четыре недели";"Неделя";"2";"%";"0"
"2024-06-17";0.18;"A";"Данные ЦМИ";"Топливо моторное";"Скользящее среднее за четыре недели";"Неделя";"2";"%";"0"
"2024-06-24";0.26;"A";"Данные ЦМИ";"Топливо моторное";"Скользящее среднее за четыре недели";"Неделя";"2";"%";"0"
"2024-07-01";0.32;"A";"Данные ЦМИ";"Топливо моторное";"Скользящее среднее за четыре недели";"Неделя";"2";"%";"0"
"2024-07-08";0.42;"A";"Данные ЦМИ";"Топливо моторное";"Скользящее среднее за четыре недели";"Неделя";"2";"%";"0"
"2024-07-15";0.51;"A";"Данные ЦМИ";"Топливо моторное";"Скользящее среднее за четыре недели";"Неделя";"2";"%";"0"
"2024-07-22";0.54;"A";"Данные ЦМИ";"Топливо моторное";"Скользящее среднее за четыре недели";"Неделя";"2";"%";"0"
"2024-07-29";0.51;"A";"Данные ЦМИ";"Топливо моторное";"Скользящее среднее за четыре недели";"Неделя";"2";"%";"0"
"2024-08-05";0.42;"A";"Данные ЦМИ";"Топливо моторное";"Скользящее среднее за четыре недели";"Неделя";"2";"%";"0"
"2024-08-12";0.35;"A";"Данные ЦМИ";"Топливо моторное";"Скользящее среднее за четыре недели";"Неделя";"2";"%";"0"
"2024-08-19";0.26;"A";"Данные ЦМИ";"Топливо моторное";"Скользящее среднее за четыре недели";"Неделя";"2";"%";"0"
"2024-08-26";0.2;"A";"Данные ЦМИ";"Топливо моторное";"Скользящее среднее за четыре недели";"Неделя";"2";"%";"0"
"2024-09-02";0.17;"A";"Данные ЦМИ";"Топливо моторное";"Скользящее среднее за четыре недели";"Неделя";"2";"%";"0"
"2024-09-09";0.19;"A";"Данные ЦМИ";"Топливо моторное";"Скользящее среднее за четыре недели";"Неделя";"2";"%";"0"
"2024-09-16";0.18;"A";"Данные ЦМИ";"Топливо моторное";"Скользящее среднее за четыре недели";"Неделя";"2";"%";"0"
"2024-09-23";0.17;"A";"Данные ЦМИ";"Топливо моторное";"Скользящее среднее за четыре недели";"Неделя";"2";"%";"0"
"2024-09-30";0.16;"A";"Данные ЦМИ";"Топливо моторное";"Скользящее среднее за четыре недели";"Неделя";"2";"%";"0"
"2024-10-07";0.11;"A";"Данные ЦМИ";"Топливо моторное";"Скользящее среднее за четыре недели";"Неделя";"2";"%";"0"
"2024-10-14";0.09;"A";"Данные ЦМИ";"Топливо моторное";"Скользящее среднее за четыре недели";"Неделя";"2";"%";"0"
"2024-10-21";0.1;"A";"Данные ЦМИ";"Топливо моторное";"Скользящее среднее за четыре недели";"Неделя";"2";"%";"0"
"2024-10-28";0.12;"A";"Данные ЦМИ";"Топливо моторное";"Скользящее среднее за четыре недели";"Неделя";"2";"%";"0"
"2024-11-05";0.14;"A";"Данные ЦМИ";"Топливо моторное";"Скользящее среднее за четыре недели";"Неделя";"2";"%";"0"
"2024-11-11";0.15;"A";"Данные ЦМИ";"Топливо моторное";"Скользящее среднее за четыре недели";"Неделя";"2";"%";"0"
"2024-11-18";0.19;"A";"Данные ЦМИ";"Топливо моторное";"Скользящее среднее за четыре недели";"Неделя";"2";"%";"0"
"2024-11-25";0.24;"A";"Данные ЦМИ";"Топливо моторное";"Скользящее среднее за четыре недели";"Неделя";"2";"%";"0"
"2024-12-02";0.29;"A";"Данные ЦМИ";"Топливо моторное";"Скользящее среднее за четыре недели";"Неделя";"2";"%";"0"
"2024-12-09";0.38;"A";"Данные ЦМИ";"Топливо моторное";"Скользящее среднее за четыре недели";"Неделя";"2";"%";"0"
"2024-12-16";0.39;"A";"Данные ЦМИ";"Топливо моторное";"Скользящее среднее за четыре недели";"Неделя";"2";"%";"0"
"2024-12-23";0.38;"A";"Данные ЦМИ";"Топливо моторное";"Скользящее среднее за четыре недели";"Неделя";"2";"%";"0"
"2025-01-09";0.41;"A";"Данные ЦМИ";"Топливо моторное";"Скользящее среднее за четыре недели";"Неделя";"2";"%";"0"
"2025-01-13";0.3;"A";"Данные ЦМИ";"Топливо моторное";"Скользящее среднее за четыре недели";"Неделя";"2";"%";"0"
"2025-01-20";0.24;"A";"Данные ЦМИ";"Топливо моторное";"Скользящее среднее за четыре недели";"Неделя";"2";"%";"0"
"2025-01-27";0.16;"A";"Данные ЦМИ";"Топливо моторное";"Скользящее среднее за четыре недели";"Неделя";"2";"%";"0"
"2025-02-03";0.07;"A";"Данные ЦМИ";"Топливо моторное";"Скользящее среднее за четыре недели";"Неделя";"2";"%";"0"
"2025-02-10";0.07;"A";"Данные ЦМИ";"Топливо моторное";"Скользящее среднее за четыре недели";"Неделя";"2";"%";"0"
"2025-02-17";0.1;"A";"Данные ЦМИ";"Топливо моторное";"Скользящее среднее за четыре недели";"Неделя";"2";"%";"0"
"2025-02-24";0.12;"A";"Данные ЦМИ";"Топливо моторное";"Скользящее среднее за четыре недели";"Неделя";"2";"%";"0"
"2025-03-03";0.13;"A";"Данные ЦМИ";"Топливо моторное";"Скользящее среднее за четыре недели";"Неделя";"2";"%";"0"
"2025-03-10";0.16;"A";"Данные ЦМИ";"Топливо моторное";"Скользящее среднее за четыре недели";"Неделя";"2";"%";"0"
"2025-03-17";0.13;"A";"Данные ЦМИ";"Топливо моторное";"Скользящее среднее за четыре недели";"Неделя";"2";"%";"0"
"2025-03-24";0.13;"A";"Данные ЦМИ";"Топливо моторное";"Скользящее среднее за четыре недели";"Неделя";"2";"%";"0"
"2025-03-31";0.1;"A";"Данные ЦМИ";"Топливо моторное";"Скользящее среднее за четыре недели";"Неделя";"2";"%";"0"
"2025-04-07";0.11;"A";"Данные ЦМИ";"Топливо моторное";"Скользящее среднее за четыре недели";"Неделя";"2";"%";"0"
"2025-04-14";0.13;"A";"Данные ЦМИ";"Топливо моторное";"Скользящее среднее за четыре недели";"Неделя";"2";"%";"0"
"2025-04-21";0.13;"A";"Данные ЦМИ";"Топливо моторное";"Скользящее среднее за четыре недели";"Неделя";"2";"%";"0"
"2025-04-28";0.14;"A";"Данные ЦМИ";"Топливо моторное";"Скользящее среднее за четыре недели";"Неделя";"2";"%";"0"
"2025-05-05";0.1;"A";"Данные ЦМИ";"Топливо моторное";"Скользящее среднее за четыре недели";"Неделя";"2";"%";"0"
"2025-05-12";0.08;"A";"Данные ЦМИ";"Топливо моторное";"Скользящее среднее за четыре недели";"Неделя";"2";"%";"0"
"2025-05-19";0.08;"A";"Данные ЦМИ";"Топливо моторное";"Скользящее среднее за четыре недели";"Неделя";"2";"%";"0"
"2025-05-26";0.07;"A";"Данные ЦМИ";"Топливо моторное";"Скользящее среднее за четыре недели";"Неделя";"2";"%";"0"
"2025-06-02";0.08;"A";"Данные ЦМИ";"Топливо моторное";"Скользящее среднее за четыре недели";"Неделя";"2";"%";"0"
"2025-06-09";0.08;"A";"Данные ЦМИ";"Топливо моторное";"Скользящее среднее за четыре недели";"Неделя";"2";"%";"0"
"2025-06-16";0.09;"A";"Данные ЦМИ";"Топливо моторное";"Скользящее среднее за четыре недели";"Неделя";"2";"%";"0"
"2025-06-23";0.13;"A";"Данные ЦМИ";"Топливо моторное";"Скользящее среднее за четыре недели";"Неделя";"2";"%";"0"
"2025-06-30";0.15;"A";"Данные ЦМИ";"Топливо моторное";"Скользящее среднее за четыре недели";"Неделя";"2";"%";"0"
"2025-07-07";0.19;"A";"Данные ЦМИ";"Топливо моторное";"Скользящее среднее за четыре недели";"Неделя";"2";"%";"0"
"2025-07-14";0.26;"A";"Данные ЦМИ";"Топливо моторное";"Скользящее среднее за четыре недели";"Неделя";"2";"%";"0"
"2025-07-21";0.29;"A";"Данные ЦМИ";"Топливо моторное";"Скользящее среднее за четыре недели";"Неделя";"2";"%";"0"
"2025-07-28";0.31;"A";"Данные ЦМИ";"Топливо моторное";"Скользящее среднее за четыре недели";"Неделя";"2";"%";"0"
"2025-08-04";0.31;"A";"Данные ЦМИ";"Топливо моторное";"Скользящее среднее за четыре недели";"Неделя";"2";"%";"0"
"2025-08-11";0.31;"A";"Данные ЦМИ";"Топливо моторное";"Скользящее среднее за четыре недели";"Неделя";"2";"%";"0"
"2025-08-18";0.34;"A";"Данные ЦМИ";"Топливо моторное";"Скользящее среднее за четыре недели";"Неделя";"2";"%";"0"
"2025-08-25";0.42;"A";"Данные ЦМИ";"Топливо моторное";"Скользящее среднее за четыре недели";"Неделя";"2";"%";"0"
"2025-09-01";0.43;"A";"Данные ЦМИ";"Топливо моторное";"Скользящее среднее за четыре недели";"Неделя";"2";"%";"0"
"2025-09-08";0.46;"A";"Данные ЦМИ";"Топливо моторное";"Скользящее среднее за четыре недели";"Неделя";"2";"%";"0"
"2025-09-15";0.47;"A";"Данные ЦМИ";"Топливо моторное";"Скользящее среднее за четыре недели";"Неделя";"2";"%";"0"
"2025-09-22";0.47;"A";"Данные ЦМИ";"Топливо моторное";"Скользящее среднее за четыре недели";"Неделя";"2";"%";"0"
"2025-09-29";0.6;"A";"Данные ЦМИ";"Топливо моторное";"Скользящее среднее за четыре недели";"Неделя";"2";"%";"0"
"2025-10-06";0.67;"A";"Данные ЦМИ";"Топливо моторное";"Скользящее среднее за четыре недели";"Неделя";"2";"%";"0"
"2025-10-13";0.74;"A";"Данные ЦМИ";"Топливо моторное";"Скользящее среднее за четыре недели";"Неделя";"2";"%";"0"
"2025-10-20";0.73;"A";"Данные ЦМИ";"Топливо моторное";"Скользящее среднее за четыре недели";"Неделя";"2";"%";"0"
"2025-10-27";0.63;"A";"Данные ЦМИ";"Топливо моторное";"Скользящее среднее за четыре недели";"Неделя";"2";"%";"0"
"2025-11-05";0.44;"A";"Данные ЦМИ";"Топливо моторное";"Скользящее среднее за четыре недели";"Неделя";"2";"%";"0"
"2025-11-10";0.21;"A";"Данные ЦМИ";"Топливо моторное";"Скользящее среднее за четыре недели";"Неделя";"2";"%";"0"
"2025-11-17";0.02;"A";"Данные ЦМИ";"Топливо моторное";"Скользящее среднее за четыре недели";"Неделя";"2";"%";"0"
"2025-11-24";-0.13;"A";"Данные ЦМИ";"Топливо моторное";"Скользящее среднее за четыре недели";"Неделя";"2";"%";"0"
"2025-12-01";-0.2;"A";"Данные ЦМИ";"Топливо моторное";"Скользящее среднее за четыре недели";"Неделя";"2";"%";"0"
"2025-12-08";-0.21;"A";"Данные ЦМИ";"Топливо моторное";"Скользящее среднее за четыре недели";"Неделя";"2";"%";"0"
"2025-12-15";-0.18;"A";"Данные ЦМИ";"Топливо моторное";"Скользящее среднее за четыре недели";"Неделя";"2";"%";"0"
"2025-12-22";-0.14;"A";"Данные ЦМИ";"Топливо моторное";"Скользящее среднее за четыре недели";"Неделя";"2";"%";"0"
"2026-01-12";0.21;"A";"Данные ЦМИ";"Топливо моторное";"Скользящее среднее за четыре недели";"Неделя";"2";"%";"0"
"2026-01-19";0.29;"A";"Данные ЦМИ";"Топливо моторное";"Скользящее среднее за четыре недели";"Неделя";"2";"%";"0"
"2026-01-26";0.31;"A";"Данные ЦМИ";"Топливо моторное";"Скользящее среднее за четыре недели";"Неделя";"2";"%";"0"
"2026-02-02";0.35;"A";"Данные ЦМИ";"Топливо моторное";"Скользящее среднее за четыре недели";"Неделя";"2";"%";"0"
"2026-02-09";0.1;"A";"Данные ЦМИ";"Топливо моторное";"Скользящее среднее за четыре недели";"Неделя";"2";"%";"0"
"2026-02-16";0.1;"A";"Данные ЦМИ";"Топливо моторное";"Скользящее среднее за четыре недели";"Неделя";"2";"%";"0"
"2026-02-24";0.16;"A";"Данные ЦМИ";"Топливо моторное";"Скользящее среднее за четыре недели";"Неделя";"2";"%";"0"
"2026-03-02";0.15;"A";"Данные ЦМИ";"Топливо моторное";"Скользящее среднее за четыре недели";"Неделя";"2";"%";"0"
"2026-03-10";0.14;"A";"Данные ЦМИ";"Топливо моторное";"Скользящее среднее за четыре недели";"Неделя";"2";"%";"0"
"2026-03-16";0.17;"A";"Данные ЦМИ";"Топливо моторное";"Скользящее среднее за четыре недели";"Неделя";"2";"%";"0"
"2026-03-23";0.2;"A";"Данные ЦМИ";"Топливо моторное";"Скользящее среднее за четыре недели";"Неделя";"2";"%";"0"
"2026-03-30";0.25;"A";"Данные ЦМИ";"Топливо моторное";"Скользящее среднее за четыре недели";"Неделя";"2";"%";"0"
"2026-04-06";0.26;"A";"Данные ЦМИ";"Топливо моторное";"Скользящее среднее за четыре недели";"Неделя";"2";"%";"0"
"2026-04-13";0.22;"A";"Данные ЦМИ";"Топливо моторное";"Скользящее среднее за четыре недели";"Неделя";"2";"%";"0"
"2026-04-20";0.18;"A";"Данные ЦМИ";"Топливо моторное";"Скользящее среднее за четыре недели";"Неделя";"2";"%";"0"
"2026-04-27";0.14;"A";"Данные ЦМИ";"Топливо моторное";"Скользящее среднее за четыре недели";"Неделя";"2";"%";"0"
"2026-05-04";0.12;"A";"Данные ЦМИ";"Топливо моторное";"Скользящее среднее за четыре недели";"Неделя";"2";"%";"0"
"2026-05-12";0.12;"A";"Данные ЦМИ";"Топливо моторное";"Скользящее среднее за четыре недели";"Неделя";"2";"%";"0"
"2026-05-18";0.1;"A";"Данные ЦМИ";"Топливо моторное";"Скользящее среднее за четыре недели";"Неделя";"2";"%";"0"
"2026-05-25";0.16;"A";"Данные ЦМИ";"Топливо моторное";"Скользящее среднее за четыре недели";"Неделя";"2";"%";"0"
"2026-06-01";0.25;"A";"Данные ЦМИ";"Топливо моторное";"Скользящее среднее за четыре недели";"Неделя";"2";"%";"0"
"2026-06-08";0.47;"A";"Данные ЦМИ";"Топливо моторное";"Скользящее среднее за четыре недели";"Неделя";"2";"%";"0"
"2026-06-15";0.67;"A";"Данные ЦМИ";"Топливо моторное";"Скользящее среднее за четыре недели";"Неделя";"2";"%";"0"
"2026-06-22";1.34;"A";"Данные ЦМИ";"Топливо моторное";"Скользящее среднее за четыре недели";"Неделя";"2";"%";"0"
"2026-06-29";1.63;"A";"Данные ЦМИ";"Топливо моторное";"Скользящее среднее за четыре недели";"Неделя";"2";"%";"0"
"2026-07-06";1.95;"A";"Данные ЦМИ";"Топливо моторное";"Скользящее среднее за четыре недели";"Неделя";"2";"%";"0"
"2026-07-13";2.29;"A";"Данные ЦМИ";"Топливо моторное";"Скользящее среднее за четыре недели";"Неделя";"2";"%";"0"
"2026-07-20";1.95;"A";"Данные ЦМИ";"Топливо моторное";"Скользящее среднее за четыре недели";"Неделя";"2";"%";"0"
"2026-07-27";1.68;"A";"Данные ЦМИ";"Топливо моторное";"Скользящее среднее за четыре недели";"Неделя";"2";"%";"0"
"2026-08-03";0.84;"A";"Данные ЦМИ";"Топливо моторное";"Скользящее среднее за четыре недели";"Неделя";"2";"%";"0"
"2026-08-10";0.1;"A";"Данные ЦМИ";"Топливо моторное";"Скользящее среднее за четыре недели";"Неделя";"2";"%";"0"
"2026-08-17";-0.19;"A";"Данные ЦМИ";"Топливо моторное";"Скользящее среднее за четыре недели";"Неделя";"2";"%";"0"
"2026-08-24";-0.11;"A";"Данные ЦМИ";"Топливо моторное";"Скользящее среднее за четыре недели";"Неделя";"2";"%";"0"
"2026-08-31";0.4;"A";"Данные ЦМИ";"Топливо моторное";"Скользящее среднее за четыре недели";"Неделя";"2";"%";"0"
"2026-09-07";0.7;"A";"Данные ЦМИ";"Топливо моторное";"Скользящее среднее за четыре недели";"Неделя";"2";"%";"0"
"2026-09-14";0.66;"A";"Данные ЦМИ";"Топливо моторное";"Скользящее среднее за четыре недели";"Неделя";"2";"%";"0"
"2026-09-21";0.45;"A";"Данные ЦМИ";"Топливо моторное";"Скользящее среднее за четыре недели";"Неделя";"2";"%";"0"
"2026-09-28";0.22;"A";"Данные ЦМИ";"Топливо моторное";"Скользящее среднее за четыре недели";"Неделя";"2";"%";"0"
"2022-01-10";1.57;"A";"Данные ЦМИ";"Услуги пассажирского транспорта";"Скользящее среднее за четыре недели";"Неделя";"2";"%";"0"
"2022-01-14";1.57;"A";"Данные ЦМИ";"Услуги пассажирского транспорта";"Скользящее среднее за четыре недели";"Неделя";"2";"%";"0"
"2022-01-21";1.58;"A";"Данные ЦМИ";"Услуги пассажирского транспорта";"Скользящее среднее за четыре недели";"Неделя";"2";"%";"0"
"2022-01-28";1.55;"A";"Данные ЦМИ";"Услуги пассажирского транспорта";"Скользящее среднее за четыре недели";"Неделя";"2";"%";"0"
"2022-02-04";0.15;"A";"Данные ЦМИ";"Услуги пассажирского транспорта";"Скользящее среднее за четыре недели";"Неделя";"2";"%";"0"
"2022-02-11";0.17;"A";"Данные ЦМИ";"Услуги пассажирского транспорта";"Скользящее среднее за четыре недели";"Неделя";"2";"%";"0"
"2022-02-18";0.14;"A";"Данные ЦМИ";"Услуги пассажирского транспорта";"Скользящее среднее за четыре недели";"Неделя";"2";"%";"0"
"2022-02-25";0.13;"A";"Данные ЦМИ";"Услуги пассажирского транспорта";"Скользящее среднее за четыре недели";"Неделя";"2";"%";"0"
"2022-03-04";0.07;"A";"Данные ЦМИ";"Услуги пассажирского транспорта";"Скользящее среднее за четыре недели";"Неделя";"2";"%";"0"
"2022-03-11";0.03;"A";"Данные ЦМИ";"Услуги пассажирского транспорта";"Скользящее среднее за четыре недели";"Неделя";"2";"%";"0"
"2022-03-18";0.07;"A";"Данные ЦМИ";"Услуги пассажирского транспорта";"Скользящее среднее за четыре недели";"Неделя";"2";"%";"0"
"2022-03-25";0.08;"A";"Данные ЦМИ";"Услуги пассажирского транспорта";"Скользящее среднее за четыре недели";"Неделя";"2";"%";"0"
"2022-04-01";0.13;"A";"Данные ЦМИ";"Услуги пассажирского транспорта";"Скользящее среднее за четыре недели";"Неделя";"2";"%";"0"
"2022-04-08";0.15;"A";"Данные ЦМИ";"Услуги пассажирского транспорта";"Скользящее среднее за четыре недели";"Неделя";"2";"%";"0"
"2022-04-15";0.34;"A";"Данные ЦМИ";"Услуги пассажирского транспорта";"Скользящее среднее за четыре недели";"Неделя";"2";"%";"0"
"2022-04-22";0.32;"A";"Данные ЦМИ";"Услуги пассажирского транспорта";"Скользящее среднее за четыре недели";"Неделя";"2";"%";"0"
"2022-04-29";0.25;"A";"Данные ЦМИ";"Услуги пассажирского транспорта";"Скользящее среднее за четыре недели";"Неделя";"2";"%";"0"
"2022-05-06";0.26;"A";"Данные ЦМИ";"Услуги пассажирского транспорта";"Скользящее среднее за четыре недели";"Неделя";"2";"%";"0"
"2022-05-13";0.05;"A";"Данные ЦМИ";"Услуги пассажирского транспорта";"Скользящее среднее за четыре недели";"Неделя";"2";"%";"0"
"2022-05-20";0.07;"A";"Данные ЦМИ";"Услуги пассажирского транспорта";"Скользящее среднее за четыре недели";"Неделя";"2";"%";"0"
"2022-05-27";0.09;"A";"Данные ЦМИ";"Услуги пассажирского транспорта";"Скользящее среднее за четыре недели";"Неделя";"2";"%";"0"
"2022-06-03";0.11;"A";"Данные ЦМИ";"Услуги пассажирского транспорта";"Скользящее среднее за четыре недели";"Неделя";"2";"%";"0"
"2022-06-10";0.09;"A";"Данные ЦМИ";"Услуги пассажирского транспорта";"Скользящее среднее за четыре недели";"Неделя";"2";"%";"0"
"2022-06-17";0.09;"A";"Данные ЦМИ";"Услуги пассажирского транспорта";"Скользящее среднее за четыре недели";"Неделя";"2";"%";"0"
"2022-06-24";0.08;"A";"Данные ЦМИ";"Услуги пассажирского транспорта";"Скользящее среднее за четыре недели";"Неделя";"2";"%";"0"
"2022-07-01";0.07;"A";"Данные ЦМИ";"Услуги пассажирского транспорта";"Скользящее среднее за четыре недели";"Неделя";"2";"%";"0"
"2022-07-08";0.12;"A";"Данные ЦМИ";"Услуги пассажирского транспорта";"Скользящее среднее за четыре недели";"Неделя";"2";"%";"0"
"2022-07-15";0.16;"A";"Данные ЦМИ";"Услуги пассажирского транспорта";"Скользящее среднее за четыре недели";"Неделя";"2";"%";"0"
"2022-07-22";0.17;"A";"Данные ЦМИ";"Услуги пассажирского транспорта";"Скользящее среднее за четыре недели";"Неделя";"2";"%";"0"
"2022-08-01";0.24;"A";"Данные ЦМИ";"Услуги пассажирского транспорта";"Скользящее среднее за четыре недели";"Неделя";"2";"%";"0"
"2022-08-08";0.18;"A";"Данные ЦМИ";"Услуги пассажирского транспорта";"Скользящее среднее за четыре недели";"Неделя";"2";"%";"0"
"2022-08-15";0.22;"A";"Данные ЦМИ";"Услуги пассажирского транспорта";"Скользящее среднее за четыре недели";"Неделя";"2";"%";"0"
"2022-08-22";0.2;"A";"Данные ЦМИ";"Услуги пассажирского транспорта";"Скользящее среднее за четыре недели";"Неделя";"2";"%";"0"
"2022-08-29";0.1;"A";"Данные ЦМИ";"Услуги пассажирского транспорта";"Скользящее среднее за четыре недели";"Неделя";"2";"%";"0"
"2022-09-05";0.11;"A";"Данные ЦМИ";"Услуги пассажирского транспорта";"Скользящее среднее за четыре недели";"Неделя";"2";"%";"0"
"2022-09-12";0.04;"A";"Данные ЦМИ";"Услуги пассажирского транспорта";"Скользящее среднее за четыре недели";"Неделя";"2";"%";"0"
"2022-09-19";0.06;"A";"Данные ЦМИ";"Услуги пассажирского транспорта";"Скользящее среднее за четыре недели";"Неделя";"2";"%";"0"
"2022-09-26";0.07;"A";"Данные ЦМИ";"Услуги пассажирского транспорта";"Скользящее среднее за четыре недели";"Неделя";"2";"%";"0"
"2022-10-03";0.1;"A";"Данные ЦМИ";"Услуги пассажирского транспорта";"Скользящее среднее за четыре недели";"Неделя";"2";"%";"0"
"2022-10-10";0.08;"A";"Данные ЦМИ";"Услуги пассажирского транспорта";"Скользящее среднее за четыре недели";"Неделя";"2";"%";"0"
"2022-10-17";0.05;"A";"Данные ЦМИ";"Услуги пассажирского транспорта";"Скользящее среднее за четыре недели";"Неделя";"2";"%";"0"
"2022-10-24";0.05;"A";"Данные ЦМИ";"Услуги пассажирского транспорта";"Скользящее среднее за четыре недели";"Неделя";"2";"%";"0"
"2022-10-31";0;"A";"Данные ЦМИ";"Услуги пассажирского транспорта";"Скользящее среднее за четыре недели";"Неделя";"2";"%";"0"
"2022-11-07";0.08;"A";"Данные ЦМИ";"Услуги пассажирского транспорта";"Скользящее среднее за четыре недели";"Неделя";"2";"%";"0"
"2022-11-14";0.08;"A";"Данные ЦМИ";"Услуги пассажирского транспорта";"Скользящее среднее за четыре недели";"Неделя";"2";"%";"0"
"2022-11-21";0.09;"A";"Данные ЦМИ";"Услуги пассажирского транспорта";"Скользящее среднее за четыре недели";"Неделя";"2";"%";"0"
"2022-11-28";0.09;"A";"Данные ЦМИ";"Услуги пассажирского транспорта";"Скользящее среднее за четыре недели";"Неделя";"2";"%";"0"
"2022-12-05";0.09;"A";"Данные ЦМИ";"Услуги пассажирского транспорта";"Скользящее среднее за четыре недели";"Неделя";"2";"%";"0"
"2022-12-12";0.11;"A";"Данные ЦМИ";"Услуги пассажирского транспорта";"Скользящее среднее за четыре недели";"Неделя";"2";"%";"0"
"2022-12-19";0.11;"A";"Данные ЦМИ";"Услуги пассажирского транспорта";"Скользящее среднее за четыре недели";"Неделя";"2";"%";"0"
"2022-12-26";0.15;"A";"Данные ЦМИ";"Услуги пассажирского транспорта";"Скользящее среднее за четыре недели";"Неделя";"2";"%";"0"
"2023-01-09";0.88;"A";"Данные ЦМИ";"Услуги пассажирского транспорта";"Скользящее среднее за четыре недели";"Неделя";"2";"%";"0"
"2023-01-16";0.99;"A";"Данные ЦМИ";"Услуги пассажирского транспорта";"Скользящее среднее за четыре недели";"Неделя";"2";"%";"0"
"2023-01-23";1.04;"A";"Данные ЦМИ";"Услуги пассажирского транспорта";"Скользящее среднее за четыре недели";"Неделя";"2";"%";"0"
"2023-01-30";1.02;"A";"Данные ЦМИ";"Услуги пассажирского транспорта";"Скользящее среднее за четыре недели";"Неделя";"2";"%";"0"
"2023-02-06";0.39;"A";"Данные ЦМИ";"Услуги пассажирского транспорта";"Скользящее среднее за четыре недели";"Неделя";"2";"%";"0"
"2023-02-13";0.3;"A";"Данные ЦМИ";"Услуги пассажирского транспорта";"Скользящее среднее за четыре недели";"Неделя";"2";"%";"0"
"2023-02-20";0.31;"A";"Данные ЦМИ";"Услуги пассажирского транспорта";"Скользящее среднее за четыре недели";"Неделя";"2";"%";"0"
"2023-02-27";0.29;"A";"Данные ЦМИ";"Услуги пассажирского транспорта";"Скользящее среднее за четыре недели";"Неделя";"2";"%";"0"
"2023-03-06";0.25;"A";"Данные ЦМИ";"Услуги пассажирского транспорта";"Скользящее среднее за четыре недели";"Неделя";"2";"%";"0"
"2023-03-13";0.24;"A";"Данные ЦМИ";"Услуги пассажирского транспорта";"Скользящее среднее за четыре недели";"Неделя";"2";"%";"0"
"2023-03-20";0.18;"A";"Данные ЦМИ";"Услуги пассажирского транспорта";"Скользящее среднее за четыре недели";"Неделя";"2";"%";"0"
"2023-03-27";0.18;"A";"Данные ЦМИ";"Услуги пассажирского транспорта";"Скользящее среднее за четыре недели";"Неделя";"2";"%";"0"
"2023-04-03";0.11;"A";"Данные ЦМИ";"Услуги пассажирского транспорта";"Скользящее среднее за четыре недели";"Неделя";"2";"%";"0"
"2023-04-10";0.09;"A";"Данные ЦМИ";"Услуги пассажирского транспорта";"Скользящее среднее за четыре недели";"Неделя";"2";"%";"0"
"2023-04-17";0.11;"A";"Данные ЦМИ";"Услуги пассажирского транспорта";"Скользящее среднее за четыре недели";"Неделя";"2";"%";"0"
"2023-04-24";0.12;"A";"Данные ЦМИ";"Услуги пассажирского транспорта";"Скользящее среднее за четыре недели";"Неделя";"2";"%";"0"
"2023-05-02";0.11;"A";"Данные ЦМИ";"Услуги пассажирского транспорта";"Скользящее среднее за четыре недели";"Неделя";"2";"%";"0"
"2023-05-10";0.11;"A";"Данные ЦМИ";"Услуги пассажирского транспорта";"Скользящее среднее за четыре недели";"Неделя";"2";"%";"0"
"2023-05-15";0.08;"A";"Данные ЦМИ";"Услуги пассажирского транспорта";"Скользящее среднее за четыре недели";"Неделя";"2";"%";"0"
"2023-05-22";0.07;"A";"Данные ЦМИ";"Услуги пассажирского транспорта";"Скользящее среднее за четыре недели";"Неделя";"2";"%";"0"
"2023-05-29";0.02;"A";"Данные ЦМИ";"Услуги пассажирского транспорта";"Скользящее среднее за четыре недели";"Неделя";"2";"%";"0"
"2023-06-05";0.03;"A";"Данные ЦМИ";"Услуги пассажирского транспорта";"Скользящее среднее за четыре недели";"Неделя";"2";"%";"0"
"2023-06-13";0.03;"A";"Данные ЦМИ";"Услуги пассажирского транспорта";"Скользящее среднее за четыре недели";"Неделя";"2";"%";"0"
"2023-06-19";0.03;"A";"Данные ЦМИ";"Услуги пассажирского транспорта";"Скользящее среднее за четыре недели";"Неделя";"2";"%";"0"
"2023-06-26";0.01;"A";"Данные ЦМИ";"Услуги пассажирского транспорта";"Скользящее среднее за четыре недели";"Неделя";"2";"%";"0"
"2023-07-03";0.07;"A";"Данные ЦМИ";"Услуги пассажирского транспорта";"Скользящее среднее за четыре недели";"Неделя";"2";"%";"0"
"2023-07-10";0.07;"A";"Данные ЦМИ";"Услуги пассажирского транспорта";"Скользящее среднее за четыре недели";"Неделя";"2";"%";"0"
"2023-07-17";0.13;"A";"Данные ЦМИ";"Услуги пассажирского транспорта";"Скользящее среднее за четыре недели";"Неделя";"2";"%";"0"
"2023-07-24";0.12;"A";"Данные ЦМИ";"Услуги пассажирского транспорта";"Скользящее среднее за четыре недели";"Неделя";"2";"%";"0"
"2023-07-31";0.06;"A";"Данные ЦМИ";"Услуги пассажирского транспорта";"Скользящее среднее за четыре недели";"Неделя";"2";"%";"0"
"2023-08-07";0.06;"A";"Данные ЦМИ";"Услуги пассажирского транспорта";"Скользящее среднее за четыре недели";"Неделя";"2";"%";"0"
"2023-08-14";0.01;"A";"Данные ЦМИ";"Услуги пассажирского транспорта";"Скользящее среднее за четыре недели";"Неделя";"2";"%";"0"
"2023-08-21";0.04;"A";"Данные ЦМИ";"Услуги пассажирского транспорта";"Скользящее среднее за четыре недели";"Неделя";"2";"%";"0"
"2023-08-28";0.09;"A";"Данные ЦМИ";"Услуги пассажирского транспорта";"Скользящее среднее за четыре недели";"Неделя";"2";"%";"0"
"2023-09-04";0.09;"A";"Данные ЦМИ";"Услуги пассажирского транспорта";"Скользящее среднее за четыре недели";"Неделя";"2";"%";"0"
"2023-09-11";0.09;"A";"Данные ЦМИ";"Услуги пассажирского транспорта";"Скользящее среднее за четыре недели";"Неделя";"2";"%";"0"
"2023-09-18";0.07;"A";"Данные ЦМИ";"Услуги пассажирского транспорта";"Скользящее среднее за четыре недели";"Неделя";"2";"%";"0"
"2023-09-25";0.02;"A";"Данные ЦМИ";"Услуги пассажирского транспорта";"Скользящее среднее за четыре недели";"Неделя";"2";"%";"0"
"2023-10-02";0.02;"A";"Данные ЦМИ";"Услуги пассажирского транспорта";"Скользящее среднее за четыре недели";"Неделя";"2";"%";"0"
"2023-10-09";0.03;"A";"Данные ЦМИ";"Услуги пассажирского транспорта";"Скользящее среднее за четыре недели";"Неделя";"2";"%";"0"
"2023-10-16";0.54;"A";"Данные ЦМИ";"Услуги пассажирского транспорта";"Скользящее среднее за четыре недели";"Неделя";"2";"%";"0"
"2023-10-23";0.55;"A";"Данные ЦМИ";"Услуги пассажирского транспорта";"Скользящее среднее за четыре недели";"Неделя";"2";"%";"0"
"2023-10-30";0.55;"A";"Данные ЦМИ";"Услуги пассажирского транспорта";"Скользящее среднее за четыре недели";"Неделя";"2";"%";"0"
"2023-11-07";0.66;"A";"Данные ЦМИ";"Услуги пассажирского транспорта";"Скользящее среднее за четыре недели";"Неделя";"2";"%";"0"
"2023-11-13";0.17;"A";"Данные ЦМИ";"Услуги пассажирского транспорта";"Скользящее среднее за четыре недели";"Неделя";"2";"%";"0"
"2023-11-20";0.28;"A";"Данные ЦМИ";"Услуги пассажирского транспорта";"Скользящее среднее за четыре недели";"Неделя";"2";"%";"0"
"2023-11-27";0.36;"A";"Данные ЦМИ";"Услуги пассажирского транспорта";"Скользящее среднее за четыре недели";"Неделя";"2";"%";"0"
"2023-12-04";0.29;"A";"Данные ЦМИ";"Услуги пассажирского транспорта";"Скользящее среднее за четыре недели";"Неделя";"2";"%";"0"
"2023-12-11";0.27;"A";"Данные ЦМИ";"Услуги пассажирского транспорта";"Скользящее среднее за четыре недели";"Неделя";"2";"%";"0"
"2023-12-18";0.18;"A";"Данные ЦМИ";"Услуги пассажирского транспорта";"Скользящее среднее за четыре недели";"Неделя";"2";"%";"0"
"2023-12-25";0.16;"A";"Данные ЦМИ";"Услуги пассажирского транспорта";"Скользящее среднее за четыре недели";"Неделя";"2";"%";"0"
"2024-01-09";0.3;"A";"Данные ЦМИ";"Услуги пассажирского транспорта";"Скользящее среднее за четыре недели";"Неделя";"2";"%";"0"
"2024-01-15";0.38;"A";"Данные ЦМИ";"Услуги пассажирского транспорта";"Скользящее среднее за четыре недели";"Неделя";"2";"%";"0"
"2024-01-22";0.36;"A";"Данные ЦМИ";"Услуги пассажирского транспорта";"Скользящее среднее за четыре недели";"Неделя";"2";"%";"0"
"2024-01-29";0.29;"A";"Данные ЦМИ";"Услуги пассажирского транспорта";"Скользящее среднее за четыре недели";"Неделя";"2";"%";"0"
"2024-02-05";0.12;"A";"Данные ЦМИ";"Услуги пассажирского транспорта";"Скользящее среднее за четыре недели";"Неделя";"2";"%";"0"
"2024-02-12";0.05;"A";"Данные ЦМИ";"Услуги пассажирского транспорта";"Скользящее среднее за четыре недели";"Неделя";"2";"%";"0"
"2024-02-19";0.05;"A";"Данные ЦМИ";"Услуги пассажирского транспорта";"Скользящее среднее за четыре недели";"Неделя";"2";"%";"0"
"2024-02-26";0.04;"A";"Данные ЦМИ";"Услуги пассажирского транспорта";"Скользящее среднее за четыре недели";"Неделя";"2";"%";"0"
"2024-03-04";0.02;"A";"Данные ЦМИ";"Услуги пассажирского транспорта";"Скользящее среднее за четыре недели";"Неделя";"2";"%";"0"
"2024-03-11";0.02;"A";"Данные ЦМИ";"Услуги пассажирского транспорта";"Скользящее среднее за четыре недели";"Неделя";"2";"%";"0"
"2024-03-18";0;"A";"Данные ЦМИ";"Услуги пассажирского транспорта";"Скользящее среднее за четыре недели";"Неделя";"2";"%";"0"
"2024-03-25";0;"A";"Данные ЦМИ";"Услуги пассажирского транспорта";"Скользящее среднее за четыре недели";"Неделя";"2";"%";"0"
"2024-04-01";0.09;"A";"Данные ЦМИ";"Услуги пассажирского транспорта";"Скользящее среднее за четыре недели";"Неделя";"2";"%";"0"
"2024-04-08";0.11;"A";"Данные ЦМИ";"Услуги пассажирского транспорта";"Скользящее среднее за четыре недели";"Неделя";"2";"%";"0"
"2024-04-15";0.18;"A";"Данные ЦМИ";"Услуги пассажирского транспорта";"Скользящее среднее за четыре недели";"Неделя";"2";"%";"0"
"2024-04-22";0.19;"A";"Данные ЦМИ";"Услуги пассажирского транспорта";"Скользящее среднее за четыре недели";"Неделя";"2";"%";"0"
"2024-05-02";0.21;"A";"Данные ЦМИ";"Услуги пассажирского транспорта";"Скользящее среднее за четыре недели";"Неделя";"2";"%";"0"
"2024-05-06";0.18;"A";"Данные ЦМИ";"Услуги пассажирского транспорта";"Скользящее среднее за четыре недели";"Неделя";"2";"%";"0"
"2024-05-13";0.11;"A";"Данные ЦМИ";"Услуги пассажирского транспорта";"Скользящее среднее за четыре недели";"Неделя";"2";"%";"0"
"2024-05-20";0.4;"A";"Данные ЦМИ";"Услуги пассажирского транспорта";"Скользящее среднее за четыре недели";"Неделя";"2";"%";"0"
"2024-05-27";0.3;"A";"Данные ЦМИ";"Услуги пассажирского транспорта";"Скользящее среднее за четыре недели";"Неделя";"2";"%";"0"
"2024-06-03";0.8;"A";"Данные ЦМИ";"Услуги пассажирского транспорта";"Скользящее среднее за четыре недели";"Неделя";"2";"%";"0"
"2024-06-10";0.82;"A";"Данные ЦМИ";"Услуги пассажирского транспорта";"Скользящее среднее за четыре недели";"Неделя";"2";"%";"0"
"2024-06-17";0.69;"A";"Данные ЦМИ";"Услуги пассажирского транспорта";"Скользящее среднее за четыре недели";"Неделя";"2";"%";"0"
"2024-06-24";0.72;"A";"Данные ЦМИ";"Услуги пассажирского транспорта";"Скользящее среднее за четыре недели";"Неделя";"2";"%";"0"
"2024-07-01";0.49;"A";"Данные ЦМИ";"Услуги пассажирского транспорта";"Скользящее среднее за четыре недели";"Неделя";"2";"%";"0"
"2024-07-08";0.52;"A";"Данные ЦМИ";"Услуги пассажирского транспорта";"Скользящее среднее за четыре недели";"Неделя";"2";"%";"0"
"2024-07-15";0.37;"A";"Данные ЦМИ";"Услуги пассажирского транспорта";"Скользящее среднее за четыре недели";"Неделя";"2";"%";"0"
"2024-07-22";0.39;"A";"Данные ЦМИ";"Услуги пассажирского транспорта";"Скользящее среднее за четыре недели";"Неделя";"2";"%";"0"
"2024-07-29";0.11;"A";"Данные ЦМИ";"Услуги пассажирского транспорта";"Скользящее среднее за четыре недели";"Неделя";"2";"%";"0"
"2024-08-05";0.09;"A";"Данные ЦМИ";"Услуги пассажирского транспорта";"Скользящее среднее за четыре недели";"Неделя";"2";"%";"0"
"2024-08-12";0.08;"A";"Данные ЦМИ";"Услуги пассажирского транспорта";"Скользящее среднее за четыре недели";"Неделя";"2";"%";"0"
"2024-08-19";0.02;"A";"Данные ЦМИ";"Услуги пассажирского транспорта";"Скользящее среднее за четыре недели";"Неделя";"2";"%";"0"
"2024-08-26";0.05;"A";"Данные ЦМИ";"Услуги пассажирского транспорта";"Скользящее среднее за четыре недели";"Неделя";"2";"%";"0"
"2024-09-02";0.05;"A";"Данные ЦМИ";"Услуги пассажирского транспорта";"Скользящее среднее за четыре недели";"Неделя";"2";"%";"0"
"2024-09-09";0.05;"A";"Данные ЦМИ";"Услуги пассажирского транспорта";"Скользящее среднее за четыре недели";"Неделя";"2";"%";"0"
"2024-09-16";0.05;"A";"Данные ЦМИ";"Услуги пассажирского транспорта";"Скользящее среднее за четыре недели";"Неделя";"2";"%";"0"
"2024-09-23";0.04;"A";"Данные ЦМИ";"Услуги пассажирского транспорта";"Скользящее среднее за четыре недели";"Неделя";"2";"%";"0"
"2024-09-30";0.03;"A";"Данные ЦМИ";"Услуги пассажирского транспорта";"Скользящее среднее за четыре недели";"Неделя";"2";"%";"0"
"2024-10-07";0.16;"A";"Данные ЦМИ";"Услуги пассажирского транспорта";"Скользящее среднее за четыре недели";"Неделя";"2";"%";"0"
"2024-10-14";0.15;"A";"Данные ЦМИ";"Услуги пассажирского транспорта";"Скользящее среднее за четыре недели";"Неделя";"2";"%";"0"
"2024-10-21";0.23;"A";"Данные ЦМИ";"Услуги пассажирского транспорта";"Скользящее среднее за четыре недели";"Неделя";"2";"%";"0"
"2024-10-28";0.23;"A";"Данные ЦМИ";"Услуги пассажирского транспорта";"Скользящее среднее за четыре недели";"Неделя";"2";"%";"0"
"2024-11-05";0.32;"A";"Данные ЦМИ";"Услуги пассажирского транспорта";"Скользящее среднее за четыре недели";"Неделя";"2";"%";"0"
"2024-11-11";0.35;"A";"Данные ЦМИ";"Услуги пассажирского транспорта";"Скользящее среднее за четыре недели";"Неделя";"2";"%";"0"
"2024-11-18";0.27;"A";"Данные ЦМИ";"Услуги пассажирского транспорта";"Скользящее среднее за четыре недели";"Неделя";"2";"%";"0"
"2024-11-25";0.28;"A";"Данные ЦМИ";"Услуги пассажирского транспорта";"Скользящее среднее за четыре недели";"Неделя";"2";"%";"0"
"2024-12-02";0.12;"A";"Данные ЦМИ";"Услуги пассажирского транспорта";"Скользящее среднее за четыре недели";"Неделя";"2";"%";"0"
"2024-12-09";0.14;"A";"Данные ЦМИ";"Услуги пассажирского транспорта";"Скользящее среднее за четыре недели";"Неделя";"2";"%";"0"
"2024-12-16";0.2;"A";"Данные ЦМИ";"Услуги пассажирского транспорта";"Скользящее среднее за четыре недели";"Неделя";"2";"%";"0"
"2024-12-23";0.24;"A";"Данные ЦМИ";"Услуги пассажирского транспорта";"Скользящее среднее за четыре недели";"Неделя";"2";"%";"0"
"2025-01-09";1.15;"A";"Данные ЦМИ";"Услуги пассажирского транспорта";"Скользящее среднее за четыре недели";"Неделя";"2";"%";"0"
"2025-01-13";1.18;"A";"Данные ЦМИ";"Услуги пассажирского транспорта";"Скользящее среднее за четыре недели";"Неделя";"2";"%";"0"
"2025-01-20";1.14;"A";"Данные ЦМИ";"Услуги пассажирского транспорта";"Скользящее среднее за четыре недели";"Неделя";"2";"%";"0"
"2025-01-27";1.1;"A";"Данные ЦМИ";"Услуги пассажирского транспорта";"Скользящее среднее за четыре недели";"Неделя";"2";"%";"0"
"2025-02-03";0.25;"A";"Данные ЦМИ";"Услуги пассажирского транспорта";"Скользящее среднее за четыре недели";"Неделя";"2";"%";"0"
"2025-02-10";0.19;"A";"Данные ЦМИ";"Услуги пассажирского транспорта";"Скользящее среднее за четыре недели";"Неделя";"2";"%";"0"
"2025-02-17";0.18;"A";"Данные ЦМИ";"Услуги пассажирского транспорта";"Скользящее среднее за четыре недели";"Неделя";"2";"%";"0"
"2025-02-24";0.18;"A";"Данные ЦМИ";"Услуги пассажирского транспорта";"Скользящее среднее за четыре недели";"Неделя";"2";"%";"0"
"2025-03-03";0.08;"A";"Данные ЦМИ";"Услуги пассажирского транспорта";"Скользящее среднее за четыре недели";"Неделя";"2";"%";"0"
"2025-03-10";0.06;"A";"Данные ЦМИ";"Услуги пассажирского транспорта";"Скользящее среднее за четыре недели";"Неделя";"2";"%";"0"
"2025-03-17";0.11;"A";"Данные ЦМИ";"Услуги пассажирского транспорта";"Скользящее среднее за четыре недели";"Неделя";"2";"%";"0"
"2025-03-24";0.1;"A";"Данные ЦМИ";"Услуги пассажирского транспорта";"Скользящее среднее за четыре недели";"Неделя";"2";"%";"0"
"2025-03-31";0.07;"A";"Данные ЦМИ";"Услуги пассажирского транспорта";"Скользящее среднее за четыре недели";"Неделя";"2";"%";"0"
"2025-04-07";0.24;"A";"Данные ЦМИ";"Услуги пассажирского транспорта";"Скользящее среднее за четыре недели";"Неделя";"2";"%";"0"
"2025-04-14";0.22;"A";"Данные ЦМИ";"Услуги пассажирского транспорта";"Скользящее среднее за четыре недели";"Неделя";"2";"%";"0"
"2025-04-21";0.24;"A";"Данные ЦМИ";"Услуги пассажирского транспорта";"Скользящее среднее за четыре недели";"Неделя";"2";"%";"0"
"2025-04-28";0.25;"A";"Данные ЦМИ";"Услуги пассажирского транспорта";"Скользящее среднее за четыре недели";"Неделя";"2";"%";"0"
"2025-05-05";0.23;"A";"Данные ЦМИ";"Услуги пассажирского транспорта";"Скользящее среднее за четыре недели";"Неделя";"2";"%";"0"
"2025-05-12";0.2;"A";"Данные ЦМИ";"Услуги пассажирского транспорта";"Скользящее среднее за четыре недели";"Неделя";"2";"%";"0"
"2025-05-19";0.2;"A";"Данные ЦМИ";"Услуги пассажирского транспорта";"Скользящее среднее за четыре недели";"Неделя";"2";"%";"0"
"2025-05-26";0.21;"A";"Данные ЦМИ";"Услуги пассажирского транспорта";"Скользящее среднее за четыре недели";"Неделя";"2";"%";"0"
"2025-06-02";0.33;"A";"Данные ЦМИ";"Услуги пассажирского транспорта";"Скользящее среднее за четыре недели";"Неделя";"2";"%";"0"
"2025-06-09";0.33;"A";"Данные ЦМИ";"Услуги пассажирского транспорта";"Скользящее среднее за четыре недели";"Неделя";"2";"%";"0"
"2025-06-16";0.35;"A";"Данные ЦМИ";"Услуги пассажирского транспорта";"Скользящее среднее за четыре недели";"Неделя";"2";"%";"0"
"2025-06-23";0.34;"A";"Данные ЦМИ";"Услуги пассажирского транспорта";"Скользящее среднее за четыре недели";"Неделя";"2";"%";"0"
"2025-06-30";0.17;"A";"Данные ЦМИ";"Услуги пассажирского транспорта";"Скользящее среднее за четыре недели";"Неделя";"2";"%";"0"
"2025-07-07";0.22;"A";"Данные ЦМИ";"Услуги пассажирского транспорта";"Скользящее среднее за четыре недели";"Неделя";"2";"%";"0"
"2025-07-14";0.19;"A";"Данные ЦМИ";"Услуги пассажирского транспорта";"Скользящее среднее за четыре недели";"Неделя";"2";"%";"0"
"2025-07-21";0.24;"A";"Данные ЦМИ";"Услуги пассажирского транспорта";"Скользящее среднее за четыре недели";"Неделя";"2";"%";"0"
"2025-07-28";0.14;"A";"Данные ЦМИ";"Услуги пассажирского транспорта";"Скользящее среднее за четыре недели";"Неделя";"2";"%";"0"
"2025-08-04";0.17;"A";"Данные ЦМИ";"Услуги пассажирского транспорта";"Скользящее среднее за четыре недели";"Неделя";"2";"%";"0"
"2025-08-11";0.18;"A";"Данные ЦМИ";"Услуги пассажирского транспорта";"Скользящее среднее за четыре недели";"Неделя";"2";"%";"0"
"2025-08-18";0.13;"A";"Данные ЦМИ";"Услуги пассажирского транспорта";"Скользящее среднее за четыре недели";"Неделя";"2";"%";"0"
"2025-08-25";0.11;"A";"Данные ЦМИ";"Услуги пассажирского транспорта";"Скользящее среднее за четыре недели";"Неделя";"2";"%";"0"
"2025-09-01";0.07;"A";"Данные ЦМИ";"Услуги пассажирского транспорта";"Скользящее среднее за четыре недели";"Неделя";"2";"%";"0"
"2025-09-08";0.08;"A";"Данные ЦМИ";"Услуги пассажирского транспорта";"Скользящее среднее за четыре недели";"Неделя";"2";"%";"0"
"2025-09-15";0.07;"A";"Данные ЦМИ";"Услуги пассажирского транспорта";"Скользящее среднее за четыре недели";"Неделя";"2";"%";"0"
"2025-09-22";0.08;"A";"Данные ЦМИ";"Услуги пассажирского транспорта";"Скользящее среднее за четыре недели";"Неделя";"2";"%";"0"
"2025-09-29";0.05;"A";"Данные ЦМИ";"Услуги пассажирского транспорта";"Скользящее среднее за четыре недели";"Неделя";"2";"%";"0"
"2025-10-06";0.16;"A";"Данные ЦМИ";"Услуги пассажирского транспорта";"Скользящее среднее за четыре недели";"Неделя";"2";"%";"0"
"2025-10-13";0.18;"A";"Данные ЦМИ";"Услуги пассажирского транспорта";"Скользящее среднее за четыре недели";"Неделя";"2";"%";"0"
"2025-10-20";0.19;"A";"Данные ЦМИ";"Услуги пассажирского транспорта";"Скользящее среднее за четыре недели";"Неделя";"2";"%";"0"
"2025-10-27";0.19;"A";"Данные ЦМИ";"Услуги пассажирского транспорта";"Скользящее среднее за четыре недели";"Неделя";"2";"%";"0"
"2025-11-05";0.2;"A";"Данные ЦМИ";"Услуги пассажирского транспорта";"Скользящее среднее за четыре недели";"Неделя";"2";"%";"0"
"2025-11-10";0.2;"A";"Данные ЦМИ";"Услуги пассажирского транспорта";"Скользящее среднее за четыре недели";"Неделя";"2";"%";"0"
"2025-11-17";0.2;"A";"Данные ЦМИ";"Услуги пассажирского транспорта";"Скользящее среднее за четыре недели";"Неделя";"2";"%";"0"
"2025-11-24";0.25;"A";"Данные ЦМИ";"Услуги пассажирского транспорта";"Скользящее среднее за четыре недели";"Неделя";"2";"%";"0"
"2025-12-01";0.18;"A";"Данные ЦМИ";"Услуги пассажирского транспорта";"Скользящее среднее за четыре недели";"Неделя";"2";"%";"0"
"2025-12-08";0.2;"A";"Данные ЦМИ";"Услуги пассажирского транспорта";"Скользящее среднее за четыре недели";"Неделя";"2";"%";"0"
"2025-12-15";0.21;"A";"Данные ЦМИ";"Услуги пассажирского транспорта";"Скользящее среднее за четыре недели";"Неделя";"2";"%";"0"
"2025-12-22";0.17;"A";"Данные ЦМИ";"Услуги пассажирского транспорта";"Скользящее среднее за четыре недели";"Неделя";"2";"%";"0"
"2026-01-12";1.12;"A";"Данные ЦМИ";"Услуги пассажирского транспорта";"Скользящее среднее за четыре недели";"Неделя";"2";"%";"0"
"2026-01-19";1.11;"A";"Данные ЦМИ";"Услуги пассажирского транспорта";"Скользящее среднее за четыре недели";"Неделя";"2";"%";"0"
"2026-01-26";1.08;"A";"Данные ЦМИ";"Услуги пассажирского транспорта";"Скользящее среднее за четыре недели";"Неделя";"2";"%";"0"
"2026-02-02";1.3;"A";"Данные ЦМИ";"Услуги пассажирского транспорта";"Скользящее среднее за четыре недели";"Неделя";"2";"%";"0"
"2026-02-09";0.29;"A";"Данные ЦМИ";"Услуги пассажирского транспорта";"Скользящее среднее за четыре недели";"Неделя";"2";"%";"0"
"2026-02-16";0.27;"A";"Данные ЦМИ";"Услуги пассажирского транспорта";"Скользящее среднее за четыре недели";"Неделя";"2";"%";"0"
"2026-02-24";0.27;"A";"Данные ЦМИ";"Услуги пассажирского транспорта";"Скользящее среднее за четыре недели";"Неделя";"2";"%";"0"
"2026-03-02";0.14;"A";"Данные ЦМИ";"Услуги пассажирского транспорта";"Скользящее среднее за четыре недели";"Неделя";"2";"%";"0"
"2026-03-10";0.13;"A";"Данные ЦМИ";"Услуги пассажирского транспорта";"Скользящее среднее за четыре недели";"Неделя";"2";"%";"0"
"2026-03-16";0.14;"A";"Данные ЦМИ";"Услуги пассажирского транспорта";"Скользящее среднее за четыре недели";"Неделя";"2";"%";"0"
"2026-03-23";0.15;"A";"Данные ЦМИ";"Услуги пассажирского транспорта";"Скользящее среднее за четыре недели";"Неделя";"2";"%";"0"
"2026-03-30";0.04;"A";"Данные ЦМИ";"Услуги пассажирского транспорта";"Скользящее среднее за четыре недели";"Неделя";"2";"%";"0"
"2026-04-06";0.04;"A";"Данные ЦМИ";"Услуги пассажирского транспорта";"Скользящее среднее за четыре недели";"Неделя";"2";"%";"0"
"2026-04-13";0.1;"A";"Данные ЦМИ";"Услуги пассажирского транспорта";"Скользящее среднее за четыре недели";"Неделя";"2";"%";"0"
"2026-04-20";0.17;"A";"Данные ЦМИ";"Услуги пассажирского транспорта";"Скользящее среднее за четыре недели";"Неделя";"2";"%";"0"
"2026-04-27";0.26;"A";"Данные ЦМИ";"Услуги пассажирского транспорта";"Скользящее среднее за четыре недели";"Неделя";"2";"%";"0"
"2026-05-04";0.3;"A";"Данные ЦМИ";"Услуги пассажирского транспорта";"Скользящее среднее за четыре недели";"Неделя";"2";"%";"0"
"2026-05-12";0.25;"A";"Данные ЦМИ";"Услуги пассажирского транспорта";"Скользящее среднее за четыре недели";"Неделя";"2";"%";"0"
"2026-05-18";0.18;"A";"Данные ЦМИ";"Услуги пассажирского транспорта";"Скользящее среднее за четыре недели";"Неделя";"2";"%";"0"
"2026-05-25";0.09;"A";"Данные ЦМИ";"Услуги пассажирского транспорта";"Скользящее среднее за четыре недели";"Неделя";"2";"%";"0"
"2026-06-01";0.13;"A";"Данные ЦМИ";"Услуги пассажирского транспорта";"Скользящее среднее за четыре недели";"Неделя";"2";"%";"0"
"2026-06-08";0.15;"A";"Данные ЦМИ";"Услуги пассажирского транспорта";"Скользящее среднее за четыре недели";"Неделя";"2";"%";"0"
"2026-06-15";0.15;"A";"Данные ЦМИ";"Услуги пассажирского транспорта";"Скользящее среднее за четыре недели";"Неделя";"2";"%";"0"
"2026-06-22";0.15;"A";"Данные ЦМИ";"Услуги пассажирского транспорта";"Скользящее среднее за четыре недели";"Неделя";"2";"%";"0"
"2026-06-29";0.06;"A";"Данные ЦМИ";"Услуги пассажирского транспорта";"Скользящее среднее за четыре недели";"Неделя";"2";"%";"0"
"2026-07-06";0.07;"A";"Данные ЦМИ";"Услуги пассажирского транспорта";"Скользящее среднее за четыре недели";"Неделя";"2";"%";"0"
"2026-07-13";0.07;"A";"Данные ЦМИ";"Услуги пассажирского транспорта";"Скользящее среднее за четыре недели";"Неделя";"2";"%";"0"
"2026-07-20";0.08;"A";"Данные ЦМИ";"Услуги пассажирского транспорта";"Скользящее среднее за четыре недели";"Неделя";"2";"%";"0"
"2026-07-27";0.1;"A";"Данные ЦМИ";"Услуги пассажирского транспорта";"Скользящее среднее за четыре недели";"Неделя";"2";"%";"0"
"2026-08-03";0.07;"A";"Данные ЦМИ";"Услуги пассажирского транспорта";"Скользящее среднее за четыре недели";"Неделя";"2";"%";"0"
"2026-08-10";0.07;"A";"Данные ЦМИ";"Услуги пассажирского транспорта";"Скользящее среднее за четыре недели";"Неделя";"2";"%";"0"
"2026-08-17";0.04;"A";"Данные ЦМИ";"Услуги пассажирского транспорта";"Скользящее среднее за четыре недели";"Неделя";"2";"%";"0"
"2026-08-24";0.03;"A";"Данные ЦМИ";"Услуги пассажирского транспорта";"Скользящее среднее за четыре недели";"Неделя";"2";"%";"0"
"2026-08-31";0.03;"A";"Данные ЦМИ";"Услуги пассажирского транспорта";"Скользящее среднее за четыре недели";"Неделя";"2";"%";"0"
"2026-09-07";0.03;"A";"Данные ЦМИ";"Услуги пассажирского транспорта";"Скользящее среднее за четыре недели";"Неделя";"2";"%";"0"
"2026-09-14";0.05;"A";"Данные ЦМИ";"Услуги пассажирского транспорта";"Скользящее среднее за четыре недели";"Неделя";"2";"%";"0"
"2026-09-21";0.04;"A";"Данные ЦМИ";"Услуги пассажирского транспорта";"Скользящее среднее за четыре недели";"Неделя";"2";"%";"0"
"2026-09-28";0.03;"A";"Данные ЦМИ";"Услуги пассажирского транспорта";"Скользящее среднее за четыре недели";"Неделя";"2";"%";"0"
"2022-01-10";-0.04;"A";"Данные ЦМИ";"Жилищно-коммунальные услуги";"Темп прироста к предыдущей неделе";"Неделя";"2";"%";"0"
"2022-01-14";-0.02;"A";"Данные ЦМИ";"Жилищно-коммунальные услуги";"Темп прироста к предыдущей неделе";"Неделя";"2";"%";"0"
"2022-01-21";0.02;"A";"Данные ЦМИ";"Жилищно-коммунальные услуги";"Темп прироста к предыдущей неделе";"Неделя";"2";"%";"0"
"2022-01-28";-0.01;"A";"Данные ЦМИ";"Жилищно-коммунальные услуги";"Темп прироста к предыдущей неделе";"Неделя";"2";"%";"0"
"2022-02-04";0;"A";"Данные ЦМИ";"Жилищно-коммунальные услуги";"Темп прироста к предыдущей неделе";"Неделя";"2";"%";"0"
"2022-02-11";0;"A";"Данные ЦМИ";"Жилищно-коммунальные услуги";"Темп прироста к предыдущей неделе";"Неделя";"2";"%";"0"
"2022-02-18";0;"A";"Данные ЦМИ";"Жилищно-коммунальные услуги";"Темп прироста к предыдущей неделе";"Неделя";"2";"%";"0"
"2022-02-25";0;"A";"Данные ЦМИ";"Жилищно-коммунальные услуги";"Темп прироста к предыдущей неделе";"Неделя";"2";"%";"0"
"2022-03-04";0;"A";"Данные ЦМИ";"Жилищно-коммунальные услуги";"Темп прироста к предыдущей неделе";"Неделя";"2";"%";"0"
"2022-03-11";0;"A";"Данные ЦМИ";"Жилищно-коммунальные услуги";"Темп прироста к предыдущей неделе";"Неделя";"2";"%";"0"
"2022-03-18";0;"A";"Данные ЦМИ";"Жилищно-коммунальные услуги";"Темп прироста к предыдущей неделе";"Неделя";"2";"%";"0"
"2022-03-25";0;"A";"Данные ЦМИ";"Жилищно-коммунальные услуги";"Темп прироста к предыдущей неделе";"Неделя";"2";"%";"0"
"2022-04-01";0;"A";"Данные ЦМИ";"Жилищно-коммунальные услуги";"Темп прироста к предыдущей неделе";"Неделя";"2";"%";"0"
"2022-04-08";0;"A";"Данные ЦМИ";"Жилищно-коммунальные услуги";"Темп прироста к предыдущей неделе";"Неделя";"2";"%";"0"
"2022-04-15";0;"A";"Данные ЦМИ";"Жилищно-коммунальные услуги";"Темп прироста к предыдущей неделе";"Неделя";"2";"%";"0"
"2022-04-22";0;"A";"Данные ЦМИ";"Жилищно-коммунальные услуги";"Темп прироста к предыдущей неделе";"Неделя";"2";"%";"0"
"2022-04-29";0;"A";"Данные ЦМИ";"Жилищно-коммунальные услуги";"Темп прироста к предыдущей неделе";"Неделя";"2";"%";"0"
"2022-05-06";-0.01;"A";"Данные ЦМИ";"Жилищно-коммунальные услуги";"Темп прироста к предыдущей неделе";"Неделя";"2";"%";"0"
"2022-05-13";0;"A";"Данные ЦМИ";"Жилищно-коммунальные услуги";"Темп прироста к предыдущей неделе";"Неделя";"2";"%";"0"
"2022-05-20";0;"A";"Данные ЦМИ";"Жилищно-коммунальные услуги";"Темп прироста к предыдущей неделе";"Неделя";"2";"%";"0"
"2022-05-27";0;"A";"Данные ЦМИ";"Жилищно-коммунальные услуги";"Темп прироста к предыдущей неделе";"Неделя";"2";"%";"0"
"2022-06-03";0;"A";"Данные ЦМИ";"Жилищно-коммунальные услуги";"Темп прироста к предыдущей неделе";"Неделя";"2";"%";"0"
"2022-06-10";0;"A";"Данные ЦМИ";"Жилищно-коммунальные услуги";"Темп прироста к предыдущей неделе";"Неделя";"2";"%";"0"
"2022-06-17";0;"A";"Данные ЦМИ";"Жилищно-коммунальные услуги";"Темп прироста к предыдущей неделе";"Неделя";"2";"%";"0"
"2022-06-24";0;"A";"Данные ЦМИ";"Жилищно-коммунальные услуги";"Темп прироста к предыдущей неделе";"Неделя";"2";"%";"0"
"2022-07-01";4.34;"A";"Данные ЦМИ";"Жилищно-коммунальные услуги";"Темп прироста к предыдущей неделе";"Неделя";"2";"%";"0"
"2022-07-08";0.33;"A";"Данные ЦМИ";"Жилищно-коммунальные услуги";"Темп прироста к предыдущей неделе";"Неделя";"2";"%";"0"
"2022-07-15";0.03;"A";"Данные ЦМИ";"Жилищно-коммунальные услуги";"Темп прироста к предыдущей неделе";"Неделя";"2";"%";"0"
"2022-07-22";0.15;"A";"Данные ЦМИ";"Жилищно-коммунальные услуги";"Темп прироста к предыдущей неделе";"Неделя";"2";"%";"0"
"2022-08-01";0.03;"A";"Данные ЦМИ";"Жилищно-коммунальные услуги";"Темп прироста к предыдущей неделе";"Неделя";"2";"%";"0"
"2022-08-08";0;"A";"Данные ЦМИ";"Жилищно-коммунальные услуги";"Темп прироста к предыдущей неделе";"Неделя";"2";"%";"0"
"2022-08-15";0;"A";"Данные ЦМИ";"Жилищно-коммунальные услуги";"Темп прироста к предыдущей неделе";"Неделя";"2";"%";"0"
"2022-08-22";0;"A";"Данные ЦМИ";"Жилищно-коммунальные услуги";"Темп прироста к предыдущей неделе";"Неделя";"2";"%";"0"
"2022-08-29";0.01;"A";"Данные ЦМИ";"Жилищно-коммунальные услуги";"Темп прироста к предыдущей неделе";"Неделя";"2";"%";"0"
"2022-09-05";0.02;"A";"Данные ЦМИ";"Жилищно-коммунальные услуги";"Темп прироста к предыдущей неделе";"Неделя";"2";"%";"0"
"2022-09-12";0;"A";"Данные ЦМИ";"Жилищно-коммунальные услуги";"Темп прироста к предыдущей неделе";"Неделя";"2";"%";"0"
"2022-09-19";0;"A";"Данные ЦМИ";"Жилищно-коммунальные услуги";"Темп прироста к предыдущей неделе";"Неделя";"2";"%";"0"
"2022-09-26";0;"A";"Данные ЦМИ";"Жилищно-коммунальные услуги";"Темп прироста к предыдущей неделе";"Неделя";"2";"%";"0"
"2022-10-03";0;"A";"Данные ЦМИ";"Жилищно-коммунальные услуги";"Темп прироста к предыдущей неделе";"Неделя";"2";"%";"0"
"2022-10-10";0;"A";"Данные ЦМИ";"Жилищно-коммунальные услуги";"Темп прироста к предыдущей неделе";"Неделя";"2";"%";"0"
"2022-10-17";0;"A";"Данные ЦМИ";"Жилищно-коммунальные услуги";"Темп прироста к предыдущей неделе";"Неделя";"2";"%";"0"
"2022-10-24";0;"A";"Данные ЦМИ";"Жилищно-коммунальные услуги";"Темп прироста к предыдущей неделе";"Неделя";"2";"%";"0"
"2022-10-31";0;"A";"Данные ЦМИ";"Жилищно-коммунальные услуги";"Темп прироста к предыдущей неделе";"Неделя";"2";"%";"0"
"2022-11-07";0.01;"A";"Данные ЦМИ";"Жилищно-коммунальные услуги";"Темп прироста к предыдущей неделе";"Неделя";"2";"%";"0"
"2022-11-14";0;"A";"Данные ЦМИ";"Жилищно-коммунальные услуги";"Темп прироста к предыдущей неделе";"Неделя";"2";"%";"0"
"2022-11-21";0;"A";"Данные ЦМИ";"Жилищно-коммунальные услуги";"Темп прироста к предыдущей неделе";"Неделя";"2";"%";"0"
"2022-11-28";0;"A";"Данные ЦМИ";"Жилищно-коммунальные услуги";"Темп прироста к предыдущей неделе";"Неделя";"2";"%";"0"
"2022-12-05";7.35;"A";"Данные ЦМИ";"Жилищно-коммунальные услуги";"Темп прироста к предыдущей неделе";"Неделя";"2";"%";"0"
"2022-12-12";0.66;"A";"Данные ЦМИ";"Жилищно-коммунальные услуги";"Темп прироста к предыдущей неделе";"Неделя";"2";"%";"0"
"2022-12-19";0.4;"A";"Данные ЦМИ";"Жилищно-коммунальные услуги";"Темп прироста к предыдущей неделе";"Неделя";"2";"%";"0"
"2022-12-26";0.21;"A";"Данные ЦМИ";"Жилищно-коммунальные услуги";"Темп прироста к предыдущей неделе";"Неделя";"2";"%";"0"
"2023-01-09";0.02;"A";"Данные ЦМИ";"Жилищно-коммунальные услуги";"Темп прироста к предыдущей неделе";"Неделя";"2";"%";"0"
"2023-01-16";0.01;"A";"Данные ЦМИ";"Жилищно-коммунальные услуги";"Темп прироста к предыдущей неделе";"Неделя";"2";"%";"0"
"2023-01-23";0.01;"A";"Данные ЦМИ";"Жилищно-коммунальные услуги";"Темп прироста к предыдущей неделе";"Неделя";"2";"%";"0"
"2023-01-30";0.01;"A";"Данные ЦМИ";"Жилищно-коммунальные услуги";"Темп прироста к предыдущей неделе";"Неделя";"2";"%";"0"
"2023-02-06";0;"A";"Данные ЦМИ";"Жилищно-коммунальные услуги";"Темп прироста к предыдущей неделе";"Неделя";"2";"%";"0"
"2023-02-13";0;"A";"Данные ЦМИ";"Жилищно-коммунальные услуги";"Темп прироста к предыдущей неделе";"Неделя";"2";"%";"0"
"2023-02-20";0;"A";"Данные ЦМИ";"Жилищно-коммунальные услуги";"Темп прироста к предыдущей неделе";"Неделя";"2";"%";"0"
"2023-02-27";0;"A";"Данные ЦМИ";"Жилищно-коммунальные услуги";"Темп прироста к предыдущей неделе";"Неделя";"2";"%";"0"
"2023-03-06";0;"A";"Данные ЦМИ";"Жилищно-коммунальные услуги";"Темп прироста к предыдущей неделе";"Неделя";"2";"%";"0"
"2023-03-13";0;"A";"Данные ЦМИ";"Жилищно-коммунальные услуги";"Темп прироста к предыдущей неделе";"Неделя";"2";"%";"0"
"2023-03-20";0;"A";"Данные ЦМИ";"Жилищно-коммунальные услуги";"Темп прироста к предыдущей неделе";"Неделя";"2";"%";"0"
"2023-03-27";0;"A";"Данные ЦМИ";"Жилищно-коммунальные услуги";"Темп прироста к предыдущей неделе";"Неделя";"2";"%";"0"
"2023-04-03";0;"A";"Данные ЦМИ";"Жилищно-коммунальные услуги";"Темп прироста к предыдущей неделе";"Неделя";"2";"%";"0"
"2023-04-10";0;"A";"Данные ЦМИ";"Жилищно-коммунальные услуги";"Темп прироста к предыдущей неделе";"Неделя";"2";"%";"0"
"2023-04-17";0;"A";"Данные ЦМИ";"Жилищно-коммунальные услуги";"Темп прироста к предыдущей неделе";"Неделя";"2";"%";"0"
"2023-04-24";0;"A";"Данные ЦМИ";"Жилищно-коммунальные услуги";"Темп прироста к предыдущей неделе";"Неделя";"2";"%";"0"
"2023-05-02";-0.01;"A";"Данные ЦМИ";"Жилищно-коммунальные услуги";"Темп прироста к предыдущей неделе";"Неделя";"2";"%";"0"
"2023-05-10";0;"A";"Данные ЦМИ";"Жилищно-коммунальные услуги";"Темп прироста к предыдущей неделе";"Неделя";"2";"%";"0"
"2023-05-15";0;"A";"Данные ЦМИ";"Жилищно-коммунальные услуги";"Темп прироста к предыдущей неделе";"Неделя";"2";"%";"0"
"2023-05-22";0;"A";"Данные ЦМИ";"Жилищно-коммунальные услуги";"Темп прироста к предыдущей неделе";"Неделя";"2";"%";"0"
"2023-05-29";0;"A";"Данные ЦМИ";"Жилищно-коммунальные услуги";"Темп прироста к предыдущей неделе";"Неделя";"2";"%";"0"
"2023-06-05";0;"A";"Данные ЦМИ";"Жилищно-коммунальные услуги";"Темп прироста к предыдущей неделе";"Неделя";"2";"%";"0"
"2023-06-13";0;"A";"Данные ЦМИ";"Жилищно-коммунальные услуги";"Темп прироста к предыдущей неделе";"Неделя";"2";"%";"0"
"2023-06-19";0;"A";"Данные ЦМИ";"Жилищно-коммунальные услуги";"Темп прироста к предыдущей неделе";"Неделя";"2";"%";"0"
"2023-06-26";0;"A";"Данные ЦМИ";"Жилищно-коммунальные услуги";"Темп прироста к предыдущей неделе";"Неделя";"2";"%";"0"
"2023-07-03";0;"A";"Данные ЦМИ";"Жилищно-коммунальные услуги";"Темп прироста к предыдущей неделе";"Неделя";"2";"%";"0"
"2023-07-10";-0.01;"A";"Данные ЦМИ";"Жилищно-коммунальные услуги";"Темп прироста к предыдущей неделе";"Неделя";"2";"%";"0"
"2023-07-17";0;"A";"Данные ЦМИ";"Жилищно-коммунальные услуги";"Темп прироста к предыдущей неделе";"Неделя";"2";"%";"0"
"2023-07-24";0;"A";"Данные ЦМИ";"Жилищно-коммунальные услуги";"Темп прироста к предыдущей неделе";"Неделя";"2";"%";"0"
"2023-07-31";0;"A";"Данные ЦМИ";"Жилищно-коммунальные услуги";"Темп прироста к предыдущей неделе";"Неделя";"2";"%";"0"
"2023-08-07";0.01;"A";"Данные ЦМИ";"Жилищно-коммунальные услуги";"Темп прироста к предыдущей неделе";"Неделя";"2";"%";"0"
"2023-08-14";0;"A";"Данные ЦМИ";"Жилищно-коммунальные услуги";"Темп прироста к предыдущей неделе";"Неделя";"2";"%";"0"
"2023-08-21";0;"A";"Данные ЦМИ";"Жилищно-коммунальные услуги";"Темп прироста к предыдущей неделе";"Неделя";"2";"%";"0"
"2023-08-28";0;"A";"Данные ЦМИ";"Жилищно-коммунальные услуги";"Темп прироста к предыдущей неделе";"Неделя";"2";"%";"0"
"2023-09-04";0.01;"A";"Данные ЦМИ";"Жилищно-коммунальные услуги";"Темп прироста к предыдущей неделе";"Неделя";"2";"%";"0"
"2023-09-11";0;"A";"Данные ЦМИ";"Жилищно-коммунальные услуги";"Темп прироста к предыдущей неделе";"Неделя";"2";"%";"0"
"2023-09-18";0;"A";"Данные ЦМИ";"Жилищно-коммунальные услуги";"Темп прироста к предыдущей неделе";"Неделя";"2";"%";"0"
"2023-09-25";0;"A";"Данные ЦМИ";"Жилищно-коммунальные услуги";"Темп прироста к предыдущей неделе";"Неделя";"2";"%";"0"
"2023-10-02";0;"A";"Данные ЦМИ";"Жилищно-коммунальные услуги";"Темп прироста к предыдущей неделе";"Неделя";"2";"%";"0"
"2023-10-09";0;"A";"Данные ЦМИ";"Жилищно-коммунальные услуги";"Темп прироста к предыдущей неделе";"Неделя";"2";"%";"0"
"2023-10-16";0;"A";"Данные ЦМИ";"Жилищно-коммунальные услуги";"Темп прироста к предыдущей неделе";"Неделя";"2";"%";"0"
"2023-10-23";0;"A";"Данные ЦМИ";"Жилищно-коммунальные услуги";"Темп прироста к предыдущей неделе";"Неделя";"2";"%";"0"
"2023-10-30";0;"A";"Данные ЦМИ";"Жилищно-коммунальные услуги";"Темп прироста к предыдущей неделе";"Неделя";"2";"%";"0"
"2023-11-07";0.01;"A";"Данные ЦМИ";"Жилищно-коммунальные услуги";"Темп прироста к предыдущей неделе";"Неделя";"2";"%";"0"
"2023-11-13";0;"A";"Данные ЦМИ";"Жилищно-коммунальные услуги";"Темп прироста к предыдущей неделе";"Неделя";"2";"%";"0"
"2023-11-20";0;"A";"Данные ЦМИ";"Жилищно-коммунальные услуги";"Темп прироста к предыдущей неделе";"Неделя";"2";"%";"0"
"2023-11-27";0;"A";"Данные ЦМИ";"Жилищно-коммунальные услуги";"Темп прироста к предыдущей неделе";"Неделя";"2";"%";"0"
"2023-12-04";0;"A";"Данные ЦМИ";"Жилищно-коммунальные услуги";"Темп прироста к предыдущей неделе";"Неделя";"2";"%";"0"
"2023-12-11";0;"A";"Данные ЦМИ";"Жилищно-коммунальные услуги";"Темп прироста к предыдущей неделе";"Неделя";"2";"%";"0"
"2023-12-18";0;"A";"Данные ЦМИ";"Жилищно-коммунальные услуги";"Темп прироста к предыдущей неделе";"Неделя";"2";"%";"0"
"2023-12-25";0;"A";"Данные ЦМИ";"Жилищно-коммунальные услуги";"Темп прироста к предыдущей неделе";"Неделя";"2";"%";"0"
"2024-01-09";-0.08;"A";"Данные ЦМИ";"Жилищно-коммунальные услуги";"Темп прироста к предыдущей неделе";"Неделя";"2";"%";"0"
"2024-01-15";0.08;"A";"Данные ЦМИ";"Жилищно-коммунальные услуги";"Темп прироста к предыдущей неделе";"Неделя";"2";"%";"0"
"2024-01-22";0.16;"A";"Данные ЦМИ";"Жилищно-коммунальные услуги";"Темп прироста к предыдущей неделе";"Неделя";"2";"%";"0"
"2024-01-29";0.23;"A";"Данные ЦМИ";"Жилищно-коммунальные услуги";"Темп прироста к предыдущей неделе";"Неделя";"2";"%";"0"
"2024-02-05";0.04;"A";"Данные ЦМИ";"Жилищно-коммунальные услуги";"Темп прироста к предыдущей неделе";"Неделя";"2";"%";"0"
"2024-02-12";0.03;"A";"Данные ЦМИ";"Жилищно-коммунальные услуги";"Темп прироста к предыдущей неделе";"Неделя";"2";"%";"0"
"2024-02-19";0.01;"A";"Данные ЦМИ";"Жилищно-коммунальные услуги";"Темп прироста к предыдущей неделе";"Неделя";"2";"%";"0"
"2024-02-26";0.04;"A";"Данные ЦМИ";"Жилищно-коммунальные услуги";"Темп прироста к предыдущей неделе";"Неделя";"2";"%";"0"
"2024-03-04";0.01;"A";"Данные ЦМИ";"Жилищно-коммунальные услуги";"Темп прироста к предыдущей неделе";"Неделя";"2";"%";"0"
"2024-03-11";0;"A";"Данные ЦМИ";"Жилищно-коммунальные услуги";"Темп прироста к предыдущей неделе";"Неделя";"2";"%";"0"
"2024-03-18";0.01;"A";"Данные ЦМИ";"Жилищно-коммунальные услуги";"Темп прироста к предыдущей неделе";"Неделя";"2";"%";"0"
"2024-03-25";0.09;"A";"Данные ЦМИ";"Жилищно-коммунальные услуги";"Темп прироста к предыдущей неделе";"Неделя";"2";"%";"0"
"2024-04-01";0.01;"A";"Данные ЦМИ";"Жилищно-коммунальные услуги";"Темп прироста к предыдущей неделе";"Неделя";"2";"%";"0"
"2024-04-08";0.07;"A";"Данные ЦМИ";"Жилищно-коммунальные услуги";"Темп прироста к предыдущей неделе";"Неделя";"2";"%";"0"
"2024-04-15";0;"A";"Данные ЦМИ";"Жилищно-коммунальные услуги";"Темп прироста к предыдущей неделе";"Неделя";"2";"%";"0"
"2024-04-22";0.01;"A";"Данные ЦМИ";"Жилищно-коммунальные услуги";"Темп прироста к предыдущей неделе";"Неделя";"2";"%";"0"
"2024-05-02";-0.01;"A";"Данные ЦМИ";"Жилищно-коммунальные услуги";"Темп прироста к предыдущей неделе";"Неделя";"2";"%";"0"
"2024-05-06";0.01;"A";"Данные ЦМИ";"Жилищно-коммунальные услуги";"Темп прироста к предыдущей неделе";"Неделя";"2";"%";"0"
"2024-05-13";0;"A";"Данные ЦМИ";"Жилищно-коммунальные услуги";"Темп прироста к предыдущей неделе";"Неделя";"2";"%";"0"
"2024-05-20";0;"A";"Данные ЦМИ";"Жилищно-коммунальные услуги";"Темп прироста к предыдущей неделе";"Неделя";"2";"%";"0"
"2024-05-27";0.01;"A";"Данные ЦМИ";"Жилищно-коммунальные услуги";"Темп прироста к предыдущей неделе";"Неделя";"2";"%";"0"
"2024-06-03";0.05;"A";"Данные ЦМИ";"Жилищно-коммунальные услуги";"Темп прироста к предыдущей неделе";"Неделя";"2";"%";"0"
"2024-06-10";0;"A";"Данные ЦМИ";"Жилищно-коммунальные услуги";"Темп прироста к предыдущей неделе";"Неделя";"2";"%";"0"
"2024-06-17";0.01;"A";"Данные ЦМИ";"Жилищно-коммунальные услуги";"Темп прироста к предыдущей неделе";"Неделя";"2";"%";"0"
"2024-06-24";0;"A";"Данные ЦМИ";"Жилищно-коммунальные услуги";"Темп прироста к предыдущей неделе";"Неделя";"2";"%";"0"
"2024-07-01";7.19;"A";"Данные ЦМИ";"Жилищно-коммунальные услуги";"Темп прироста к предыдущей неделе";"Неделя";"2";"%";"0"
"2024-07-08";0.24;"A";"Данные ЦМИ";"Жилищно-коммунальные услуги";"Темп прироста к предыдущей неделе";"Неделя";"2";"%";"0"
"2024-07-15";0.22;"A";"Данные ЦМИ";"Жилищно-коммунальные услуги";"Темп прироста к предыдущей неделе";"Неделя";"2";"%";"0"
"2024-07-22";0.11;"A";"Данные ЦМИ";"Жилищно-коммунальные услуги";"Темп прироста к предыдущей неделе";"Неделя";"2";"%";"0"
"2024-07-29";0.3;"A";"Данные ЦМИ";"Жилищно-коммунальные услуги";"Темп прироста к предыдущей неделе";"Неделя";"2";"%";"0"
"2024-08-05";0.02;"A";"Данные ЦМИ";"Жилищно-коммунальные услуги";"Темп прироста к предыдущей неделе";"Неделя";"2";"%";"0"
"2024-08-12";0;"A";"Данные ЦМИ";"Жилищно-коммунальные услуги";"Темп прироста к предыдущей неделе";"Неделя";"2";"%";"0"
"2024-08-19";0;"A";"Данные ЦМИ";"Жилищно-коммунальные услуги";"Темп прироста к предыдущей неделе";"Неделя";"2";"%";"0"
"2024-08-26";0.01;"A";"Данные ЦМИ";"Жилищно-коммунальные услуги";"Темп прироста к предыдущей неделе";"Неделя";"2";"%";"0"
"2024-09-02";0;"A";"Данные ЦМИ";"Жилищно-коммунальные услуги";"Темп прироста к предыдущей неделе";"Неделя";"2";"%";"0"
"2024-09-09";0.03;"A";"Данные ЦМИ";"Жилищно-коммунальные услуги";"Темп прироста к предыдущей неделе";"Неделя";"2";"%";"0"
"2024-09-16";0;"A";"Данные ЦМИ";"Жилищно-коммунальные услуги";"Темп прироста к предыдущей неделе";"Неделя";"2";"%";"0"
"2024-09-23";0.02;"A";"Данные ЦМИ";"Жилищно-коммунальные услуги";"Темп прироста к предыдущей неделе";"Неделя";"2";"%";"0"
"2024-09-30";0;"A";"Данные ЦМИ";"Жилищно-коммунальные услуги";"Темп прироста к предыдущей неделе";"Неделя";"2";"%";"0"
"2024-10-07";0;"A";"Данные ЦМИ";"Жилищно-коммунальные услуги";"Темп прироста к предыдущей неделе";"Неделя";"2";"%";"0"
"2024-10-14";0.01;"A";"Данные ЦМИ";"Жилищно-коммунальные услуги";"Темп прироста к предыдущей неделе";"Неделя";"2";"%";"0"
"2024-10-21";0;"A";"Данные ЦМИ";"Жилищно-коммунальные услуги";"Темп прироста к предыдущей неделе";"Неделя";"2";"%";"0"
"2024-10-28";0.03;"A";"Данные ЦМИ";"Жилищно-коммунальные услуги";"Темп прироста к предыдущей неделе";"Неделя";"2";"%";"0"
"2024-11-05";0.01;"A";"Данные ЦМИ";"Жилищно-коммунальные услуги";"Темп прироста к предыдущей неделе";"Неделя";"2";"%";"0"
"2024-11-11";0;"A";"Данные ЦМИ";"Жилищно-коммунальные услуги";"Темп прироста к предыдущей неделе";"Неделя";"2";"%";"0"
"2024-11-18";0.03;"A";"Данные ЦМИ";"Жилищно-коммунальные услуги";"Темп прироста к предыдущей неделе";"Неделя";"2";"%";"0"
"2024-11-25";0.01;"A";"Данные ЦМИ";"Жилищно-коммунальные услуги";"Темп прироста к предыдущей неделе";"Неделя";"2";"%";"0"
"2024-12-02";0;"A";"Данные ЦМИ";"Жилищно-коммунальные услуги";"Темп прироста к предыдущей неделе";"Неделя";"2";"%";"0"
"2024-12-09";0;"A";"Данные ЦМИ";"Жилищно-коммунальные услуги";"Темп прироста к предыдущей неделе";"Неделя";"2";"%";"0"
"2024-12-16";0.02;"A";"Данные ЦМИ";"Жилищно-коммунальные услуги";"Темп прироста к предыдущей неделе";"Неделя";"2";"%";"0"
"2024-12-23";0.01;"A";"Данные ЦМИ";"Жилищно-коммунальные услуги";"Темп прироста к предыдущей неделе";"Неделя";"2";"%";"0"
"2025-01-09";0.11;"A";"Данные ЦМИ";"Жилищно-коммунальные услуги";"Темп прироста к предыдущей неделе";"Неделя";"2";"%";"0"
"2025-01-13";0.05;"A";"Данные ЦМИ";"Жилищно-коммунальные услуги";"Темп прироста к предыдущей неделе";"Неделя";"2";"%";"0"
"2025-01-20";0.1;"A";"Данные ЦМИ";"Жилищно-коммунальные услуги";"Темп прироста к предыдущей неделе";"Неделя";"2";"%";"0"
"2025-01-27";0.33;"A";"Данные ЦМИ";"Жилищно-коммунальные услуги";"Темп прироста к предыдущей неделе";"Неделя";"2";"%";"0"
"2025-02-03";0.03;"A";"Данные ЦМИ";"Жилищно-коммунальные услуги";"Темп прироста к предыдущей неделе";"Неделя";"2";"%";"0"
"2025-02-10";0.07;"A";"Данные ЦМИ";"Жилищно-коммунальные услуги";"Темп прироста к предыдущей неделе";"Неделя";"2";"%";"0"
"2025-02-17";0.02;"A";"Данные ЦМИ";"Жилищно-коммунальные услуги";"Темп прироста к предыдущей неделе";"Неделя";"2";"%";"0"
"2025-02-24";0.25;"A";"Данные ЦМИ";"Жилищно-коммунальные услуги";"Темп прироста к предыдущей неделе";"Неделя";"2";"%";"0"
"2025-03-03";0.03;"A";"Данные ЦМИ";"Жилищно-коммунальные услуги";"Темп прироста к предыдущей неделе";"Неделя";"2";"%";"0"
"2025-03-10";0;"A";"Данные ЦМИ";"Жилищно-коммунальные услуги";"Темп прироста к предыдущей неделе";"Неделя";"2";"%";"0"
"2025-03-17";0.02;"A";"Данные ЦМИ";"Жилищно-коммунальные услуги";"Темп прироста к предыдущей неделе";"Неделя";"2";"%";"0"
"2025-03-24";0;"A";"Данные ЦМИ";"Жилищно-коммунальные услуги";"Темп прироста к предыдущей неделе";"Неделя";"2";"%";"0"
"2025-03-31";0.09;"A";"Данные ЦМИ";"Жилищно-коммунальные услуги";"Темп прироста к предыдущей неделе";"Неделя";"2";"%";"0"
"2025-04-07";0.01;"A";"Данные ЦМИ";"Жилищно-коммунальные услуги";"Темп прироста к предыдущей неделе";"Неделя";"2";"%";"0"
"2025-04-14";0.01;"A";"Данные ЦМИ";"Жилищно-коммунальные услуги";"Темп прироста к предыдущей неделе";"Неделя";"2";"%";"0"
"2025-04-21";0;"A";"Данные ЦМИ";"Жилищно-коммунальные услуги";"Темп прироста к предыдущей неделе";"Неделя";"2";"%";"0"
"2025-04-28";0.03;"A";"Данные ЦМИ";"Жилищно-коммунальные услуги";"Темп прироста к предыдущей неделе";"Неделя";"2";"%";"0"
"2025-05-05";0.02;"A";"Данные ЦМИ";"Жилищно-коммунальные услуги";"Темп прироста к предыдущей неделе";"Неделя";"2";"%";"0"
"2025-05-12";0;"A";"Данные ЦМИ";"Жилищно-коммунальные услуги";"Темп прироста к предыдущей неделе";"Неделя";"2";"%";"0"
"2025-05-19";0.01;"A";"Данные ЦМИ";"Жилищно-коммунальные услуги";"Темп прироста к предыдущей неделе";"Неделя";"2";"%";"0"
"2025-05-26";0.1;"A";"Данные ЦМИ";"Жилищно-коммунальные услуги";"Темп прироста к предыдущей неделе";"Неделя";"2";"%";"0"
"2025-06-02";0;"A";"Данные ЦМИ";"Жилищно-коммунальные услуги";"Темп прироста к предыдущей неделе";"Неделя";"2";"%";"0"
"2025-06-09";0.01;"A";"Данные ЦМИ";"Жилищно-коммунальные услуги";"Темп прироста к предыдущей неделе";"Неделя";"2";"%";"0"
"2025-06-16";0.07;"A";"Данные ЦМИ";"Жилищно-коммунальные услуги";"Темп прироста к предыдущей неделе";"Неделя";"2";"%";"0"
"2025-06-23";0.03;"A";"Данные ЦМИ";"Жилищно-коммунальные услуги";"Темп прироста к предыдущей неделе";"Неделя";"2";"%";"0"
"2025-06-30";0.19;"A";"Данные ЦМИ";"Жилищно-коммунальные услуги";"Темп прироста к предыдущей неделе";"Неделя";"2";"%";"0"
"2025-07-07";10.7;"A";"Данные ЦМИ";"Жилищно-коммунальные услуги";"Темп прироста к предыдущей неделе";"Неделя";"2";"%";"0"
"2025-07-14";0.28;"A";"Данные ЦМИ";"Жилищно-коммунальные услуги";"Темп прироста к предыдущей неделе";"Неделя";"2";"%";"0"
"2025-07-21";0.04;"A";"Данные ЦМИ";"Жилищно-коммунальные услуги";"Темп прироста к предыдущей неделе";"Неделя";"2";"%";"0"
"2025-07-28";0.16;"A";"Данные ЦМИ";"Жилищно-коммунальные услуги";"Темп прироста к предыдущей неделе";"Неделя";"2";"%";"0"
"2025-08-04";0.03;"A";"Данные ЦМИ";"Жилищно-коммунальные услуги";"Темп прироста к предыдущей неделе";"Неделя";"2";"%";"0"
"2025-08-11";0;"A";"Данные ЦМИ";"Жилищно-коммунальные услуги";"Темп прироста к предыдущей неделе";"Неделя";"2";"%";"0"
"2025-08-18";0.04;"A";"Данные ЦМИ";"Жилищно-коммунальные услуги";"Темп прироста к предыдущей неделе";"Неделя";"2";"%";"0"
"2025-08-25";0.06;"A";"Данные ЦМИ";"Жилищно-коммунальные услуги";"Темп прироста к предыдущей неделе";"Неделя";"2";"%";"0"
"2025-09-01";0;"A";"Данные ЦМИ";"Жилищно-коммунальные услуги";"Темп прироста к предыдущей неделе";"Неделя";"2";"%";"0"
"2025-09-08";0;"A";"Данные ЦМИ";"Жилищно-коммунальные услуги";"Темп прироста к предыдущей неделе";"Неделя";"2";"%";"0"
"2025-09-15";0;"A";"Данные ЦМИ";"Жилищно-коммунальные услуги";"Темп прироста к предыдущей неделе";"Неделя";"2";"%";"0"
"2025-09-22";0.01;"A";"Данные ЦМИ";"Жилищно-коммунальные услуги";"Темп прироста к предыдущей неделе";"Неделя";"2";"%";"0"
"2025-09-29";0.03;"A";"Данные ЦМИ";"Жилищно-коммунальные услуги";"Темп прироста к предыдущей неделе";"Неделя";"2";"%";"0"
"2025-10-06";0.03;"A";"Данные ЦМИ";"Жилищно-коммунальные услуги";"Темп прироста к предыдущей неделе";"Неделя";"2";"%";"0"
"2025-10-13";0;"A";"Данные ЦМИ";"Жилищно-коммунальные услуги";"Темп прироста к предыдущей неделе";"Неделя";"2";"%";"0"
"2025-10-20";0;"A";"Данные ЦМИ";"Жилищно-коммунальные услуги";"Темп прироста к предыдущей неделе";"Неделя";"2";"%";"0"
"2025-10-27";0.11;"A";"Данные ЦМИ";"Жилищно-коммунальные услуги";"Темп прироста к предыдущей неделе";"Неделя";"2";"%";"0"
"2025-11-05";0.01;"A";"Данные ЦМИ";"Жилищно-коммунальные услуги";"Темп прироста к предыдущей неделе";"Неделя";"2";"%";"0"
"2025-11-10";0;"A";"Данные ЦМИ";"Жилищно-коммунальные услуги";"Темп прироста к предыдущей неделе";"Неделя";"2";"%";"0"
"2025-11-17";0;"A";"Данные ЦМИ";"Жилищно-коммунальные услуги";"Темп прироста к предыдущей неделе";"Неделя";"2";"%";"0"
"2025-11-24";0.03;"A";"Данные ЦМИ";"Жилищно-коммунальные услуги";"Темп прироста к предыдущей неделе";"Неделя";"2";"%";"0"
"2025-12-01";0.04;"A";"Данные ЦМИ";"Жилищно-коммунальные услуги";"Темп прироста к предыдущей неделе";"Неделя";"2";"%";"0"
"2025-12-08";0;"A";"Данные ЦМИ";"Жилищно-коммунальные услуги";"Темп прироста к предыдущей неделе";"Неделя";"2";"%";"0"
"2025-12-15";0.01;"A";"Данные ЦМИ";"Жилищно-коммунальные услуги";"Темп прироста к предыдущей неделе";"Неделя";"2";"%";"0"
"2025-12-22";0.19;"A";"Данные ЦМИ";"Жилищно-коммунальные услуги";"Темп прироста к предыдущей неделе";"Неделя";"2";"%";"0"
"2026-01-12";1.62;"A";"Данные ЦМИ";"Жилищно-коммунальные услуги";"Темп прироста к предыдущей неделе";"Неделя";"2";"%";"0"
"2026-01-19";0.24;"A";"Данные ЦМИ";"Жилищно-коммунальные услуги";"Темп прироста к предыдущей неделе";"Неделя";"2";"%";"0"
"2026-01-26";0.38;"A";"Данные ЦМИ";"Жилищно-коммунальные услуги";"Темп прироста к предыдущей неделе";"Неделя";"2";"%";"0"
"2026-02-02";0.2;"A";"Данные ЦМИ";"Жилищно-коммунальные услуги";"Темп прироста к предыдущей неделе";"Неделя";"2";"%";"0"
"2026-02-09";0.17;"A";"Данные ЦМИ";"Жилищно-коммунальные услуги";"Темп прироста к предыдущей неделе";"Неделя";"2";"%";"0"
"2026-02-16";0.03;"A";"Данные ЦМИ";"Жилищно-коммунальные услуги";"Темп прироста к предыдущей неделе";"Неделя";"2";"%";"0"
"2026-02-24";0.09;"A";"Данные ЦМИ";"Жилищно-коммунальные услуги";"Темп прироста к предыдущей неделе";"Неделя";"2";"%";"0"
"2026-03-02";0.04;"A";"Данные ЦМИ";"Жилищно-коммунальные услуги";"Темп прироста к предыдущей неделе";"Неделя";"2";"%";"0"
"2026-03-10";0.06;"A";"Данные ЦМИ";"Жилищно-коммунальные услуги";"Темп прироста к предыдущей неделе";"Неделя";"2";"%";"0"
"2026-03-16";0;"A";"Данные ЦМИ";"Жилищно-коммунальные услуги";"Темп прироста к предыдущей неделе";"Неделя";"2";"%";"0"
"2026-03-23";0.19;"A";"Данные ЦМИ";"Жилищно-коммунальные услуги";"Темп прироста к предыдущей неделе";"Неделя";"2";"%";"0"
"2026-03-30";0.03;"A";"Данные ЦМИ";"Жилищно-коммунальные услуги";"Темп прироста к предыдущей неделе";"Неделя";"2";"%";"0"
"2026-04-06";0.29;"A";"Данные ЦМИ";"Жилищно-коммунальные услуги";"Темп прироста к предыдущей неделе";"Неделя";"2";"%";"0"
"2026-04-13";0.01;"A";"Данные ЦМИ";"Жилищно-коммунальные услуги";"Темп прироста к предыдущей неделе";"Неделя";"2";"%";"0"
"2026-04-20";0.05;"A";"Данные ЦМИ";"Жилищно-коммунальные услуги";"Темп прироста к предыдущей неделе";"Неделя";"2";"%";"0"
"2026-04-27";0.01;"A";"Данные ЦМИ";"Жилищно-коммунальные услуги";"Темп прироста к предыдущей неделе";"Неделя";"2";"%";"0"
"2026-05-04";0.03;"A";"Данные ЦМИ";"Жилищно-коммунальные услуги";"Темп прироста к предыдущей неделе";"Неделя";"2";"%";"0"
"2026-05-12";-0.03;"A";"Данные ЦМИ";"Жилищно-коммунальные услуги";"Темп прироста к предыдущей неделе";"Неделя";"2";"%";"0"
"2026-05-18";0.01;"A";"Данные ЦМИ";"Жилищно-коммунальные услуги";"Темп прироста к предыдущей неделе";"Неделя";"2";"%";"0"
"2026-05-25";0.06;"A";"Данные ЦМИ";"Жилищно-коммунальные услуги";"Темп прироста к предыдущей неделе";"Неделя";"2";"%";"0"
"2026-06-01";0;"A";"Данные ЦМИ";"Жилищно-коммунальные услуги";"Темп прироста к предыдущей неделе";"Неделя";"2";"%";"0"
"2026-06-08";0;"A";"Данные ЦМИ";"Жилищно-коммунальные услуги";"Темп прироста к предыдущей неделе";"Неделя";"2";"%";"0"
"2026-06-15";0.01;"A";"Данные ЦМИ";"Жилищно-коммунальные услуги";"Темп прироста к предыдущей неделе";"Неделя";"2";"%";"0"
"2026-06-22";0.01;"A";"Данные ЦМИ";"Жилищно-коммунальные услуги";"Темп прироста к предыдущей неделе";"Неделя";"2";"%";"0"
"2026-06-29";0.01;"A";"Данные ЦМИ";"Жилищно-коммунальные услуги";"Темп прироста к предыдущей неделе";"Неделя";"2";"%";"0"
"2026-07-06";0.21;"A";"Данные ЦМИ";"Жилищно-коммунальные услуги";"Темп прироста к предыдущей неделе";"Неделя";"2";"%";"0"
"2026-07-13";0.01;"A";"Данные ЦМИ";"Жилищно-коммунальные услуги";"Темп прироста к предыдущей неделе";"Неделя";"2";"%";"0"
"2026-07-20";0.04;"A";"Данные ЦМИ";"Жилищно-коммунальные услуги";"Темп прироста к предыдущей неделе";"Неделя";"2";"%";"0"
"2026-07-27";0.04;"A";"Данные ЦМИ";"Жилищно-коммунальные услуги";"Темп прироста к предыдущей неделе";"Неделя";"2";"%";"0"
"2026-08-03";0.17;"A";"Данные ЦМИ";"Жилищно-коммунальные услуги";"Темп прироста к предыдущей неделе";"Неделя";"2";"%";"0"
"2026-08-10";0.05;"A";"Данные ЦМИ";"Жилищно-коммунальные услуги";"Темп прироста к предыдущей неделе";"Неделя";"2";"%";"0"
"2026-08-17";0.01;"A";"Данные ЦМИ";"Жилищно-коммунальные услуги";"Темп прироста к предыдущей неделе";"Неделя";"2";"%";"0"
"2026-08-24";0.01;"A";"Данные ЦМИ";"Жилищно-коммунальные услуги";"Темп прироста к предыдущей неделе";"Неделя";"2";"%";"0"
"2026-08-31";0.01;"A";"Данные ЦМИ";"Жилищно-коммунальные услуги";"Темп прироста к предыдущей неделе";"Неделя";"2";"%";"0"
"2026-09-07";0;"A";"Данные ЦМИ";"Жилищно-коммунальные услуги";"Темп прироста к предыдущей неделе";"Неделя";"2";"%";"0"
"2026-09-14";0.01;"A";"Данные ЦМИ";"Жилищно-коммунальные услуги";"Темп прироста к предыдущей неделе";"Неделя";"2";"%";"0"
"2026-09-21";0;"A";"Данные ЦМИ";"Жилищно-коммунальные услуги";"Темп прироста к предыдущей неделе";"Неделя";"2";"%";"0"
"2026-09-28";0.02;"A";"Данные ЦМИ";"Жилищно-коммунальные услуги";"Темп прироста к предыдущей неделе";"Неделя";"2";"%";"0"
"2017-01-09";0.15;"A";"Данные ЦМИ";"ИПЦ";"Скользящее среднее за четыре недели";"Неделя";"2";"%";"0"
"2017-01-16";0.15;"A";"Данные ЦМИ";"ИПЦ";"Скользящее среднее за четыре недели";"Неделя";"2";"%";"0"
"2017-01-23";0.15;"A";"Данные ЦМИ";"ИПЦ";"Скользящее среднее за четыре недели";"Неделя";"2";"%";"0"
"2017-01-30";0.15;"A";"Данные ЦМИ";"ИПЦ";"Скользящее среднее за четыре недели";"Неделя";"2";"%";"0"
"2017-02-06";0.09;"A";"Данные ЦМИ";"ИПЦ";"Скользящее среднее за четыре недели";"Неделя";"2";"%";"0"
"2017-02-13";0.08;"A";"Данные ЦМИ";"ИПЦ";"Скользящее среднее за четыре недели";"Неделя";"2";"%";"0"
"2017-02-20";0.07;"A";"Данные ЦМИ";"ИПЦ";"Скользящее среднее за четыре недели";"Неделя";"2";"%";"0"
"2017-02-27";0.06;"A";"Данные ЦМИ";"ИПЦ";"Скользящее среднее за четыре недели";"Неделя";"2";"%";"0"
"2017-03-06";0.04;"A";"Данные ЦМИ";"ИПЦ";"Скользящее среднее за четыре недели";"Неделя";"2";"%";"0"
"2017-03-13";0.05;"A";"Данные ЦМИ";"ИПЦ";"Скользящее среднее за четыре недели";"Неделя";"2";"%";"0"
"2017-03-20";0.05;"A";"Данные ЦМИ";"ИПЦ";"Скользящее среднее за четыре недели";"Неделя";"2";"%";"0"
"2017-03-27";0.04;"A";"Данные ЦМИ";"ИПЦ";"Скользящее среднее за четыре недели";"Неделя";"2";"%";"0"
"2017-04-03";0.04;"A";"Данные ЦМИ";"ИПЦ";"Скользящее среднее за четыре недели";"Неделя";"2";"%";"0"
"2017-04-10";0.05;"A";"Данные ЦМИ";"ИПЦ";"Скользящее среднее за четыре недели";"Неделя";"2";"%";"0"
"2017-04-17";0.07;"A";"Данные ЦМИ";"ИПЦ";"Скользящее среднее за четыре недели";"Неделя";"2";"%";"0"
"2017-04-24";0.11;"A";"Данные ЦМИ";"ИПЦ";"Скользящее среднее за четыре недели";"Неделя";"2";"%";"0"
"2017-05-01";0.13;"A";"Данные ЦМИ";"ИПЦ";"Скользящее среднее за четыре недели";"Неделя";"2";"%";"0"
"2017-05-08";0.13;"A";"Данные ЦМИ";"ИПЦ";"Скользящее среднее за четыре недели";"Неделя";"2";"%";"0"
"2017-05-15";0.12;"A";"Данные ЦМИ";"ИПЦ";"Скользящее среднее за четыре недели";"Неделя";"2";"%";"0"
"2017-05-22";0.09;"A";"Данные ЦМИ";"ИПЦ";"Скользящее среднее за четыре недели";"Неделя";"2";"%";"0"
"2017-05-29";0.08;"A";"Данные ЦМИ";"ИПЦ";"Скользящее среднее за четыре недели";"Неделя";"2";"%";"0"
"2017-06-05";0.09;"A";"Данные ЦМИ";"ИПЦ";"Скользящее среднее за четыре недели";"Неделя";"2";"%";"0"
"2017-06-12";0.11;"A";"Данные ЦМИ";"ИПЦ";"Скользящее среднее за четыре недели";"Неделя";"2";"%";"0"
"2017-06-19";0.13;"A";"Данные ЦМИ";"ИПЦ";"Скользящее среднее за четыре недели";"Неделя";"2";"%";"0"
"2017-06-26";0.12;"A";"Данные ЦМИ";"ИПЦ";"Скользящее среднее за четыре недели";"Неделя";"2";"%";"0"
"2017-07-03";0.19;"A";"Данные ЦМИ";"ИПЦ";"Скользящее среднее за четыре недели";"Неделя";"2";"%";"0"
"2017-07-10";0.17;"A";"Данные ЦМИ";"ИПЦ";"Скользящее среднее за четыре недели";"Неделя";"2";"%";"0"
"2017-07-17";0.15;"A";"Данные ЦМИ";"ИПЦ";"Скользящее среднее за четыре недели";"Неделя";"2";"%";"0"
"2017-07-24";0.13;"A";"Данные ЦМИ";"ИПЦ";"Скользящее среднее за четыре недели";"Неделя";"2";"%";"0"
"2017-07-31";0;"A";"Данные ЦМИ";"ИПЦ";"Скользящее среднее за четыре недели";"Неделя";"2";"%";"0"
"2017-08-07";-0.03;"A";"Данные ЦМИ";"ИПЦ";"Скользящее среднее за четыре недели";"Неделя";"2";"%";"0"
"2017-08-14";-0.07;"A";"Данные ЦМИ";"ИПЦ";"Скользящее среднее за четыре недели";"Неделя";"2";"%";"0"
"2017-08-21";-0.09;"A";"Данные ЦМИ";"ИПЦ";"Скользящее среднее за четыре недели";"Неделя";"2";"%";"0"
"2017-08-28";-0.1;"A";"Данные ЦМИ";"ИПЦ";"Скользящее среднее за четыре недели";"Неделя";"2";"%";"0"
"2017-09-04";-0.12;"A";"Данные ЦМИ";"ИПЦ";"Скользящее среднее за четыре недели";"Неделя";"2";"%";"0"
"2017-09-11";-0.1;"A";"Данные ЦМИ";"ИПЦ";"Скользящее среднее за четыре недели";"Неделя";"2";"%";"0"
"2017-09-18";-0.09;"A";"Данные ЦМИ";"ИПЦ";"Скользящее среднее за четыре недели";"Неделя";"2";"%";"0"
"2017-09-25";-0.03;"A";"Данные ЦМИ";"ИПЦ";"Скользящее среднее за четыре недели";"Неделя";"2";"%";"0"
"2017-10-02";0;"A";"Данные ЦМИ";"ИПЦ";"Скользящее среднее за четыре недели";"Неделя";"2";"%";"0"
"2017-10-09";0.01;"A";"Данные ЦМИ";"ИПЦ";"Скользящее среднее за четыре недели";"Неделя";"2";"%";"0"
"2017-10-16";0.02;"A";"Данные ЦМИ";"ИПЦ";"Скользящее среднее за четыре недели";"Неделя";"2";"%";"0"
"2017-10-23";0.05;"A";"Данные ЦМИ";"ИПЦ";"Скользящее среднее за четыре недели";"Неделя";"2";"%";"0"
"2017-10-30";0.06;"A";"Данные ЦМИ";"ИПЦ";"Скользящее среднее за четыре недели";"Неделя";"2";"%";"0"
"2017-11-06";0.07;"A";"Данные ЦМИ";"ИПЦ";"Скользящее среднее за четыре недели";"Неделя";"2";"%";"0"
"2017-11-13";0.07;"A";"Данные ЦМИ";"ИПЦ";"Скользящее среднее за четыре недели";"Неделя";"2";"%";"0"
"2017-11-20";0.04;"A";"Данные ЦМИ";"ИПЦ";"Скользящее среднее за четыре недели";"Неделя";"2";"%";"0"
"2017-11-27";0.05;"A";"Данные ЦМИ";"ИПЦ";"Скользящее среднее за четыре недели";"Неделя";"2";"%";"0"
"2017-12-04";0.07;"A";"Данные ЦМИ";"ИПЦ";"Скользящее среднее за четыре недели";"Неделя";"2";"%";"0"
"2017-12-11";0.09;"A";"Данные ЦМИ";"ИПЦ";"Скользящее среднее за четыре недели";"Неделя";"2";"%";"0"
"2017-12-18";0.12;"A";"Данные ЦМИ";"ИПЦ";"Скользящее среднее за четыре недели";"Неделя";"2";"%";"0"
"2017-12-25";0.12;"A";"Данные ЦМИ";"ИПЦ";"Скользящее среднее за четыре недели";"Неделя";"2";"%";"0"
"2018-01-08";0.13;"A";"Данные ЦМИ";"ИПЦ";"Скользящее среднее за четыре недели";"Неделя";"2";"%";"0"
"2018-01-15";0.11;"A";"Данные ЦМИ";"ИПЦ";"Скользящее среднее за четыре недели";"Неделя";"2";"%";"0"
"2018-01-22";0.09;"A";"Данные ЦМИ";"ИПЦ";"Скользящее среднее за четыре недели";"Неделя";"2";"%";"0"
"2018-01-29";0.08;"A";"Данные ЦМИ";"ИПЦ";"Скользящее среднее за четыре недели";"Неделя";"2";"%";"0"
"2018-02-05";0.06;"A";"Данные ЦМИ";"ИПЦ";"Скользящее среднее за четыре недели";"Неделя";"2";"%";"0"
"2018-02-12";0.07;"A";"Данные ЦМИ";"ИПЦ";"Скользящее среднее за четыре недели";"Неделя";"2";"%";"0"
"2018-02-19";0.07;"A";"Данные ЦМИ";"ИПЦ";"Скользящее среднее за четыре недели";"Неделя";"2";"%";"0"
"2018-02-26";0.07;"A";"Данные ЦМИ";"ИПЦ";"Скользящее среднее за четыре недели";"Неделя";"2";"%";"0"
"2018-03-05";0.06;"A";"Данные ЦМИ";"ИПЦ";"Скользящее среднее за четыре недели";"Неделя";"2";"%";"0"
"2018-03-12";0.05;"A";"Данные ЦМИ";"ИПЦ";"Скользящее среднее за четыре недели";"Неделя";"2";"%";"0"
"2018-03-19";0.04;"A";"Данные ЦМИ";"ИПЦ";"Скользящее среднее за четыре недели";"Неделя";"2";"%";"0"
"2018-03-26";0.07;"A";"Данные ЦМИ";"ИПЦ";"Скользящее среднее за четыре недели";"Неделя";"2";"%";"0"
"2018-04-02";0.08;"A";"Данные ЦМИ";"ИПЦ";"Скользящее среднее за четыре недели";"Неделя";"2";"%";"0"
"2018-04-09";0.09;"A";"Данные ЦМИ";"ИПЦ";"Скользящее среднее за четыре недели";"Неделя";"2";"%";"0"
"2018-04-16";0.09;"A";"Данные ЦМИ";"ИПЦ";"Скользящее среднее за четыре недели";"Неделя";"2";"%";"0"
"2018-04-23";0.1;"A";"Данные ЦМИ";"ИПЦ";"Скользящее среднее за четыре недели";"Неделя";"2";"%";"0"
"2018-04-30";0.09;"A";"Данные ЦМИ";"ИПЦ";"Скользящее среднее за четыре недели";"Неделя";"2";"%";"0"
"2018-05-07";0.09;"A";"Данные ЦМИ";"ИПЦ";"Скользящее среднее за четыре недели";"Неделя";"2";"%";"0"
"2018-05-14";0.1;"A";"Данные ЦМИ";"ИПЦ";"Скользящее среднее за четыре недели";"Неделя";"2";"%";"0"
"2018-05-21";0.09;"A";"Данные ЦМИ";"ИПЦ";"Скользящее среднее за четыре недели";"Неделя";"2";"%";"0"
"2018-05-28";0.1;"A";"Данные ЦМИ";"ИПЦ";"Скользящее среднее за четыре недели";"Неделя";"2";"%";"0"
"2018-06-04";0.11;"A";"Данные ЦМИ";"ИПЦ";"Скользящее среднее за четыре недели";"Неделя";"2";"%";"0"
"2018-06-11";0.1;"A";"Данные ЦМИ";"ИПЦ";"Скользящее среднее за четыре недели";"Неделя";"2";"%";"0"
"2018-06-18";0.08;"A";"Данные ЦМИ";"ИПЦ";"Скользящее среднее за четыре недели";"Неделя";"2";"%";"0"
"2018-06-25";0.08;"A";"Данные ЦМИ";"ИПЦ";"Скользящее среднее за четыре недели";"Неделя";"2";"%";"0"
"2018-07-02";0.09;"A";"Данные ЦМИ";"ИПЦ";"Скользящее среднее за четыре недели";"Неделя";"2";"%";"0"
"2018-07-09";0.12;"A";"Данные ЦМИ";"ИПЦ";"Скользящее среднее за четыре недели";"Неделя";"2";"%";"0"
"2018-07-16";0.12;"A";"Данные ЦМИ";"ИПЦ";"Скользящее среднее за четыре недели";"Неделя";"2";"%";"0"
"2018-07-23";0.11;"A";"Данные ЦМИ";"ИПЦ";"Скользящее среднее за четыре недели";"Неделя";"2";"%";"0"
"2018-07-30";0.06;"A";"Данные ЦМИ";"ИПЦ";"Скользящее среднее за четыре недели";"Неделя";"2";"%";"0"
"2018-08-06";0.02;"A";"Данные ЦМИ";"ИПЦ";"Скользящее среднее за четыре недели";"Неделя";"2";"%";"0"
"2018-08-13";0;"A";"Данные ЦМИ";"ИПЦ";"Скользящее среднее за четыре недели";"Неделя";"2";"%";"0"
"2018-08-20";0;"A";"Данные ЦМИ";"ИПЦ";"Скользящее среднее за четыре недели";"Неделя";"2";"%";"0"
"2018-08-27";0.02;"A";"Данные ЦМИ";"ИПЦ";"Скользящее среднее за четыре недели";"Неделя";"2";"%";"0"
"2018-09-03";0.01;"A";"Данные ЦМИ";"ИПЦ";"Скользящее среднее за четыре недели";"Неделя";"2";"%";"0"
"2018-09-10";0.01;"A";"Данные ЦМИ";"ИПЦ";"Скользящее среднее за четыре недели";"Неделя";"2";"%";"0"
"2018-09-17";0.01;"A";"Данные ЦМИ";"ИПЦ";"Скользящее среднее за четыре недели";"Неделя";"2";"%";"0"
"2018-09-24";0.01;"A";"Данные ЦМИ";"ИПЦ";"Скользящее среднее за четыре недели";"Неделя";"2";"%";"0"
"2018-10-01";0.06;"A";"Данные ЦМИ";"ИПЦ";"Скользящее среднее за четыре недели";"Неделя";"2";"%";"0"
"2018-10-08";0.09;"A";"Данные ЦМИ";"ИПЦ";"Скользящее среднее за четыре недели";"Неделя";"2";"%";"0"
"2018-10-15";0.1;"A";"Данные ЦМИ";"ИПЦ";"Скользящее среднее за четыре недели";"Неделя";"2";"%";"0"
"2018-10-22";0.11;"A";"Данные ЦМИ";"ИПЦ";"Скользящее среднее за четыре недели";"Неделя";"2";"%";"0"
"2018-10-29";0.09;"A";"Данные ЦМИ";"ИПЦ";"Скользящее среднее за четыре недели";"Неделя";"2";"%";"0"
"2018-11-05";0.09;"A";"Данные ЦМИ";"ИПЦ";"Скользящее среднее за четыре недели";"Неделя";"2";"%";"0"
"2018-11-12";0.11;"A";"Данные ЦМИ";"ИПЦ";"Скользящее среднее за четыре недели";"Неделя";"2";"%";"0"
"2018-11-19";0.12;"A";"Данные ЦМИ";"ИПЦ";"Скользящее среднее за четыре недели";"Неделя";"2";"%";"0"
"2018-11-26";0.15;"A";"Данные ЦМИ";"ИПЦ";"Скользящее среднее за четыре недели";"Неделя";"2";"%";"0"
"2018-12-03";0.16;"A";"Данные ЦМИ";"ИПЦ";"Скользящее среднее за четыре недели";"Неделя";"2";"%";"0"
"2018-12-10";0.17;"A";"Данные ЦМИ";"ИПЦ";"Скользящее среднее за четыре недели";"Неделя";"2";"%";"0"
"2018-12-17";0.2;"A";"Данные ЦМИ";"ИПЦ";"Скользящее среднее за четыре недели";"Неделя";"2";"%";"0"
"2018-12-24";0.23;"A";"Данные ЦМИ";"ИПЦ";"Скользящее среднее за четыре недели";"Неделя";"2";"%";"0"
"2019-01-07";0.29;"A";"Данные ЦМИ";"ИПЦ";"Скользящее среднее за четыре недели";"Неделя";"2";"%";"0"
"2019-01-14";0.29;"A";"Данные ЦМИ";"ИПЦ";"Скользящее среднее за четыре недели";"Неделя";"2";"%";"0"
"2019-01-21";0.29;"A";"Данные ЦМИ";"ИПЦ";"Скользящее среднее за четыре недели";"Неделя";"2";"%";"0"
"2019-01-28";0.25;"A";"Данные ЦМИ";"ИПЦ";"Скользящее среднее за четыре недели";"Неделя";"2";"%";"0"
"2019-02-04";0.17;"A";"Данные ЦМИ";"ИПЦ";"Скользящее среднее за четыре недели";"Неделя";"2";"%";"0"
"2019-02-11";0.15;"A";"Данные ЦМИ";"ИПЦ";"Скользящее среднее за четыре недели";"Неделя";"2";"%";"0"
"2019-02-18";0.11;"A";"Данные ЦМИ";"ИПЦ";"Скользящее среднее за четыре недели";"Неделя";"2";"%";"0"
"2019-02-25";0.1;"A";"Данные ЦМИ";"ИПЦ";"Скользящее среднее за четыре недели";"Неделя";"2";"%";"0"
"2019-03-04";0.1;"A";"Данные ЦМИ";"ИПЦ";"Скользящее среднее за четыре недели";"Неделя";"2";"%";"0"
"2019-03-11";0.1;"A";"Данные ЦМИ";"ИПЦ";"Скользящее среднее за четыре недели";"Неделя";"2";"%";"0"
"2019-03-18";0.1;"A";"Данные ЦМИ";"ИПЦ";"Скользящее среднее за четыре недели";"Неделя";"2";"%";"0"
"2019-03-25";0.1;"A";"Данные ЦМИ";"ИПЦ";"Скользящее среднее за четыре недели";"Неделя";"2";"%";"0"
"2019-04-01";0.09;"A";"Данные ЦМИ";"ИПЦ";"Скользящее среднее за четыре недели";"Неделя";"2";"%";"0"
"2019-04-08";0.07;"A";"Данные ЦМИ";"ИПЦ";"Скользящее среднее за четыре недели";"Неделя";"2";"%";"0"
"2019-04-15";0.07;"A";"Данные ЦМИ";"ИПЦ";"Скользящее среднее за четыре недели";"Неделя";"2";"%";"0"
"2019-04-22";0.06;"A";"Данные ЦМИ";"ИПЦ";"Скользящее среднее за четыре недели";"Неделя";"2";"%";"0"
"2019-04-29";0.06;"A";"Данные ЦМИ";"ИПЦ";"Скользящее среднее за четыре недели";"Неделя";"2";"%";"0"
"2019-05-06";0.07;"A";"Данные ЦМИ";"ИПЦ";"Скользящее среднее за четыре недели";"Неделя";"2";"%";"0"
"2019-05-13";0.07;"A";"Данные ЦМИ";"ИПЦ";"Скользящее среднее за четыре недели";"Неделя";"2";"%";"0"
"2019-05-20";0.07;"A";"Данные ЦМИ";"ИПЦ";"Скользящее среднее за четыре недели";"Неделя";"2";"%";"0"
"2019-05-27";0.07;"A";"Данные ЦМИ";"ИПЦ";"Скользящее среднее за четыре недели";"Неделя";"2";"%";"0"
"2019-06-03";0.06;"A";"Данные ЦМИ";"ИПЦ";"Скользящее среднее за четыре недели";"Неделя";"2";"%";"0"
"2019-06-10";0.05;"A";"Данные ЦМИ";"ИПЦ";"Скользящее среднее за четыре недели";"Неделя";"2";"%";"0"
"2019-06-17";0.03;"A";"Данные ЦМИ";"ИПЦ";"Скользящее среднее за четыре недели";"Неделя";"2";"%";"0"
"2019-06-24";0.01;"A";"Данные ЦМИ";"ИПЦ";"Скользящее среднее за четыре недели";"Неделя";"2";"%";"0"
"2019-07-01";0.05;"A";"Данные ЦМИ";"ИПЦ";"Скользящее среднее за четыре недели";"Неделя";"2";"%";"0"
"2019-07-08";0.07;"A";"Данные ЦМИ";"ИПЦ";"Скользящее среднее за четыре недели";"Неделя";"2";"%";"0"
"2019-07-15";0.07;"A";"Данные ЦМИ";"ИПЦ";"Скользящее среднее за четыре недели";"Неделя";"2";"%";"0"
"2019-07-22";0.09;"A";"Данные ЦМИ";"ИПЦ";"Скользящее среднее за четыре недели";"Неделя";"2";"%";"0"
"2019-07-29";0.02;"A";"Данные ЦМИ";"ИПЦ";"Скользящее среднее за четыре недели";"Неделя";"2";"%";"0"
"2019-08-05";0.01;"A";"Данные ЦМИ";"ИПЦ";"Скользящее среднее за четыре недели";"Неделя";"2";"%";"0"
"2019-08-12";-0.01;"A";"Данные ЦМИ";"ИПЦ";"Скользящее среднее за четыре недели";"Неделя";"2";"%";"0"
"2019-08-19";-0.05;"A";"Данные ЦМИ";"ИПЦ";"Скользящее среднее за четыре недели";"Неделя";"2";"%";"0"
"2019-08-26";-0.05;"A";"Данные ЦМИ";"ИПЦ";"Скользящее среднее за четыре недели";"Неделя";"2";"%";"0"
"2019-09-02";-0.07;"A";"Данные ЦМИ";"ИПЦ";"Скользящее среднее за четыре недели";"Неделя";"2";"%";"0"
"2019-09-09";-0.07;"A";"Данные ЦМИ";"ИПЦ";"Скользящее среднее за четыре недели";"Неделя";"2";"%";"0"
"2019-09-16";-0.07;"A";"Данные ЦМИ";"ИПЦ";"Скользящее среднее за четыре недели";"Неделя";"2";"%";"0"
"2019-09-23";-0.06;"A";"Данные ЦМИ";"ИПЦ";"Скользящее среднее за четыре недели";"Неделя";"2";"%";"0"
"2019-09-30";-0.04;"A";"Данные ЦМИ";"ИПЦ";"Скользящее среднее за четыре недели";"Неделя";"2";"%";"0"
"2019-10-07";-0.02;"A";"Данные ЦМИ";"ИПЦ";"Скользящее среднее за четыре недели";"Неделя";"2";"%";"0"
"2019-10-14";0.01;"A";"Данные ЦМИ";"ИПЦ";"Скользящее среднее за четыре недели";"Неделя";"2";"%";"0"
"2019-10-21";0.03;"A";"Данные ЦМИ";"ИПЦ";"Скользящее среднее за четыре недели";"Неделя";"2";"%";"0"
"2019-10-28";0.04;"A";"Данные ЦМИ";"ИПЦ";"Скользящее среднее за четыре недели";"Неделя";"2";"%";"0"
"2019-11-04";0.06;"A";"Данные ЦМИ";"ИПЦ";"Скользящее среднее за четыре недели";"Неделя";"2";"%";"0"
"2019-11-11";0.06;"A";"Данные ЦМИ";"ИПЦ";"Скользящее среднее за четыре недели";"Неделя";"2";"%";"0"
"2019-11-18";0.06;"A";"Данные ЦМИ";"ИПЦ";"Скользящее среднее за четыре недели";"Неделя";"2";"%";"0"
"2019-11-25";0.08;"A";"Данные ЦМИ";"ИПЦ";"Скользящее среднее за четыре недели";"Неделя";"2";"%";"0"
"2019-12-02";0.07;"A";"Данные ЦМИ";"ИПЦ";"Скользящее среднее за четыре недели";"Неделя";"2";"%";"0"
"2019-12-09";0.08;"A";"Данные ЦМИ";"ИПЦ";"Скользящее среднее за четыре недели";"Неделя";"2";"%";"0"
"2019-12-16";0.09;"A";"Данные ЦМИ";"ИПЦ";"Скользящее среднее за четыре недели";"Неделя";"2";"%";"0"
"2019-12-23";0.12;"A";"Данные ЦМИ";"ИПЦ";"Скользящее среднее за четыре недели";"Неделя";"2";"%";"0"
"2020-01-06";0.19;"A";"Данные ЦМИ";"ИПЦ";"Скользящее среднее за четыре недели";"Неделя";"2";"%";"0"
"2020-01-13";0.19;"A";"Данные ЦМИ";"ИПЦ";"Скользящее среднее за четыре недели";"Неделя";"2";"%";"0"
"2020-01-20";0.16;"A";"Данные ЦМИ";"ИПЦ";"Скользящее среднее за четыре недели";"Неделя";"2";"%";"0"
"2020-01-27";0.12;"A";"Данные ЦМИ";"ИПЦ";"Скользящее среднее за четыре недели";"Неделя";"2";"%";"0"
"2020-02-03";0.08;"A";"Данные ЦМИ";"ИПЦ";"Скользящее среднее за четыре недели";"Неделя";"2";"%";"0"
"2020-02-10";0.09;"A";"Данные ЦМИ";"ИПЦ";"Скользящее среднее за четыре недели";"Неделя";"2";"%";"0"
"2020-02-17";0.08;"A";"Данные ЦМИ";"ИПЦ";"Скользящее среднее за четыре недели";"Неделя";"2";"%";"0"
"2020-02-24";0.09;"A";"Данные ЦМИ";"ИПЦ";"Скользящее среднее за четыре недели";"Неделя";"2";"%";"0"
"2020-03-02";0.06;"A";"Данные ЦМИ";"ИПЦ";"Скользящее среднее за четыре недели";"Неделя";"2";"%";"0"
"2020-03-09";0.06;"A";"Данные ЦМИ";"ИПЦ";"Скользящее среднее за четыре недели";"Неделя";"2";"%";"0"
"2020-03-16";0.08;"A";"Данные ЦМИ";"ИПЦ";"Скользящее среднее за четыре недели";"Неделя";"2";"%";"0"
"2020-03-23";0.15;"A";"Данные ЦМИ";"ИПЦ";"Скользящее среднее за четыре недели";"Неделя";"2";"%";"0"
"2020-03-30";0.18;"A";"Данные ЦМИ";"ИПЦ";"Скользящее среднее за четыре недели";"Неделя";"2";"%";"0"
"2020-04-06";0.24;"A";"Данные ЦМИ";"ИПЦ";"Скользящее среднее за четыре недели";"Неделя";"2";"%";"0"
"2020-04-13";0.26;"A";"Данные ЦМИ";"ИПЦ";"Скользящее среднее за четыре недели";"Неделя";"2";"%";"0"
"2020-04-20";0.23;"A";"Данные ЦМИ";"ИПЦ";"Скользящее среднее за четыре недели";"Неделя";"2";"%";"0"
"2020-04-27";0.21;"A";"Данные ЦМИ";"ИПЦ";"Скользящее среднее за четыре недели";"Неделя";"2";"%";"0"
"2020-05-04";0.16;"A";"Данные ЦМИ";"ИПЦ";"Скользящее среднее за четыре недели";"Неделя";"2";"%";"0"
"2020-05-11";0.13;"A";"Данные ЦМИ";"ИПЦ";"Скользящее среднее за четыре недели";"Неделя";"2";"%";"0"
"2020-05-18";0.08;"A";"Данные ЦМИ";"ИПЦ";"Скользящее среднее за четыре недели";"Неделя";"2";"%";"0"
"2020-05-25";0.07;"A";"Данные ЦМИ";"ИПЦ";"Скользящее среднее за четыре недели";"Неделя";"2";"%";"0"
"2020-06-01";0.05;"A";"Данные ЦМИ";"ИПЦ";"Скользящее среднее за четыре недели";"Неделя";"2";"%";"0"
"2020-06-08";0.05;"A";"Данные ЦМИ";"ИПЦ";"Скользящее среднее за четыре недели";"Неделя";"2";"%";"0"
"2020-06-15";0.07;"A";"Данные ЦМИ";"ИПЦ";"Скользящее среднее за четыре недели";"Неделя";"2";"%";"0"
"2020-06-22";0.07;"A";"Данные ЦМИ";"ИПЦ";"Скользящее среднее за четыре недели";"Неделя";"2";"%";"0"
"2020-06-29";0.06;"A";"Данные ЦМИ";"ИПЦ";"Скользящее среднее за четыре недели";"Неделя";"2";"%";"0"
"2020-07-06";0.13;"A";"Данные ЦМИ";"ИПЦ";"Скользящее среднее за четыре недели";"Неделя";"2";"%";"0"
"2020-07-13";0.13;"A";"Данные ЦМИ";"ИПЦ";"Скользящее среднее за четыре недели";"Неделя";"2";"%";"0"
"2020-07-20";0.11;"A";"Данные ЦМИ";"ИПЦ";"Скользящее среднее за четыре недели";"Неделя";"2";"%";"0"
"2020-07-27";0.11;"A";"Данные ЦМИ";"ИПЦ";"Скользящее среднее за четыре недели";"Неделя";"2";"%";"0"
"2020-08-03";0.03;"A";"Данные ЦМИ";"ИПЦ";"Скользящее среднее за четыре недели";"Неделя";"2";"%";"0"
"2020-08-10";-0.01;"A";"Данные ЦМИ";"ИПЦ";"Скользящее среднее за четыре недели";"Неделя";"2";"%";"0"
"2020-08-17";-0.03;"A";"Данные ЦМИ";"ИПЦ";"Скользящее среднее за четыре недели";"Неделя";"2";"%";"0"
"2020-08-24";-0.04;"A";"Данные ЦМИ";"ИПЦ";"Скользящее среднее за четыре недели";"Неделя";"2";"%";"0"
"2020-08-31";-0.04;"A";"Данные ЦМИ";"ИПЦ";"Скользящее среднее за четыре недели";"Неделя";"2";"%";"0"
"2020-09-07";-0.02;"A";"Данные ЦМИ";"ИПЦ";"Скользящее среднее за четыре недели";"Неделя";"2";"%";"0"
"2020-09-14";-0.03;"A";"Данные ЦМИ";"ИПЦ";"Скользящее среднее за четыре недели";"Неделя";"2";"%";"0"
"2020-09-21";-0.02;"A";"Данные ЦМИ";"ИПЦ";"Скользящее среднее за четыре недели";"Неделя";"2";"%";"0"
"2020-09-28";-0.01;"A";"Данные ЦМИ";"ИПЦ";"Скользящее среднее за четыре недели";"Неделя";"2";"%";"0"
"2020-10-05";0.02;"A";"Данные ЦМИ";"ИПЦ";"Скользящее среднее за четыре недели";"Неделя";"2";"%";"0"
"2020-10-12";0.05;"A";"Данные ЦМИ";"ИПЦ";"Скользящее среднее за четыре недели";"Неделя";"2";"%";"0"
"2020-10-19";0.08;"A";"Данные ЦМИ";"ИПЦ";"Скользящее среднее за четыре недели";"Неделя";"2";"%";"0"
"2020-10-26";0.11;"A";"Данные ЦМИ";"ИПЦ";"Скользящее среднее за четыре недели";"Неделя";"2";"%";"0"
"2020-11-02";0.11;"A";"Данные ЦМИ";"ИПЦ";"Скользящее среднее за четыре недели";"Неделя";"2";"%";"0"
"2020-11-09";0.13;"A";"Данные ЦМИ";"ИПЦ";"Скользящее среднее за четыре недели";"Неделя";"2";"%";"0"
"2020-11-16";0.14;"A";"Данные ЦМИ";"ИПЦ";"Скользящее среднее за четыре недели";"Неделя";"2";"%";"0"
"2020-11-23";0.17;"A";"Данные ЦМИ";"ИПЦ";"Скользящее среднее за четыре недели";"Неделя";"2";"%";"0"
"2020-11-30";0.18;"A";"Данные ЦМИ";"ИПЦ";"Скользящее среднее за четыре недели";"Неделя";"2";"%";"0"
"2020-12-07";0.19;"A";"Данные ЦМИ";"ИПЦ";"Скользящее среднее за четыре недели";"Неделя";"2";"%";"0"
"2020-12-14";0.2;"A";"Данные ЦМИ";"ИПЦ";"Скользящее среднее за четыре недели";"Неделя";"2";"%";"0"
"2020-12-21";0.2;"A";"Данные ЦМИ";"ИПЦ";"Скользящее среднее за четыре недели";"Неделя";"2";"%";"0"
"2020-12-28";0.21;"A";"Данные ЦМИ";"ИПЦ";"Скользящее среднее за четыре недели";"Неделя";"2";"%";"0"
"2021-01-11";0.26;"A";"Данные ЦМИ";"ИПЦ";"Скользящее среднее за четыре недели";"Неделя";"2";"%";"0"
"2021-01-18";0.25;"A";"Данные ЦМИ";"ИПЦ";"Скользящее среднее за четыре недели";"Неделя";"2";"%";"0"
"2021-01-25";0.25;"A";"Данные ЦМИ";"ИПЦ";"Скользящее среднее за четыре недели";"Неделя";"2";"%";"0"
"2021-02-01";0.19;"A";"Данные ЦМИ";"ИПЦ";"Скользящее среднее за четыре недели";"Неделя";"2";"%";"0"
"2021-02-08";0.14;"A";"Данные ЦМИ";"ИПЦ";"Скользящее среднее за четыре недели";"Неделя";"2";"%";"0"
"2021-02-15";0.14;"A";"Данные ЦМИ";"ИПЦ";"Скользящее среднее за четыре недели";"Неделя";"2";"%";"0"
"2021-02-22";0.13;"A";"Данные ЦМИ";"ИПЦ";"Скользящее среднее за четыре недели";"Неделя";"2";"%";"0"
"2021-03-01";0.16;"A";"Данные ЦМИ";"ИПЦ";"Скользящее среднее за четыре недели";"Неделя";"2";"%";"0"
"2021-03-08";0.17;"A";"Данные ЦМИ";"ИПЦ";"Скользящее среднее за четыре недели";"Неделя";"2";"%";"0"
"2021-03-15";0.15;"A";"Данные ЦМИ";"ИПЦ";"Скользящее среднее за четыре недели";"Неделя";"2";"%";"0"
"2021-03-22";0.16;"A";"Данные ЦМИ";"ИПЦ";"Скользящее среднее за четыре недели";"Неделя";"2";"%";"0"
"2021-03-29";0.17;"A";"Данные ЦМИ";"ИПЦ";"Скользящее среднее за четыре недели";"Неделя";"2";"%";"0"
"2021-04-05";0.15;"A";"Данные ЦМИ";"ИПЦ";"Скользящее среднее за четыре недели";"Неделя";"2";"%";"0"
"2021-04-12";0.15;"A";"Данные ЦМИ";"ИПЦ";"Скользящее среднее за четыре недели";"Неделя";"2";"%";"0"
"2021-04-19";0.15;"A";"Данные ЦМИ";"ИПЦ";"Скользящее среднее за четыре недели";"Неделя";"2";"%";"0"
"2021-04-26";0.15;"A";"Данные ЦМИ";"ИПЦ";"Скользящее среднее за четыре недели";"Неделя";"2";"%";"0"
"2021-05-03";0.16;"A";"Данные ЦМИ";"ИПЦ";"Скользящее среднее за четыре недели";"Неделя";"2";"%";"0"
"2021-05-10";0.17;"A";"Данные ЦМИ";"ИПЦ";"Скользящее среднее за четыре недели";"Неделя";"2";"%";"0"
"2021-05-17";0.15;"A";"Данные ЦМИ";"ИПЦ";"Скользящее среднее за четыре недели";"Неделя";"2";"%";"0"
"2021-05-24";0.15;"A";"Данные ЦМИ";"ИПЦ";"Скользящее среднее за четыре недели";"Неделя";"2";"%";"0"
"2021-05-31";0.12;"A";"Данные ЦМИ";"ИПЦ";"Скользящее среднее за четыре недели";"Неделя";"2";"%";"0"
"2021-06-07";0.13;"A";"Данные ЦМИ";"ИПЦ";"Скользящее среднее за четыре недели";"Неделя";"2";"%";"0"
"2021-06-14";0.14;"A";"Данные ЦМИ";"ИПЦ";"Скользящее среднее за четыре недели";"Неделя";"2";"%";"0"
"2021-06-21";0.13;"A";"Данные ЦМИ";"ИПЦ";"Скользящее среднее за четыре недели";"Неделя";"2";"%";"0"
"2021-06-28";0.16;"A";"Данные ЦМИ";"ИПЦ";"Скользящее среднее за четыре недели";"Неделя";"2";"%";"0"
"2021-07-05";0.23;"A";"Данные ЦМИ";"ИПЦ";"Скользящее среднее за четыре недели";"Неделя";"2";"%";"0"
"2021-07-12";0.22;"A";"Данные ЦМИ";"ИПЦ";"Скользящее среднее за четыре недели";"Неделя";"2";"%";"0"
"2021-07-19";0.18;"A";"Данные ЦМИ";"ИПЦ";"Скользящее среднее за четыре недели";"Неделя";"2";"%";"0"
"2021-07-26";0.13;"A";"Данные ЦМИ";"ИПЦ";"Скользящее среднее за четыре недели";"Неделя";"2";"%";"0"
"2021-08-02";0;"A";"Данные ЦМИ";"ИПЦ";"Скользящее среднее за четыре недели";"Неделя";"2";"%";"0"
"2021-08-09";-0.02;"A";"Данные ЦМИ";"ИПЦ";"Скользящее среднее за четыре недели";"Неделя";"2";"%";"0"
"2021-08-16";-0.02;"A";"Данные ЦМИ";"ИПЦ";"Скользящее среднее за четыре недели";"Неделя";"2";"%";"0"
"2021-08-23";0.01;"A";"Данные ЦМИ";"ИПЦ";"Скользящее среднее за четыре недели";"Неделя";"2";"%";"0"
"2021-08-30";0.04;"A";"Данные ЦМИ";"ИПЦ";"Скользящее среднее за четыре недели";"Неделя";"2";"%";"0"
"2021-09-06";0.06;"A";"Данные ЦМИ";"ИПЦ";"Скользящее среднее за четыре недели";"Неделя";"2";"%";"0"
"2021-09-13";0.07;"A";"Данные ЦМИ";"ИПЦ";"Скользящее среднее за четыре недели";"Неделя";"2";"%";"0"
"2021-09-20";0.07;"A";"Данные ЦМИ";"ИПЦ";"Скользящее среднее за четыре недели";"Неделя";"2";"%";"0"
"2021-09-27";0.12;"A";"Данные ЦМИ";"ИПЦ";"Скользящее среднее за четыре недели";"Неделя";"2";"%";"0"
"2021-10-04";0.17;"A";"Данные ЦМИ";"ИПЦ";"Скользящее среднее за четыре недели";"Неделя";"2";"%";"0"
"2021-10-11";0.22;"A";"Данные ЦМИ";"ИПЦ";"Скользящее среднее за четыре недели";"Неделя";"2";"%";"0"
"2021-10-18";0.26;"A";"Данные ЦМИ";"ИПЦ";"Скользящее среднее за четыре недели";"Неделя";"2";"%";"0"
"2021-10-25";0.26;"A";"Данные ЦМИ";"ИПЦ";"Скользящее среднее за четыре недели";"Неделя";"2";"%";"0"
"2021-11-01";0.24;"A";"Данные ЦМИ";"ИПЦ";"Скользящее среднее за четыре недели";"Неделя";"2";"%";"0"
"2021-11-08";0.21;"A";"Данные ЦМИ";"ИПЦ";"Скользящее среднее за четыре недели";"Неделя";"2";"%";"0"
"2021-11-15";0.19;"A";"Данные ЦМИ";"ИПЦ";"Скользящее среднее за четыре недели";"Неделя";"2";"%";"0"
"2021-11-22";0.17;"A";"Данные ЦМИ";"ИПЦ";"Скользящее среднее за четыре недели";"Неделя";"2";"%";"0"
"2021-11-29";0.23;"A";"Данные ЦМИ";"ИПЦ";"Скользящее среднее за четыре недели";"Неделя";"2";"%";"0"
"2021-12-06";0.23;"A";"Данные ЦМИ";"ИПЦ";"Скользящее среднее за четыре недели";"Неделя";"2";"%";"0"
"2021-12-13";0.2;"A";"Данные ЦМИ";"ИПЦ";"Скользящее среднее за четыре недели";"Неделя";"2";"%";"0"
"2021-12-20";0.23;"A";"Данные ЦМИ";"ИПЦ";"Скользящее среднее за четыре недели";"Неделя";"2";"%";"0"
"2021-12-27";0.18;"A";"Данные ЦМИ";"ИПЦ";"Скользящее среднее за четыре недели";"Неделя";"2";"%";"0"
"2022-01-10";0.3;"A";"Данные ЦМИ";"ИПЦ";"Скользящее среднее за четыре недели";"Неделя";"2";"%";"0"
"2022-01-14";0.31;"A";"Данные ЦМИ";"ИПЦ";"Скользящее среднее за четыре недели";"Неделя";"2";"%";"0"
"2022-01-21";0.29;"A";"Данные ЦМИ";"ИПЦ";"Скользящее среднее за четыре недели";"Неделя";"2";"%";"0"
"2022-01-28";0.27;"A";"Данные ЦМИ";"ИПЦ";"Скользящее среднее за четыре недели";"Неделя";"2";"%";"0"
"2022-02-04";0.2;"A";"Данные ЦМИ";"ИПЦ";"Скользящее среднее за четыре недели";"Неделя";"2";"%";"0"
"2022-02-11";0.21;"A";"Данные ЦМИ";"ИПЦ";"Скользящее среднее за четыре недели";"Неделя";"2";"%";"0"
"2022-02-18";0.21;"A";"Данные ЦМИ";"ИПЦ";"Скользящее среднее за четыре недели";"Неделя";"2";"%";"0"
"2022-02-25";0.28;"A";"Данные ЦМИ";"ИПЦ";"Скользящее среднее за четыре недели";"Неделя";"2";"%";"0"
"2022-03-04";0.76;"A";"Данные ЦМИ";"ИПЦ";"Скользящее среднее за четыре недели";"Неделя";"2";"%";"0"
"2022-03-11";1.25;"A";"Данные ЦМИ";"ИПЦ";"Скользящее среднее за четыре недели";"Неделя";"2";"%";"0"
"2022-03-18";1.67;"A";"Данные ЦМИ";"ИПЦ";"Скользящее среднее за четыре недели";"Неделя";"2";"%";"0"
"2022-03-25";1.85;"A";"Данные ЦМИ";"ИПЦ";"Скользящее среднее за четыре недели";"Неделя";"2";"%";"0"
"2022-04-01";1.54;"A";"Данные ЦМИ";"ИПЦ";"Скользящее среднее за четыре недели";"Неделя";"2";"%";"0"
"2022-04-08";1.19;"A";"Данные ЦМИ";"ИПЦ";"Скользящее среднее за четыре недели";"Неделя";"2";"%";"0"
"2022-04-15";0.75;"A";"Данные ЦМИ";"ИПЦ";"Скользящее среднее за четыре недели";"Неделя";"2";"%";"0"
"2022-04-22";0.52;"A";"Данные ЦМИ";"ИПЦ";"Скользящее среднее за четыре недели";"Неделя";"2";"%";"0"
"2022-04-29";0.33;"A";"Данные ЦМИ";"ИПЦ";"Скользящее среднее за четыре недели";"Неделя";"2";"%";"0"
"2022-05-06";0.2;"A";"Данные ЦМИ";"ИПЦ";"Скользящее среднее за четыре недели";"Неделя";"2";"%";"0"
"2022-05-13";0.16;"A";"Данные ЦМИ";"ИПЦ";"Скользящее среднее за четыре недели";"Неделя";"2";"%";"0"
"2022-05-20";0.09;"A";"Данные ЦМИ";"ИПЦ";"Скользящее среднее за четыре недели";"Неделя";"2";"%";"0"
"2022-05-27";0.04;"A";"Данные ЦМИ";"ИПЦ";"Скользящее среднее за четыре недели";"Неделя";"2";"%";"0"
"2022-06-03";0;"A";"Данные ЦМИ";"ИПЦ";"Скользящее среднее за четыре недели";"Неделя";"2";"%";"0"
"2022-06-10";-0.04;"A";"Данные ЦМИ";"ИПЦ";"Скользящее среднее за четыре недели";"Неделя";"2";"%";"0"
"2022-06-17";-0.07;"A";"Данные ЦМИ";"ИПЦ";"Скользящее среднее за четыре недели";"Неделя";"2";"%";"0"
"2022-06-24";-0.07;"A";"Данные ЦМИ";"ИПЦ";"Скользящее среднее за четыре недели";"Неделя";"2";"%";"0"
"2022-07-01";-0.01;"A";"Данные ЦМИ";"ИПЦ";"Скользящее среднее за четыре недели";"Неделя";"2";"%";"0"
"2022-07-08";0.02;"A";"Данные ЦМИ";"ИПЦ";"Скользящее среднее за четыре недели";"Неделя";"2";"%";"0"
"2022-07-15";0.01;"A";"Данные ЦМИ";"ИПЦ";"Скользящее среднее за четыре недели";"Неделя";"2";"%";"0"
"2022-07-22";-0.01;"A";"Данные ЦМИ";"ИПЦ";"Скользящее среднее за четыре недели";"Неделя";"2";"%";"0"
"2022-08-01";-0.11;"A";"Данные ЦМИ";"ИПЦ";"Скользящее среднее за четыре недели";"Неделя";"2";"%";"0"
"2022-08-08";-0.12;"A";"Данные ЦМИ";"ИПЦ";"Скользящее среднее за четыре недели";"Неделя";"2";"%";"0"
"2022-08-15";-0.11;"A";"Данные ЦМИ";"ИПЦ";"Скользящее среднее за четыре недели";"Неделя";"2";"%";"0"
"2022-08-22";-0.13;"A";"Данные ЦМИ";"ИПЦ";"Скользящее среднее за четыре недели";"Неделя";"2";"%";"0"
"2022-08-29";-0.13;"A";"Данные ЦМИ";"ИПЦ";"Скользящее среднее за четыре недели";"Неделя";"2";"%";"0"
"2022-09-05";-0.14;"A";"Данные ЦМИ";"ИПЦ";"Скользящее среднее за четыре недели";"Неделя";"2";"%";"0"
"2022-09-12";-0.12;"A";"Данные ЦМИ";"ИПЦ";"Скользящее среднее за четыре недели";"Неделя";"2";"%";"0"
"2022-09-19";-0.09;"A";"Данные ЦМИ";"ИПЦ";"Скользящее среднее за четыре недели";"Неделя";"2";"%";"0"
"2022-09-26";-0.03;"A";"Данные ЦМИ";"ИПЦ";"Скользящее среднее за четыре недели";"Неделя";"2";"%";"0"
"2022-10-03";0.02;"A";"Данные ЦМИ";"ИПЦ";"Скользящее среднее за четыре недели";"Неделя";"2";"%";"0"
"2022-10-10";0.04;"A";"Данные ЦМИ";"ИПЦ";"Скользящее среднее за четыре недели";"Неделя";"2";"%";"0"
"2022-10-17";0.05;"A";"Данные ЦМИ";"ИПЦ";"Скользящее среднее за четыре недели";"Неделя";"2";"%";"0"
"2022-10-24";0.05;"A";"Данные ЦМИ";"ИПЦ";"Скользящее среднее за четыре недели";"Неделя";"2";"%";"0"
"2022-10-31";0.05;"A";"Данные ЦМИ";"ИПЦ";"Скользящее среднее за четыре недели";"Неделя";"2";"%";"0"
"2022-11-07";0.04;"A";"Данные ЦМИ";"ИПЦ";"Скользящее среднее за четыре недели";"Неделя";"2";"%";"0"
"2022-11-14";0.05;"A";"Данные ЦМИ";"ИПЦ";"Скользящее среднее за четыре недели";"Неделя";"2";"%";"0"
"2022-11-21";0.06;"A";"Данные ЦМИ";"ИПЦ";"Скользящее среднее за четыре недели";"Неделя";"2";"%";"0"
"2022-11-28";0.09;"A";"Данные ЦМИ";"ИПЦ";"Скользящее среднее за четыре недели";"Неделя";"2";"%";"0"
"2022-12-05";0.23;"A";"Данные ЦМИ";"ИПЦ";"Скользящее среднее за четыре недели";"Неделя";"2";"%";"0"
"2022-12-12";0.27;"A";"Данные ЦМИ";"ИПЦ";"Скользящее среднее за четыре недели";"Неделя";"2";"%";"0"
"2022-12-19";0.24;"A";"Данные ЦМИ";"ИПЦ";"Скользящее среднее за четыре недели";"Неделя";"2";"%";"0"
"2022-12-26";0.23;"A";"Данные ЦМИ";"ИПЦ";"Скользящее среднее за четыре недели";"Неделя";"2";"%";"0"
"2023-01-09";0.14;"A";"Данные ЦМИ";"ИПЦ";"Скользящее среднее за четыре недели";"Неделя";"2";"%";"0"
"2023-01-16";0.13;"A";"Данные ЦМИ";"ИПЦ";"Скользящее среднее за четыре недели";"Неделя";"2";"%";"0"
"2023-01-23";0.16;"A";"Данные ЦМИ";"ИПЦ";"Скользящее среднее за четыре недели";"Неделя";"2";"%";"0"
"2023-01-30";0.18;"A";"Данные ЦМИ";"ИПЦ";"Скользящее среднее за четыре недели";"Неделя";"2";"%";"0"
"2023-02-06";0.19;"A";"Данные ЦМИ";"ИПЦ";"Скользящее среднее за четыре недели";"Неделя";"2";"%";"0"
"2023-02-13";0.2;"A";"Данные ЦМИ";"ИПЦ";"Скользящее среднее за четыре недели";"Неделя";"2";"%";"0"
"2023-02-20";0.18;"A";"Данные ЦМИ";"ИПЦ";"Скользящее среднее за четыре недели";"Неделя";"2";"%";"0"
"2023-02-27";0.12;"A";"Данные ЦМИ";"ИПЦ";"Скользящее среднее за четыре недели";"Неделя";"2";"%";"0"
"2023-03-06";0.06;"A";"Данные ЦМИ";"ИПЦ";"Скользящее среднее за четыре недели";"Неделя";"2";"%";"0"
"2023-03-13";0.02;"A";"Данные ЦМИ";"ИПЦ";"Скользящее среднее за четыре недели";"Неделя";"2";"%";"0"
"2023-03-20";0.02;"A";"Данные ЦМИ";"ИПЦ";"Скользящее среднее за четыре недели";"Неделя";"2";"%";"0"
"2023-03-27";0.04;"A";"Данные ЦМИ";"ИПЦ";"Скользящее среднее за четыре недели";"Неделя";"2";"%";"0"
"2023-04-03";0.07;"A";"Данные ЦМИ";"ИПЦ";"Скользящее среднее за четыре недели";"Неделя";"2";"%";"0"
"2023-04-10";0.1;"A";"Данные ЦМИ";"ИПЦ";"Скользящее среднее за четыре недели";"Неделя";"2";"%";"0"
"2023-04-17";0.08;"A";"Данные ЦМИ";"ИПЦ";"Скользящее среднее за четыре недели";"Неделя";"2";"%";"0"
"2023-04-24";0.09;"A";"Данные ЦМИ";"ИПЦ";"Скользящее среднее за четыре недели";"Неделя";"2";"%";"0"
"2023-05-02";0.11;"A";"Данные ЦМИ";"ИПЦ";"Скользящее среднее за четыре недели";"Неделя";"2";"%";"0"
"2023-05-10";0.08;"A";"Данные ЦМИ";"ИПЦ";"Скользящее среднее за четыре недели";"Неделя";"2";"%";"0"
"2023-05-15";0.08;"A";"Данные ЦМИ";"ИПЦ";"Скользящее среднее за четыре недели";"Неделя";"2";"%";"0"
"2023-05-22";0.07;"A";"Данные ЦМИ";"ИПЦ";"Скользящее среднее за четыре недели";"Неделя";"2";"%";"0"
"2023-05-29";0.04;"A";"Данные ЦМИ";"ИПЦ";"Скользящее среднее за четыре недели";"Неделя";"2";"%";"0"
"2023-06-05";0.09;"A";"Данные ЦМИ";"ИПЦ";"Скользящее среднее за четыре недели";"Неделя";"2";"%";"0"
"2023-06-13";0.09;"A";"Данные ЦМИ";"ИПЦ";"Скользящее среднее за четыре недели";"Неделя";"2";"%";"0"
"2023-06-19";0.09;"A";"Данные ЦМИ";"ИПЦ";"Скользящее среднее за четыре недели";"Неделя";"2";"%";"0"
"2023-06-26";0.11;"A";"Данные ЦМИ";"ИПЦ";"Скользящее среднее за четыре недели";"Неделя";"2";"%";"0"
"2023-07-03";0.09;"A";"Данные ЦМИ";"ИПЦ";"Скользящее среднее за четыре недели";"Неделя";"2";"%";"0"
"2023-07-10";0.11;"A";"Данные ЦМИ";"ИПЦ";"Скользящее среднее за четыре недели";"Неделя";"2";"%";"0"
"2023-07-17";0.15;"A";"Данные ЦМИ";"ИПЦ";"Скользящее среднее за четыре недели";"Неделя";"2";"%";"0"
"2023-07-24";0.17;"A";"Данные ЦМИ";"ИПЦ";"Скользящее среднее за четыре недели";"Неделя";"2";"%";"0"
"2023-07-31";0.17;"A";"Данные ЦМИ";"ИПЦ";"Скользящее среднее за четыре недели";"Неделя";"2";"%";"0"
"2023-08-07";0.14;"A";"Данные ЦМИ";"ИПЦ";"Скользящее среднее за четыре недели";"Неделя";"2";"%";"0"
"2023-08-14";0.12;"A";"Данные ЦМИ";"ИПЦ";"Скользящее среднее за четыре недели";"Неделя";"2";"%";"0"
"2023-08-21";0.08;"A";"Данные ЦМИ";"ИПЦ";"Скользящее среднее за четыре недели";"Неделя";"2";"%";"0"
"2023-08-28";0.06;"A";"Данные ЦМИ";"ИПЦ";"Скользящее среднее за четыре недели";"Неделя";"2";"%";"0"
"2023-09-04";0.08;"A";"Данные ЦМИ";"ИПЦ";"Скользящее среднее за четыре недели";"Неделя";"2";"%";"0"
"2023-09-11";0.09;"A";"Данные ЦМИ";"ИПЦ";"Скользящее среднее за четыре недели";"Неделя";"2";"%";"0"
"2023-09-18";0.1;"A";"Данные ЦМИ";"ИПЦ";"Скользящее среднее за четыре недели";"Неделя";"2";"%";"0"
"2023-09-25";0.16;"A";"Данные ЦМИ";"ИПЦ";"Скользящее среднее за четыре недели";"Неделя";"2";"%";"0"
"2023-10-02";0.19;"A";"Данные ЦМИ";"ИПЦ";"Скользящее среднее за четыре недели";"Неделя";"2";"%";"0"
"2023-10-09";0.21;"A";"Данные ЦМИ";"ИПЦ";"Скользящее среднее за четыре недели";"Неделя";"2";"%";"0"
"2023-10-16";0.22;"A";"Данные ЦМИ";"ИПЦ";"Скользящее среднее за четыре недели";"Неделя";"2";"%";"0"
"2023-10-23";0.21;"A";"Данные ЦМИ";"ИПЦ";"Скользящее среднее за четыре недели";"Неделя";"2";"%";"0"
"2023-10-30";0.19;"A";"Данные ЦМИ";"ИПЦ";"Скользящее среднее за четыре недели";"Неделя";"2";"%";"0"
"2023-11-07";0.24;"A";"Данные ЦМИ";"ИПЦ";"Скользящее среднее за четыре недели";"Неделя";"2";"%";"0"
"2023-11-13";0.26;"A";"Данные ЦМИ";"ИПЦ";"Скользящее среднее за четыре недели";"Неделя";"2";"%";"0"
"2023-11-20";0.25;"A";"Данные ЦМИ";"ИПЦ";"Скользящее среднее за четыре недели";"Неделя";"2";"%";"0"
"2023-11-27";0.3;"A";"Данные ЦМИ";"ИПЦ";"Скользящее среднее за четыре недели";"Неделя";"2";"%";"0"
"2023-12-04";0.22;"A";"Данные ЦМИ";"ИПЦ";"Скользящее среднее за четыре недели";"Неделя";"2";"%";"0"
"2023-12-11";0.21;"A";"Данные ЦМИ";"ИПЦ";"Скользящее среднее за четыре недели";"Неделя";"2";"%";"0"
"2023-12-18";0.21;"A";"Данные ЦМИ";"ИПЦ";"Скользящее среднее за четыре недели";"Неделя";"2";"%";"0"
"2023-12-25";0.2;"A";"Данные ЦМИ";"ИПЦ";"Скользящее среднее за четыре недели";"Неделя";"2";"%";"0"
"2024-01-09";0.23;"A";"Данные ЦМИ";"ИПЦ";"Скользящее среднее за четыре недели";"Неделя";"2";"%";"0"
"2024-01-15";0.21;"A";"Данные ЦМИ";"ИПЦ";"Скользящее среднее за четыре недели";"Неделя";"2";"%";"0"
"2024-01-22";0.18;"A";"Данные ЦМИ";"ИПЦ";"Скользящее среднее за четыре недели";"Неделя";"2";"%";"0"
"2024-01-29";0.15;"A";"Данные ЦМИ";"ИПЦ";"Скользящее среднее за четыре недели";"Неделя";"2";"%";"0"
"2024-02-05";0.13;"A";"Данные ЦМИ";"ИПЦ";"Скользящее среднее за четыре недели";"Неделя";"2";"%";"0"
"2024-02-12";0.15;"A";"Данные ЦМИ";"ИПЦ";"Скользящее среднее за четыре недели";"Неделя";"2";"%";"0"
"2024-02-19";0.16;"A";"Данные ЦМИ";"ИПЦ";"Скользящее среднее за четыре недели";"Неделя";"2";"%";"0"
"2024-02-26";0.15;"A";"Данные ЦМИ";"ИПЦ";"Скользящее среднее за четыре недели";"Неделя";"2";"%";"0"
"2024-03-04";0.13;"A";"Данные ЦМИ";"ИПЦ";"Скользящее среднее за четыре недели";"Неделя";"2";"%";"0"
"2024-03-11";0.08;"A";"Данные ЦМИ";"ИПЦ";"Скользящее среднее за четыре недели";"Неделя";"2";"%";"0"
"2024-03-18";0.07;"A";"Данные ЦМИ";"ИПЦ";"Скользящее среднее за четыре недели";"Неделя";"2";"%";"0"
"2024-03-25";0.07;"A";"Данные ЦМИ";"ИПЦ";"Скользящее среднее за четыре недели";"Неделя";"2";"%";"0"
"2024-04-01";0.07;"A";"Данные ЦМИ";"ИПЦ";"Скользящее среднее за четыре недели";"Неделя";"2";"%";"0"
"2024-04-08";0.11;"A";"Данные ЦМИ";"ИПЦ";"Скользящее среднее за четыре недели";"Неделя";"2";"%";"0"
"2024-04-15";0.12;"A";"Данные ЦМИ";"ИПЦ";"Скользящее среднее за четыре недели";"Неделя";"2";"%";"0"
"2024-04-22";0.11;"A";"Данные ЦМИ";"ИПЦ";"Скользящее среднее за четыре недели";"Неделя";"2";"%";"0"
"2024-05-02";0.11;"A";"Данные ЦМИ";"ИПЦ";"Скользящее среднее за четыре недели";"Неделя";"2";"%";"0"
"2024-05-06";0.09;"A";"Данные ЦМИ";"ИПЦ";"Скользящее среднее за четыре недели";"Неделя";"2";"%";"0"
"2024-05-13";0.1;"A";"Данные ЦМИ";"ИПЦ";"Скользящее среднее за четыре недели";"Неделя";"2";"%";"0"
"2024-05-20";0.11;"A";"Данные ЦМИ";"ИПЦ";"Скользящее среднее за четыре недели";"Неделя";"2";"%";"0"
"2024-05-27";0.12;"A";"Данные ЦМИ";"ИПЦ";"Скользящее среднее за четыре недели";"Неделя";"2";"%";"0"
"2024-06-03";0.14;"A";"Данные ЦМИ";"ИПЦ";"Скользящее среднее за четыре недели";"Неделя";"2";"%";"0"
"2024-06-10";0.13;"A";"Данные ЦМИ";"ИПЦ";"Скользящее среднее за четыре недели";"Неделя";"2";"%";"0"
"2024-06-17";0.14;"A";"Данные ЦМИ";"ИПЦ";"Скользящее среднее за четыре недели";"Неделя";"2";"%";"0"
"2024-06-24";0.17;"A";"Данные ЦМИ";"ИПЦ";"Скользящее среднее за четыре недели";"Неделя";"2";"%";"0"
"2024-07-01";0.29;"A";"Данные ЦМИ";"ИПЦ";"Скользящее среднее за четыре недели";"Неделя";"2";"%";"0"
"2024-07-08";0.33;"A";"Данные ЦМИ";"ИПЦ";"Скользящее среднее за четыре недели";"Неделя";"2";"%";"0"
"2024-07-15";0.31;"A";"Данные ЦМИ";"ИПЦ";"Скользящее среднее за четыре недели";"Неделя";"2";"%";"0"
"2024-07-22";0.29;"A";"Данные ЦМИ";"ИПЦ";"Скользящее среднее за четыре недели";"Неделя";"2";"%";"0"
"2024-07-29";0.14;"A";"Данные ЦМИ";"ИПЦ";"Скользящее среднее за четыре недели";"Неделя";"2";"%";"0"
"2024-08-05";0.07;"A";"Данные ЦМИ";"ИПЦ";"Скользящее среднее за четыре недели";"Неделя";"2";"%";"0"
"2024-08-12";0.06;"A";"Данные ЦМИ";"ИПЦ";"Скользящее среднее за четыре недели";"Неделя";"2";"%";"0"
"2024-08-19";0.04;"A";"Данные ЦМИ";"ИПЦ";"Скользящее среднее за четыре недели";"Неделя";"2";"%";"0"
"2024-08-26";0.03;"A";"Данные ЦМИ";"ИПЦ";"Скользящее среднее за четыре недели";"Неделя";"2";"%";"0"
"2024-09-02";0.03;"A";"Данные ЦМИ";"ИПЦ";"Скользящее среднее за четыре недели";"Неделя";"2";"%";"0"
"2024-09-09";0.04;"A";"Данные ЦМИ";"ИПЦ";"Скользящее среднее за четыре недели";"Неделя";"2";"%";"0"
"2024-09-16";0.05;"A";"Данные ЦМИ";"ИПЦ";"Скользящее среднее за четыре недели";"Неделя";"2";"%";"0"
"2024-09-23";0.06;"A";"Данные ЦМИ";"ИПЦ";"Скользящее среднее за четыре недели";"Неделя";"2";"%";"0"
"2024-09-30";0.11;"A";"Данные ЦМИ";"ИПЦ";"Скользящее среднее за четыре недели";"Неделя";"2";"%";"0"
"2024-10-07";0.12;"A";"Данные ЦМИ";"ИПЦ";"Скользящее среднее за четыре недели";"Неделя";"2";"%";"0"
"2024-10-14";0.13;"A";"Данные ЦМИ";"ИПЦ";"Скользящее среднее за четыре недели";"Неделя";"2";"%";"0"
"2024-10-21";0.16;"A";"Данные ЦМИ";"ИПЦ";"Скользящее среднее за четыре недели";"Неделя";"2";"%";"0"
"2024-10-28";0.18;"A";"Данные ЦМИ";"ИПЦ";"Скользящее среднее за четыре недели";"Неделя";"2";"%";"0"
"2024-11-05";0.2;"A";"Данные ЦМИ";"ИПЦ";"Скользящее среднее за четыре недели";"Неделя";"2";"%";"0"
"2024-11-11";0.24;"A";"Данные ЦМИ";"ИПЦ";"Скользящее среднее за четыре недели";"Неделя";"2";"%";"0"
"2024-11-18";0.28;"A";"Данные ЦМИ";"ИПЦ";"Скользящее среднее за четыре недели";"Неделя";"2";"%";"0"
"2024-11-25";0.3;"A";"Данные ЦМИ";"ИПЦ";"Скользящее среднее за четыре недели";"Неделя";"2";"%";"0"
"2024-12-02";0.38;"A";"Данные ЦМИ";"ИПЦ";"Скользящее среднее за четыре недели";"Неделя";"2";"%";"0"
"2024-12-09";0.43;"A";"Данные ЦМИ";"ИПЦ";"Скользящее среднее за четыре недели";"Неделя";"2";"%";"0"
"2024-12-16";0.42;"A";"Данные ЦМИ";"ИПЦ";"Скользящее среднее за четыре недели";"Неделя";"2";"%";"0"
"2024-12-23";0.41;"A";"Данные ЦМИ";"ИПЦ";"Скользящее среднее за четыре недели";"Неделя";"2";"%";"0"
"2025-01-09";0.43;"A";"Данные ЦМИ";"ИПЦ";"Скользящее среднее за четыре недели";"Неделя";"2";"%";"0"
"2025-01-13";0.34;"A";"Данные ЦМИ";"ИПЦ";"Скользящее среднее за четыре недели";"Неделя";"2";"%";"0"
"2025-01-20";0.31;"A";"Данные ЦМИ";"ИПЦ";"Скользящее среднее за четыре недели";"Неделя";"2";"%";"0"
"2025-01-27";0.29;"A";"Данные ЦМИ";"ИПЦ";"Скользящее среднее за четыре недели";"Неделя";"2";"%";"0"
"2025-02-03";0.19;"A";"Данные ЦМИ";"ИПЦ";"Скользящее среднее за четыре недели";"Неделя";"2";"%";"0"
"2025-02-10";0.22;"A";"Данные ЦМИ";"ИПЦ";"Скользящее среднее за четыре недели";"Неделя";"2";"%";"0"
"2025-02-17";0.2;"A";"Данные ЦМИ";"ИПЦ";"Скользящее среднее за четыре недели";"Неделя";"2";"%";"0"
"2025-02-24";0.2;"A";"Данные ЦМИ";"ИПЦ";"Скользящее среднее за четыре недели";"Неделя";"2";"%";"0"
"2025-03-03";0.2;"A";"Данные ЦМИ";"ИПЦ";"Скользящее среднее за четыре недели";"Неделя";"2";"%";"0"
"2025-03-10";0.17;"A";"Данные ЦМИ";"ИПЦ";"Скользящее среднее за четыре недели";"Неделя";"2";"%";"0"
"2025-03-17";0.14;"A";"Данные ЦМИ";"ИПЦ";"Скользящее среднее за четыре недели";"Неделя";"2";"%";"0"
"2025-03-24";0.11;"A";"Данные ЦМИ";"ИПЦ";"Скользящее среднее за четыре недели";"Неделя";"2";"%";"0"
"2025-03-31";0.12;"A";"Данные ЦМИ";"ИПЦ";"Скользящее среднее за четыре недели";"Неделя";"2";"%";"0"
"2025-04-07";0.14;"A";"Данные ЦМИ";"ИПЦ";"Скользящее среднее за четыре недели";"Неделя";"2";"%";"0"
"2025-04-14";0.15;"A";"Данные ЦМИ";"ИПЦ";"Скользящее среднее за четыре недели";"Неделя";"2";"%";"0"
"2025-04-21";0.14;"A";"Данные ЦМИ";"ИПЦ";"Скользящее среднее за четыре недели";"Неделя";"2";"%";"0"
"2025-04-28";0.12;"A";"Данные ЦМИ";"ИПЦ";"Скользящее среднее за четыре недели";"Неделя";"2";"%";"0"
"2025-05-05";0.09;"A";"Данные ЦМИ";"ИПЦ";"Скользящее среднее за четыре недели";"Неделя";"2";"%";"0"
"2025-05-12";0.07;"A";"Данные ЦМИ";"ИПЦ";"Скользящее среднее за четыре недели";"Неделя";"2";"%";"0"
"2025-05-19";0.07;"A";"Данные ЦМИ";"ИПЦ";"Скользящее среднее за четыре недели";"Неделя";"2";"%";"0"
"2025-05-26";0.05;"A";"Данные ЦМИ";"ИПЦ";"Скользящее среднее за четыре недели";"Неделя";"2";"%";"0"
"2025-06-02";0.06;"A";"Данные ЦМИ";"ИПЦ";"Скользящее среднее за четыре недели";"Неделя";"2";"%";"0"
"2025-06-09";0.05;"A";"Данные ЦМИ";"ИПЦ";"Скользящее среднее за четыре недели";"Неделя";"2";"%";"0"
"2025-06-16";0.05;"A";"Данные ЦМИ";"ИПЦ";"Скользящее среднее за четыре недели";"Неделя";"2";"%";"0"
"2025-06-23";0.04;"A";"Данные ЦМИ";"ИПЦ";"Скользящее среднее за четыре недели";"Неделя";"2";"%";"0"
"2025-06-30";0.05;"A";"Данные ЦМИ";"ИПЦ";"Скользящее среднее за четыре недели";"Неделя";"2";"%";"0"
"2025-07-07";0.24;"A";"Данные ЦМИ";"ИПЦ";"Скользящее среднее за четыре недели";"Неделя";"2";"%";"0"
"2025-07-14";0.23;"A";"Данные ЦМИ";"ИПЦ";"Скользящее среднее за четыре недели";"Неделя";"2";"%";"0"
"2025-07-21";0.21;"A";"Данные ЦМИ";"ИПЦ";"Скользящее среднее за четыре недели";"Неделя";"2";"%";"0"
"2025-07-28";0.18;"A";"Данные ЦМИ";"ИПЦ";"Скользящее среднее за четыре недели";"Неделя";"2";"%";"0"
"2025-08-04";-0.05;"A";"Данные ЦМИ";"ИПЦ";"Скользящее среднее за четыре недели";"Неделя";"2";"%";"0"
"2025-08-11";-0.08;"A";"Данные ЦМИ";"ИПЦ";"Скользящее среднее за четыре недели";"Неделя";"2";"%";"0"
"2025-08-18";-0.07;"A";"Данные ЦМИ";"ИПЦ";"Скользящее среднее за четыре недели";"Неделя";"2";"%";"0"
"2025-08-25";-0.06;"A";"Данные ЦМИ";"ИПЦ";"Скользящее среднее за четыре недели";"Неделя";"2";"%";"0"
"2025-09-01";-0.05;"A";"Данные ЦМИ";"ИПЦ";"Скользящее среднее за четыре недели";"Неделя";"2";"%";"0"
"2025-09-08";0;"A";"Данные ЦМИ";"ИПЦ";"Скользящее среднее за четыре недели";"Неделя";"2";"%";"0"
"2025-09-15";0.02;"A";"Данные ЦМИ";"ИПЦ";"Скользящее среднее за четыре недели";"Неделя";"2";"%";"0"
"2025-09-22";0.04;"A";"Данные ЦМИ";"ИПЦ";"Скользящее среднее за четыре недели";"Неделя";"2";"%";"0"
"2025-09-29";0.09;"A";"Данные ЦМИ";"ИПЦ";"Скользящее среднее за четыре недели";"Неделя";"2";"%";"0"
"2025-10-06";0.12;"A";"Данные ЦМИ";"ИПЦ";"Скользящее среднее за четыре недели";"Неделя";"2";"%";"0"
"2025-10-13";0.16;"A";"Данные ЦМИ";"ИПЦ";"Скользящее среднее за четыре недели";"Неделя";"2";"%";"0"
"2025-10-20";0.2;"A";"Данные ЦМИ";"ИПЦ";"Скользящее среднее за четыре недели";"Неделя";"2";"%";"0"
"2025-10-27";0.2;"A";"Данные ЦМИ";"ИПЦ";"Скользящее среднее за четыре недели";"Неделя";"2";"%";"0"
"2025-11-05";0.17;"A";"Данные ЦМИ";"ИПЦ";"Скользящее среднее за четыре недели";"Неделя";"2";"%";"0"
"2025-11-10";0.14;"A";"Данные ЦМИ";"ИПЦ";"Скользящее среднее за четыре недели";"Неделя";"2";"%";"0"
"2025-11-17";0.12;"A";"Данные ЦМИ";"ИПЦ";"Скользящее среднее за четыре недели";"Неделя";"2";"%";"0"
"2025-11-24";0.11;"A";"Данные ЦМИ";"ИПЦ";"Скользящее среднее за четыре недели";"Неделя";"2";"%";"0"
"2025-12-01";0.09;"A";"Данные ЦМИ";"ИПЦ";"Скользящее среднее за четыре недели";"Неделя";"2";"%";"0"
"2025-12-08";0.08;"A";"Данные ЦМИ";"ИПЦ";"Скользящее среднее за четыре недели";"Неделя";"2";"%";"0"
"2025-12-15";0.07;"A";"Данные ЦМИ";"ИПЦ";"Скользящее среднее за четыре недели";"Неделя";"2";"%";"0"
"2025-12-22";0.08;"A";"Данные ЦМИ";"ИПЦ";"Скользящее среднее за четыре недели";"Неделя";"2";"%";"0"
"2026-01-12";0.39;"A";"Данные ЦМИ";"ИПЦ";"Скользящее среднее за четыре недели";"Неделя";"2";"%";"0"
"2026-01-19";0.49;"A";"Данные ЦМИ";"ИПЦ";"Скользящее среднее за четыре недели";"Неделя";"2";"%";"0"
"2026-01-26";0.52;"A";"Данные ЦМИ";"ИПЦ";"Скользящее среднее за четыре недели";"Неделя";"2";"%";"0"
"2026-02-02";0.52;"A";"Данные ЦМИ";"ИПЦ";"Скользящее среднее за четыре недели";"Неделя";"2";"%";"0"
"2026-02-09";0.24;"A";"Данные ЦМИ";"ИПЦ";"Скользящее среднее за четыре недели";"Неделя";"2";"%";"0"
"2026-02-16";0.16;"A";"Данные ЦМИ";"ИПЦ";"Скользящее среднее за четыре недели";"Неделя";"2";"%";"0"
"2026-02-24";0.16;"A";"Данные ЦМИ";"ИПЦ";"Скользящее среднее за четыре недели";"Неделя";"2";"%";"0"
"2026-03-02";0.13;"A";"Данные ЦМИ";"ИПЦ";"Скользящее среднее за четыре недели";"Неделя";"2";"%";"0"
"2026-03-10";0.12;"A";"Данные ЦМИ";"ИПЦ";"Скользящее среднее за четыре недели";"Неделя";"2";"%";"0"
"2026-03-16";0.12;"A";"Данные ЦМИ";"ИПЦ";"Скользящее среднее за четыре недели";"Неделя";"2";"%";"0"
"2026-03-23";0.12;"A";"Данные ЦМИ";"ИПЦ";"Скользящее среднее за четыре недели";"Неделя";"2";"%";"0"
"2026-03-30";0.14;"A";"Данные ЦМИ";"ИПЦ";"Скользящее среднее за четыре недели";"Неделя";"2";"%";"0"
"2026-04-06";0.16;"A";"Данные ЦМИ";"ИПЦ";"Скользящее среднее за четыре недели";"Неделя";"2";"%";"0"
"2026-04-13";0.14;"A";"Данные ЦМИ";"ИПЦ";"Скользящее среднее за четыре недели";"Неделя";"2";"%";"0"
"2026-04-20";0.09;"A";"Данные ЦМИ";"ИПЦ";"Скользящее среднее за четыре недели";"Неделя";"2";"%";"0"
"2026-04-27";0.06;"A";"Данные ЦМИ";"ИПЦ";"Скользящее среднее за четыре недели";"Неделя";"2";"%";"0"
"2026-05-04";0.01;"A";"Данные ЦМИ";"ИПЦ";"Скользящее среднее за четыре недели";"Неделя";"2";"%";"0"
"2026-05-12";0.03;"A";"Данные ЦМИ";"ИПЦ";"Скользящее среднее за четыре недели";"Неделя";"2";"%";"0"
"2026-05-18";0.02;"A";"Данные ЦМИ";"ИПЦ";"Скользящее среднее за четыре недели";"Неделя";"2";"%";"0"
"2026-05-25";0.02;"A";"Данные ЦМИ";"ИПЦ";"Скользящее среднее за четыре недели";"Неделя";"2";"%";"0"
"2026-06-01";0.07;"A";"Данные ЦМИ";"ИПЦ";"Скользящее среднее за четыре недели";"Неделя";"2";"%";"0"
"2026-06-08";0.1;"A";"Данные ЦМИ";"ИПЦ";"Скользящее среднее за четыре недели";"Неделя";"2";"%";"0"
"2026-06-15";0.14;"A";"Данные ЦМИ";"ИПЦ";"Скользящее среднее за четыре недели";"Неделя";"2";"%";"0"
"2026-06-22";0.19;"A";"Данные ЦМИ";"ИПЦ";"Скользящее среднее за четыре недели";"Неделя";"2";"%";"0"
"2026-06-29";0.2;"A";"Данные ЦМИ";"ИПЦ";"Скользящее среднее за четыре недели";"Неделя";"2";"%";"0"
"2026-07-06";0.23;"A";"Данные ЦМИ";"ИПЦ";"Скользящее среднее за четыре недели";"Неделя";"2";"%";"0"
"2026-07-13";0.24;"A";"Данные ЦМИ";"ИПЦ";"Скользящее среднее за четыре недели";"Неделя";"2";"%";"0"
"2026-07-20";0.22;"A";"Данные ЦМИ";"ИПЦ";"Скользящее среднее за четыре недели";"Неделя";"2";"%";"0"
"2026-07-27";0.17;"A";"Данные ЦМИ";"ИПЦ";"Скользящее среднее за четыре недели";"Неделя";"2";"%";"0"
"2026-08-03";0.09;"A";"Данные ЦМИ";"ИПЦ";"Скользящее среднее за четыре недели";"Неделя";"2";"%";"0"
"2026-08-10";0.03;"A";"Данные ЦМИ";"ИПЦ";"Скользящее среднее за четыре недели";"Неделя";"2";"%";"0"
"2026-08-17";-0.02;"A";"Данные ЦМИ";"ИПЦ";"Скользящее среднее за четыре недели";"Неделя";"2";"%";"0"
"2026-08-24";-0.02;"A";"Данные ЦМИ";"ИПЦ";"Скользящее среднее за четыре недели";"Неделя";"2";"%";"0"
"2026-08-31";-0.02;"A";"Данные ЦМИ";"ИПЦ";"Скользящее среднее за четыре недели";"Неделя";"2";"%";"0"
"2026-09-07";0.01;"A";"Данные ЦМИ";"ИПЦ";"Скользящее среднее за четыре недели";"Неделя";"2";"%";"0"
"2026-09-14";0.02;"A";"Данные ЦМИ";"ИПЦ";"Скользящее среднее за четыре недели";"Неделя";"2";"%";"0"
"2026-09-21";0.03;"A";"Данные ЦМИ";"ИПЦ";"Скользящее среднее за четыре недели";"Неделя";"2";"%";"0"
"2026-09-28";0.06;"A";"Данные ЦМИ";"ИПЦ";"Скользящее среднее за четыре недели";"Неделя";"2";"%";"0"
"2022-01-10";0.38;"A";"Данные ЦМИ";"Медиана";"Темп прироста к предыдущей неделе";"Неделя";"2";"%";"0"
"2022-01-14";0.12;"A";"Данные ЦМИ";"Медиана";"Темп прироста к предыдущей неделе";"Неделя";"2";"%";"0"
"2022-01-21";0.28;"A";"Данные ЦМИ";"Медиана";"Темп прироста к предыдущей неделе";"Неделя";"2";"%";"0"
"2022-01-28";0.21;"A";"Данные ЦМИ";"Медиана";"Темп прироста к предыдущей неделе";"Неделя";"2";"%";"0"
"2022-02-04";0.31;"A";"Данные ЦМИ";"Медиана";"Темп прироста к предыдущей неделе";"Неделя";"2";"%";"0"
"2022-02-11";0.1;"A";"Данные ЦМИ";"Медиана";"Темп прироста к предыдущей неделе";"Неделя";"2";"%";"0"
"2022-02-18";0.22;"A";"Данные ЦМИ";"Медиана";"Темп прироста к предыдущей неделе";"Неделя";"2";"%";"0"
"2022-02-25";0.27;"A";"Данные ЦМИ";"Медиана";"Темп прироста к предыдущей неделе";"Неделя";"2";"%";"0"
"2022-03-04";0.75;"A";"Данные ЦМИ";"Медиана";"Темп прироста к предыдущей неделе";"Неделя";"2";"%";"0"
"2022-03-11";1.53;"A";"Данные ЦМИ";"Медиана";"Темп прироста к предыдущей неделе";"Неделя";"2";"%";"0"
"2022-03-18";1.83;"A";"Данные ЦМИ";"Медиана";"Темп прироста к предыдущей неделе";"Неделя";"2";"%";"0"
"2022-03-25";1.15;"A";"Данные ЦМИ";"Медиана";"Темп прироста к предыдущей неделе";"Неделя";"2";"%";"0"
"2022-04-01";0.88;"A";"Данные ЦМИ";"Медиана";"Темп прироста к предыдущей неделе";"Неделя";"2";"%";"0"
"2022-04-08";0.63;"A";"Данные ЦМИ";"Медиана";"Темп прироста к предыдущей неделе";"Неделя";"2";"%";"0"
"2022-04-15";0.46;"A";"Данные ЦМИ";"Медиана";"Темп прироста к предыдущей неделе";"Неделя";"2";"%";"0"
"2022-04-22";0.35;"A";"Данные ЦМИ";"Медиана";"Темп прироста к предыдущей неделе";"Неделя";"2";"%";"0"
"2022-04-29";0.3;"A";"Данные ЦМИ";"Медиана";"Темп прироста к предыдущей неделе";"Неделя";"2";"%";"0"
"2022-05-06";0.18;"A";"Данные ЦМИ";"Медиана";"Темп прироста к предыдущей неделе";"Неделя";"2";"%";"0"
"2022-05-13";0.12;"A";"Данные ЦМИ";"Медиана";"Темп прироста к предыдущей неделе";"Неделя";"2";"%";"0"
"2022-05-20";0.09;"A";"Данные ЦМИ";"Медиана";"Темп прироста к предыдущей неделе";"Неделя";"2";"%";"0"
"2022-05-27";0.14;"A";"Данные ЦМИ";"Медиана";"Темп прироста к предыдущей неделе";"Неделя";"2";"%";"0"
"2022-06-03";0.06;"A";"Данные ЦМИ";"Медиана";"Темп прироста к предыдущей неделе";"Неделя";"2";"%";"0"
"2022-06-10";0;"A";"Данные ЦМИ";"Медиана";"Темп прироста к предыдущей неделе";"Неделя";"2";"%";"0"
"2022-06-17";0;"A";"Данные ЦМИ";"Медиана";"Темп прироста к предыдущей неделе";"Неделя";"2";"%";"0"
"2022-06-24";0.05;"A";"Данные ЦМИ";"Медиана";"Темп прироста к предыдущей неделе";"Неделя";"2";"%";"0"
"2022-07-01";0.05;"A";"Данные ЦМИ";"Медиана";"Темп прироста к предыдущей неделе";"Неделя";"2";"%";"0"
"2022-07-08";0.05;"A";"Данные ЦМИ";"Медиана";"Темп прироста к предыдущей неделе";"Неделя";"2";"%";"0"
"2022-07-15";0;"A";"Данные ЦМИ";"Медиана";"Темп прироста к предыдущей неделе";"Неделя";"2";"%";"0"
"2022-07-22";0;"A";"Данные ЦМИ";"Медиана";"Темп прироста к предыдущей неделе";"Неделя";"2";"%";"0"
"2022-08-01";0;"A";"Данные ЦМИ";"Медиана";"Темп прироста к предыдущей неделе";"Неделя";"2";"%";"0"
"2022-08-08";0.02;"A";"Данные ЦМИ";"Медиана";"Темп прироста к предыдущей неделе";"Неделя";"2";"%";"0"
"2022-08-15";0;"A";"Данные ЦМИ";"Медиана";"Темп прироста к предыдущей неделе";"Неделя";"2";"%";"0"
"2022-08-22";0;"A";"Данные ЦМИ";"Медиана";"Темп прироста к предыдущей неделе";"Неделя";"2";"%";"0"
"2022-08-29";0.01;"A";"Данные ЦМИ";"Медиана";"Темп прироста к предыдущей неделе";"Неделя";"2";"%";"0"
"2022-09-05";0;"A";"Данные ЦМИ";"Медиана";"Темп прироста к предыдущей неделе";"Неделя";"2";"%";"0"
"2022-09-12";0;"A";"Данные ЦМИ";"Медиана";"Темп прироста к предыдущей неделе";"Неделя";"2";"%";"0"
"2022-09-19";0;"A";"Данные ЦМИ";"Медиана";"Темп прироста к предыдущей неделе";"Неделя";"2";"%";"0"
"2022-09-26";0.03;"A";"Данные ЦМИ";"Медиана";"Темп прироста к предыдущей неделе";"Неделя";"2";"%";"0"
"2022-10-03";0.02;"A";"Данные ЦМИ";"Медиана";"Темп прироста к предыдущей неделе";"Неделя";"2";"%";"0"
"2022-10-10";0;"A";"Данные ЦМИ";"Медиана";"Темп прироста к предыдущей неделе";"Неделя";"2";"%";"0"
"2022-10-17";0;"A";"Данные ЦМИ";"Медиана";"Темп прироста к предыдущей неделе";"Неделя";"2";"%";"0"
"2022-10-24";0;"A";"Данные ЦМИ";"Медиана";"Темп прироста к предыдущей неделе";"Неделя";"2";"%";"0"
"2022-10-31";0.01;"A";"Данные ЦМИ";"Медиана";"Темп прироста к предыдущей неделе";"Неделя";"2";"%";"0"
"2022-11-07";-0.02;"A";"Данные ЦМИ";"Медиана";"Темп прироста к предыдущей неделе";"Неделя";"2";"%";"0"
"2022-11-14";0;"A";"Данные ЦМИ";"Медиана";"Темп прироста к предыдущей неделе";"Неделя";"2";"%";"0"
"2022-11-21";0.03;"A";"Данные ЦМИ";"Медиана";"Темп прироста к предыдущей неделе";"Неделя";"2";"%";"0"
"2022-11-28";0.04;"A";"Данные ЦМИ";"Медиана";"Темп прироста к предыдущей неделе";"Неделя";"2";"%";"0"
"2022-12-05";0.04;"A";"Данные ЦМИ";"Медиана";"Темп прироста к предыдущей неделе";"Неделя";"2";"%";"0"
"2022-12-12";0.03;"A";"Данные ЦМИ";"Медиана";"Темп прироста к предыдущей неделе";"Неделя";"2";"%";"0"
"2022-12-19";0.05;"A";"Данные ЦМИ";"Медиана";"Темп прироста к предыдущей неделе";"Неделя";"2";"%";"0"
"2022-12-26";0.17;"A";"Данные ЦМИ";"Медиана";"Темп прироста к предыдущей неделе";"Неделя";"2";"%";"0"
"2023-01-09";0.16;"A";"Данные ЦМИ";"Медиана";"Темп прироста к предыдущей неделе";"Неделя";"2";"%";"0"
"2023-01-16";0.06;"A";"Данные ЦМИ";"Медиана";"Темп прироста к предыдущей неделе";"Неделя";"2";"%";"0"
"2023-01-23";0.03;"A";"Данные ЦМИ";"Медиана";"Темп прироста к предыдущей неделе";"Неделя";"2";"%";"0"
"2023-01-30";0.07;"A";"Данные ЦМИ";"Медиана";"Темп прироста к предыдущей неделе";"Неделя";"2";"%";"0"
"2023-02-06";0.13;"A";"Данные ЦМИ";"Медиана";"Темп прироста к предыдущей неделе";"Неделя";"2";"%";"0"
"2023-02-13";0.02;"A";"Данные ЦМИ";"Медиана";"Темп прироста к предыдущей неделе";"Неделя";"2";"%";"0"
"2023-02-20";0.03;"A";"Данные ЦМИ";"Медиана";"Темп прироста к предыдущей неделе";"Неделя";"2";"%";"0"
"2023-02-27";0;"A";"Данные ЦМИ";"Медиана";"Темп прироста к предыдущей неделе";"Неделя";"2";"%";"0"
"2023-03-06";0.08;"A";"Данные ЦМИ";"Медиана";"Темп прироста к предыдущей неделе";"Неделя";"2";"%";"0"
"2023-03-13";0.02;"A";"Данные ЦМИ";"Медиана";"Темп прироста к предыдущей неделе";"Неделя";"2";"%";"0"
"2023-03-20";0.04;"A";"Данные ЦМИ";"Медиана";"Темп прироста к предыдущей неделе";"Неделя";"2";"%";"0"
"2023-03-27";0.07;"A";"Данные ЦМИ";"Медиана";"Темп прироста к предыдущей неделе";"Неделя";"2";"%";"0"
"2023-04-03";0.03;"A";"Данные ЦМИ";"Медиана";"Темп прироста к предыдущей неделе";"Неделя";"2";"%";"0"
"2023-04-10";0.01;"A";"Данные ЦМИ";"Медиана";"Темп прироста к предыдущей неделе";"Неделя";"2";"%";"0"
"2023-04-17";0.02;"A";"Данные ЦМИ";"Медиана";"Темп прироста к предыдущей неделе";"Неделя";"2";"%";"0"
"2023-04-24";0.06;"A";"Данные ЦМИ";"Медиана";"Темп прироста к предыдущей неделе";"Неделя";"2";"%";"0"
"2023-05-02";0.09;"A";"Данные ЦМИ";"Медиана";"Темп прироста к предыдущей неделе";"Неделя";"2";"%";"0"
"2023-05-10";0.07;"A";"Данные ЦМИ";"Медиана";"Темп прироста к предыдущей неделе";"Неделя";"2";"%";"0"
"2023-05-15";0;"A";"Данные ЦМИ";"Медиана";"Темп прироста к предыдущей неделе";"Неделя";"2";"%";"0"
"2023-05-22";0.04;"A";"Данные ЦМИ";"Медиана";"Темп прироста к предыдущей неделе";"Неделя";"2";"%";"0"
"2023-05-29";0.1;"A";"Данные ЦМИ";"Медиана";"Темп прироста к предыдущей неделе";"Неделя";"2";"%";"0"
"2023-06-05";0.04;"A";"Данные ЦМИ";"Медиана";"Темп прироста к предыдущей неделе";"Неделя";"2";"%";"0"
"2023-06-13";0.05;"A";"Данные ЦМИ";"Медиана";"Темп прироста к предыдущей неделе";"Неделя";"2";"%";"0"
"2023-06-19";0.01;"A";"Данные ЦМИ";"Медиана";"Темп прироста к предыдущей неделе";"Неделя";"2";"%";"0"
"2023-06-26";0.1;"A";"Данные ЦМИ";"Медиана";"Темп прироста к предыдущей неделе";"Неделя";"2";"%";"0"
"2023-07-03";0.11;"A";"Данные ЦМИ";"Медиана";"Темп прироста к предыдущей неделе";"Неделя";"2";"%";"0"
"2023-07-10";0.05;"A";"Данные ЦМИ";"Медиана";"Темп прироста к предыдущей неделе";"Неделя";"2";"%";"0"
"2023-07-17";0.09;"A";"Данные ЦМИ";"Медиана";"Темп прироста к предыдущей неделе";"Неделя";"2";"%";"0"
"2023-07-24";0.08;"A";"Данные ЦМИ";"Медиана";"Темп прироста к предыдущей неделе";"Неделя";"2";"%";"0"
"2023-07-31";0.12;"A";"Данные ЦМИ";"Медиана";"Темп прироста к предыдущей неделе";"Неделя";"2";"%";"0"
"2023-08-07";0.06;"A";"Данные ЦМИ";"Медиана";"Темп прироста к предыдущей неделе";"Неделя";"2";"%";"0"
"2023-08-14";0.03;"A";"Данные ЦМИ";"Медиана";"Темп прироста к предыдущей неделе";"Неделя";"2";"%";"0"
"2023-08-21";0.06;"A";"Данные ЦМИ";"Медиана";"Темп прироста к предыдущей неделе";"Неделя";"2";"%";"0"
"2023-08-28";0.1;"A";"Данные ЦМИ";"Медиана";"Темп прироста к предыдущей неделе";"Неделя";"2";"%";"0"
"2023-09-04";0.05;"A";"Данные ЦМИ";"Медиана";"Темп прироста к предыдущей неделе";"Неделя";"2";"%";"0"
"2023-09-11";0.02;"A";"Данные ЦМИ";"Медиана";"Темп прироста к предыдущей неделе";"Неделя";"2";"%";"0"
"2023-09-18";0.02;"A";"Данные ЦМИ";"Медиана";"Темп прироста к предыдущей неделе";"Неделя";"2";"%";"0"
"2023-09-25";0.18;"A";"Данные ЦМИ";"Медиана";"Темп прироста к предыдущей неделе";"Неделя";"2";"%";"0"
"2023-10-02";0.07;"A";"Данные ЦМИ";"Медиана";"Темп прироста к предыдущей неделе";"Неделя";"2";"%";"0"
"2023-10-09";0.1;"A";"Данные ЦМИ";"Медиана";"Темп прироста к предыдущей неделе";"Неделя";"2";"%";"0"
"2023-10-16";0.05;"A";"Данные ЦМИ";"Медиана";"Темп прироста к предыдущей неделе";"Неделя";"2";"%";"0"
"2023-10-23";0.06;"A";"Данные ЦМИ";"Медиана";"Темп прироста к предыдущей неделе";"Неделя";"2";"%";"0"
"2023-10-30";0.09;"A";"Данные ЦМИ";"Медиана";"Темп прироста к предыдущей неделе";"Неделя";"2";"%";"0"
"2023-11-07";0.09;"A";"Данные ЦМИ";"Медиана";"Темп прироста к предыдущей неделе";"Неделя";"2";"%";"0"
"2023-11-13";0.09;"A";"Данные ЦМИ";"Медиана";"Темп прироста к предыдущей неделе";"Неделя";"2";"%";"0"
"2023-11-20";0.08;"A";"Данные ЦМИ";"Медиана";"Темп прироста к предыдущей неделе";"Неделя";"2";"%";"0"
"2023-11-27";0.14;"A";"Данные ЦМИ";"Медиана";"Темп прироста к предыдущей неделе";"Неделя";"2";"%";"0"
"2023-12-04";0.09;"A";"Данные ЦМИ";"Медиана";"Темп прироста к предыдущей неделе";"Неделя";"2";"%";"0"
"2023-12-11";0.13;"A";"Данные ЦМИ";"Медиана";"Темп прироста к предыдущей неделе";"Неделя";"2";"%";"0"
"2023-12-18";0.11;"A";"Данные ЦМИ";"Медиана";"Темп прироста к предыдущей неделе";"Неделя";"2";"%";"0"
"2023-12-25";0.22;"A";"Данные ЦМИ";"Медиана";"Темп прироста к предыдущей неделе";"Неделя";"2";"%";"0"
"2024-01-09";0.16;"A";"Данные ЦМИ";"Медиана";"Темп прироста к предыдущей неделе";"Неделя";"2";"%";"0"
"2024-01-15";0.2;"A";"Данные ЦМИ";"Медиана";"Темп прироста к предыдущей неделе";"Неделя";"2";"%";"0"
"2024-01-22";0.12;"A";"Данные ЦМИ";"Медиана";"Темп прироста к предыдущей неделе";"Неделя";"2";"%";"0"
"2024-01-29";0.16;"A";"Данные ЦМИ";"Медиана";"Темп прироста к предыдущей неделе";"Неделя";"2";"%";"0"
"2024-02-05";0.12;"A";"Данные ЦМИ";"Медиана";"Темп прироста к предыдущей неделе";"Неделя";"2";"%";"0"
"2024-02-12";0.14;"A";"Данные ЦМИ";"Медиана";"Темп прироста к предыдущей неделе";"Неделя";"2";"%";"0"
"2024-02-19";0.12;"A";"Данные ЦМИ";"Медиана";"Темп прироста к предыдущей неделе";"Неделя";"2";"%";"0"
"2024-02-26";0.1;"A";"Данные ЦМИ";"Медиана";"Темп прироста к предыдущей неделе";"Неделя";"2";"%";"0"
"2024-03-04";0.17;"A";"Данные ЦМИ";"Медиана";"Темп прироста к предыдущей неделе";"Неделя";"2";"%";"0"
"2024-03-11";0.06;"A";"Данные ЦМИ";"Медиана";"Темп прироста к предыдущей неделе";"Неделя";"2";"%";"0"
"2024-03-18";0.07;"A";"Данные ЦМИ";"Медиана";"Темп прироста к предыдущей неделе";"Неделя";"2";"%";"0"
"2024-03-25";0.12;"A";"Данные ЦМИ";"Медиана";"Темп прироста к предыдущей неделе";"Неделя";"2";"%";"0"
"2024-04-01";0.06;"A";"Данные ЦМИ";"Медиана";"Темп прироста к предыдущей неделе";"Неделя";"2";"%";"0"
"2024-04-08";0.18;"A";"Данные ЦМИ";"Медиана";"Темп прироста к предыдущей неделе";"Неделя";"2";"%";"0"
"2024-04-15";0.09;"A";"Данные ЦМИ";"Медиана";"Темп прироста к предыдущей неделе";"Неделя";"2";"%";"0"
"2024-04-22";0.1;"A";"Данные ЦМИ";"Медиана";"Темп прироста к предыдущей неделе";"Неделя";"2";"%";"0"
"2024-05-02";0.1;"A";"Данные ЦМИ";"Медиана";"Темп прироста к предыдущей неделе";"Неделя";"2";"%";"0"
"2024-05-06";0.05;"A";"Данные ЦМИ";"Медиана";"Темп прироста к предыдущей неделе";"Неделя";"2";"%";"0"
"2024-05-13";0.12;"A";"Данные ЦМИ";"Медиана";"Темп прироста к предыдущей неделе";"Неделя";"2";"%";"0"
"2024-05-20";0.12;"A";"Данные ЦМИ";"Медиана";"Темп прироста к предыдущей неделе";"Неделя";"2";"%";"0"
"2024-05-27";0.11;"A";"Данные ЦМИ";"Медиана";"Темп прироста к предыдущей неделе";"Неделя";"2";"%";"0"
"2024-06-03";0.12;"A";"Данные ЦМИ";"Медиана";"Темп прироста к предыдущей неделе";"Неделя";"2";"%";"0"
"2024-06-10";0.06;"A";"Данные ЦМИ";"Медиана";"Темп прироста к предыдущей неделе";"Неделя";"2";"%";"0"
"2024-06-17";0.06;"A";"Данные ЦМИ";"Медиана";"Темп прироста к предыдущей неделе";"Неделя";"2";"%";"0"
"2024-06-24";0.13;"A";"Данные ЦМИ";"Медиана";"Темп прироста к предыдущей неделе";"Неделя";"2";"%";"0"
"2024-07-01";0.11;"A";"Данные ЦМИ";"Медиана";"Темп прироста к предыдущей неделе";"Неделя";"2";"%";"0"
"2024-07-08";0.13;"A";"Данные ЦМИ";"Медиана";"Темп прироста к предыдущей неделе";"Неделя";"2";"%";"0"
"2024-07-15";0.07;"A";"Данные ЦМИ";"Медиана";"Темп прироста к предыдущей неделе";"Неделя";"2";"%";"0"
"2024-07-22";0.06;"A";"Данные ЦМИ";"Медиана";"Темп прироста к предыдущей неделе";"Неделя";"2";"%";"0"
"2024-07-29";0.1;"A";"Данные ЦМИ";"Медиана";"Темп прироста к предыдущей неделе";"Неделя";"2";"%";"0"
"2024-08-05";0.07;"A";"Данные ЦМИ";"Медиана";"Темп прироста к предыдущей неделе";"Неделя";"2";"%";"0"
"2024-08-12";0.08;"A";"Данные ЦМИ";"Медиана";"Темп прироста к предыдущей неделе";"Неделя";"2";"%";"0"
"2024-08-19";0.05;"A";"Данные ЦМИ";"Медиана";"Темп прироста к предыдущей неделе";"Неделя";"2";"%";"0"
"2024-08-26";0.14;"A";"Данные ЦМИ";"Медиана";"Темп прироста к предыдущей неделе";"Неделя";"2";"%";"0"
"2024-09-02";0.01;"A";"Данные ЦМИ";"Медиана";"Темп прироста к предыдущей неделе";"Неделя";"2";"%";"0"
"2024-09-09";0.03;"A";"Данные ЦМИ";"Медиана";"Темп прироста к предыдущей неделе";"Неделя";"2";"%";"0"
"2024-09-16";0.09;"A";"Данные ЦМИ";"Медиана";"Темп прироста к предыдущей неделе";"Неделя";"2";"%";"0"
"2024-09-23";0.12;"A";"Данные ЦМИ";"Медиана";"Темп прироста к предыдущей неделе";"Неделя";"2";"%";"0"
"2024-09-30";0.06;"A";"Данные ЦМИ";"Медиана";"Темп прироста к предыдущей неделе";"Неделя";"2";"%";"0"
"2024-10-07";0.12;"A";"Данные ЦМИ";"Медиана";"Темп прироста к предыдущей неделе";"Неделя";"2";"%";"0"
"2024-10-14";0.08;"A";"Данные ЦМИ";"Медиана";"Темп прироста к предыдущей неделе";"Неделя";"2";"%";"0"
"2024-10-21";0.16;"A";"Данные ЦМИ";"Медиана";"Темп прироста к предыдущей неделе";"Неделя";"2";"%";"0"
"2024-10-28";0.23;"A";"Данные ЦМИ";"Медиана";"Темп прироста к предыдущей неделе";"Неделя";"2";"%";"0"
"2024-11-05";0.15;"A";"Данные ЦМИ";"Медиана";"Темп прироста к предыдущей неделе";"Неделя";"2";"%";"0"
"2024-11-11";0.12;"A";"Данные ЦМИ";"Медиана";"Темп прироста к предыдущей неделе";"Неделя";"2";"%";"0"
"2024-11-18";0.13;"A";"Данные ЦМИ";"Медиана";"Темп прироста к предыдущей неделе";"Неделя";"2";"%";"0"
"2024-11-25";0.18;"A";"Данные ЦМИ";"Медиана";"Темп прироста к предыдущей неделе";"Неделя";"2";"%";"0"
"2024-12-02";0.23;"A";"Данные ЦМИ";"Медиана";"Темп прироста к предыдущей неделе";"Неделя";"2";"%";"0"
"2024-12-09";0.22;"A";"Данные ЦМИ";"Медиана";"Темп прироста к предыдущей неделе";"Неделя";"2";"%";"0"
"2024-12-16";0.25;"A";"Данные ЦМИ";"Медиана";"Темп прироста к предыдущей неделе";"Неделя";"2";"%";"0"
"2024-12-23";0.32;"A";"Данные ЦМИ";"Медиана";"Темп прироста к предыдущей неделе";"Неделя";"2";"%";"0"
"2025-01-09";0.35;"A";"Данные ЦМИ";"Медиана";"Темп прироста к предыдущей неделе";"Неделя";"2";"%";"0"
"2025-01-13";0.13;"A";"Данные ЦМИ";"Медиана";"Темп прироста к предыдущей неделе";"Неделя";"2";"%";"0"
"2025-01-20";0.13;"A";"Данные ЦМИ";"Медиана";"Темп прироста к предыдущей неделе";"Неделя";"2";"%";"0"
"2025-01-27";0.21;"A";"Данные ЦМИ";"Медиана";"Темп прироста к предыдущей неделе";"Неделя";"2";"%";"0"
"2025-02-03";0.11;"A";"Данные ЦМИ";"Медиана";"Темп прироста к предыдущей неделе";"Неделя";"2";"%";"0"
"2025-02-10";0.18;"A";"Данные ЦМИ";"Медиана";"Темп прироста к предыдущей неделе";"Неделя";"2";"%";"0"
"2025-02-17";0.16;"A";"Данные ЦМИ";"Медиана";"Темп прироста к предыдущей неделе";"Неделя";"2";"%";"0"
"2025-02-24";0.17;"A";"Данные ЦМИ";"Медиана";"Темп прироста к предыдущей неделе";"Неделя";"2";"%";"0"
"2025-03-03";0.15;"A";"Данные ЦМИ";"Медиана";"Темп прироста к предыдущей неделе";"Неделя";"2";"%";"0"
"2025-03-10";0.14;"A";"Данные ЦМИ";"Медиана";"Темп прироста к предыдущей неделе";"Неделя";"2";"%";"0"
"2025-03-17";0.1;"A";"Данные ЦМИ";"Медиана";"Темп прироста к предыдущей неделе";"Неделя";"2";"%";"0"
"2025-03-24";0.12;"A";"Данные ЦМИ";"Медиана";"Темп прироста к предыдущей неделе";"Неделя";"2";"%";"0"
"2025-03-31";0.14;"A";"Данные ЦМИ";"Медиана";"Темп прироста к предыдущей неделе";"Неделя";"2";"%";"0"
"2025-04-07";0.13;"A";"Данные ЦМИ";"Медиана";"Темп прироста к предыдущей неделе";"Неделя";"2";"%";"0"
"2025-04-14";0.09;"A";"Данные ЦМИ";"Медиана";"Темп прироста к предыдущей неделе";"Неделя";"2";"%";"0"
"2025-04-21";0.06;"A";"Данные ЦМИ";"Медиана";"Темп прироста к предыдущей неделе";"Неделя";"2";"%";"0"
"2025-04-28";0.15;"A";"Данные ЦМИ";"Медиана";"Темп прироста к предыдущей неделе";"Неделя";"2";"%";"0"
"2025-05-05";0.07;"A";"Данные ЦМИ";"Медиана";"Темп прироста к предыдущей неделе";"Неделя";"2";"%";"0"
"2025-05-12";0.02;"A";"Данные ЦМИ";"Медиана";"Темп прироста к предыдущей неделе";"Неделя";"2";"%";"0"
"2025-05-19";0.12;"A";"Данные ЦМИ";"Медиана";"Темп прироста к предыдущей неделе";"Неделя";"2";"%";"0"
"2025-05-26";0.05;"A";"Данные ЦМИ";"Медиана";"Темп прироста к предыдущей неделе";"Неделя";"2";"%";"0"
"2025-06-02";0.05;"A";"Данные ЦМИ";"Медиана";"Темп прироста к предыдущей неделе";"Неделя";"2";"%";"0"
"2025-06-09";0;"A";"Данные ЦМИ";"Медиана";"Темп прироста к предыдущей неделе";"Неделя";"2";"%";"0"
"2025-06-16";0.04;"A";"Данные ЦМИ";"Медиана";"Темп прироста к предыдущей неделе";"Неделя";"2";"%";"0"
"2025-06-23";0.05;"A";"Данные ЦМИ";"Медиана";"Темп прироста к предыдущей неделе";"Неделя";"2";"%";"0"
"2025-06-30";0.09;"A";"Данные ЦМИ";"Медиана";"Темп прироста к предыдущей неделе";"Неделя";"2";"%";"0"
"2025-07-07";0.09;"A";"Данные ЦМИ";"Медиана";"Темп прироста к предыдущей неделе";"Неделя";"2";"%";"0"
"2025-07-14";0.01;"A";"Данные ЦМИ";"Медиана";"Темп прироста к предыдущей неделе";"Неделя";"2";"%";"0"
"2025-07-21";0.01;"A";"Данные ЦМИ";"Медиана";"Темп прироста к предыдущей неделе";"Неделя";"2";"%";"0"
"2025-07-28";0.04;"A";"Данные ЦМИ";"Медиана";"Темп прироста к предыдущей неделе";"Неделя";"2";"%";"0"
"2025-08-04";-0.01;"A";"Данные ЦМИ";"Медиана";"Темп прироста к предыдущей неделе";"Неделя";"2";"%";"0"
"2025-08-11";0.01;"A";"Данные ЦМИ";"Медиана";"Темп прироста к предыдущей неделе";"Неделя";"2";"%";"0"
"2025-08-18";0.01;"A";"Данные ЦМИ";"Медиана";"Темп прироста к предыдущей неделе";"Неделя";"2";"%";"0"
"2025-08-25";0.07;"A";"Данные ЦМИ";"Медиана";"Темп прироста к предыдущей неделе";"Неделя";"2";"%";"0"
"2025-09-01";0.01;"A";"Данные ЦМИ";"Медиана";"Темп прироста к предыдущей неделе";"Неделя";"2";"%";"0"
"2025-09-08";0.09;"A";"Данные ЦМИ";"Медиана";"Темп прироста к предыдущей неделе";"Неделя";"2";"%";"0"
"2025-09-15";0;"A";"Данные ЦМИ";"Медиана";"Темп прироста к предыдущей неделе";"Неделя";"2";"%";"0"
"2025-09-22";0.05;"A";"Данные ЦМИ";"Медиана";"Темп прироста к предыдущей неделе";"Неделя";"2";"%";"0"
"2025-09-29";0.12;"A";"Данные ЦМИ";"Медиана";"Темп прироста к предыдущей неделе";"Неделя";"2";"%";"0"
"2025-10-06";0.12;"A";"Данные ЦМИ";"Медиана";"Темп прироста к предыдущей неделе";"Неделя";"2";"%";"0"
"2025-10-13";0.14;"A";"Данные ЦМИ";"Медиана";"Темп прироста к предыдущей неделе";"Неделя";"2";"%";"0"
"2025-10-20";0.07;"A";"Данные ЦМИ";"Медиана";"Темп прироста к предыдущей неделе";"Неделя";"2";"%";"0"
"2025-10-27";0.18;"A";"Данные ЦМИ";"Медиана";"Темп прироста к предыдущей неделе";"Неделя";"2";"%";"0"
"2025-11-05";0.1;"A";"Данные ЦМИ";"Медиана";"Темп прироста к предыдущей неделе";"Неделя";"2";"%";"0"
"2025-11-10";0.07;"A";"Данные ЦМИ";"Медиана";"Темп прироста к предыдущей неделе";"Неделя";"2";"%";"0"
"2025-11-17";0.1;"A";"Данные ЦМИ";"Медиана";"Темп прироста к предыдущей неделе";"Неделя";"2";"%";"0"
"2025-11-24";0.12;"A";"Данные ЦМИ";"Медиана";"Темп прироста к предыдущей неделе";"Неделя";"2";"%";"0"
"2025-12-01";0.07;"A";"Данные ЦМИ";"Медиана";"Темп прироста к предыдущей неделе";"Неделя";"2";"%";"0"
"2025-12-08";0.1;"A";"Данные ЦМИ";"Медиана";"Темп прироста к предыдущей неделе";"Неделя";"2";"%";"0"
"2025-12-15";0.07;"A";"Данные ЦМИ";"Медиана";"Темп прироста к предыдущей неделе";"Неделя";"2";"%";"0"
"2025-12-22";0.14;"A";"Данные ЦМИ";"Медиана";"Темп прироста к предыдущей неделе";"Неделя";"2";"%";"0"
"2026-01-12";0.55;"A";"Данные ЦМИ";"Медиана";"Темп прироста к предыдущей неделе";"Неделя";"2";"%";"0"
"2026-01-19";0.2;"A";"Данные ЦМИ";"Медиана";"Темп прироста к предыдущей неделе";"Неделя";"2";"%";"0"
"2026-01-26";0.14;"A";"Данные ЦМИ";"Медиана";"Темп прироста к предыдущей неделе";"Неделя";"2";"%";"0"
"2026-02-02";0.11;"A";"Данные ЦМИ";"Медиана";"Темп прироста к предыдущей неделе";"Неделя";"2";"%";"0"
"2026-02-09";0.13;"A";"Данные ЦМИ";"Медиана";"Темп прироста к предыдущей неделе";"Неделя";"2";"%";"0"
"2026-02-16";0.07;"A";"Данные ЦМИ";"Медиана";"Темп прироста к предыдущей неделе";"Неделя";"2";"%";"0"
"2026-02-24";0.12;"A";"Данные ЦМИ";"Медиана";"Темп прироста к предыдущей неделе";"Неделя";"2";"%";"0"
"2026-03-02";0.05;"A";"Данные ЦМИ";"Медиана";"Темп прироста к предыдущей неделе";"Неделя";"2";"%";"0"
"2026-03-10";0.13;"A";"Данные ЦМИ";"Медиана";"Темп прироста к предыдущей неделе";"Неделя";"2";"%";"0"
"2026-03-16";0.09;"A";"Данные ЦМИ";"Медиана";"Темп прироста к предыдущей неделе";"Неделя";"2";"%";"0"
"2026-03-23";0.19;"A";"Данные ЦМИ";"Медиана";"Темп прироста к предыдущей неделе";"Неделя";"2";"%";"0"
"2026-03-30";0.12;"A";"Данные ЦМИ";"Медиана";"Темп прироста к предыдущей неделе";"Неделя";"2";"%";"0"
"2026-04-06";0.18;"A";"Данные ЦМИ";"Медиана";"Темп прироста к предыдущей неделе";"Неделя";"2";"%";"0"
"2026-04-13";0.1;"A";"Данные ЦМИ";"Медиана";"Темп прироста к предыдущей неделе";"Неделя";"2";"%";"0"
"2026-04-20";0.02;"A";"Данные ЦМИ";"Медиана";"Темп прироста к предыдущей неделе";"Неделя";"2";"%";"0"
"2026-04-27";0.05;"A";"Данные ЦМИ";"Медиана";"Темп прироста к предыдущей неделе";"Неделя";"2";"%";"0"
"2026-05-04";0.09;"A";"Данные ЦМИ";"Медиана";"Темп прироста к предыдущей неделе";"Неделя";"2";"%";"0"
"2026-05-12";0.07;"A";"Данные ЦМИ";"Медиана";"Темп прироста к предыдущей неделе";"Неделя";"2";"%";"0"
"2026-05-18";0.02;"A";"Данные ЦМИ";"Медиана";"Темп прироста к предыдущей неделе";"Неделя";"2";"%";"0"
"2026-05-25";0.01;"A";"Данные ЦМИ";"Медиана";"Темп прироста к предыдущей неделе";"Неделя";"2";"%";"0"
"2026-06-01";0.02;"A";"Данные ЦМИ";"Медиана";"Темп прироста к предыдущей неделе";"Неделя";"2";"%";"0"
"2026-06-08";0.08;"A";"Данные ЦМИ";"Медиана";"Темп прироста к предыдущей неделе";"Неделя";"2";"%";"0"
"2026-06-15";0.01;"A";"Данные ЦМИ";"Медиана";"Темп прироста к предыдущей неделе";"Неделя";"2";"%";"0"
"2026-06-22";0.02;"A";"Данные ЦМИ";"Медиана";"Темп прироста к предыдущей неделе";"Неделя";"2";"%";"0"
"2026-06-29";0.07;"A";"Данные ЦМИ";"Медиана";"Темп прироста к предыдущей неделе";"Неделя";"2";"%";"0"
"2026-07-06";0.09;"A";"Данные ЦМИ";"Медиана";"Темп прироста к предыдущей неделе";"Неделя";"2";"%";"0"
"2026-07-13";0.07;"A";"Данные ЦМИ";"Медиана";"Темп прироста к предыдущей неделе";"Неделя";"2";"%";"0"
"2026-07-20";0.09;"A";"Данные ЦМИ";"Медиана";"Темп прироста к предыдущей неделе";"Неделя";"2";"%";"0"
"2026-07-27";0.06;"A";"Данные ЦМИ";"Медиана";"Темп прироста к предыдущей неделе";"Неделя";"2";"%";"0"
"2026-08-03";0.03;"A";"Данные ЦМИ";"Медиана";"Темп прироста к предыдущей неделе";"Неделя";"2";"%";"0"
"2026-08-10";0.07;"A";"Данные ЦМИ";"Медиана";"Темп прироста к предыдущей неделе";"Неделя";"2";"%";"0"
"2026-08-17";0.07;"A";"Данные ЦМИ";"Медиана";"Темп прироста к предыдущей неделе";"Неделя";"2";"%";"0"
"2026-08-24";0.01;"A";"Данные ЦМИ";"Медиана";"Темп прироста к предыдущей неделе";"Неделя";"2";"%";"0"
"2026-08-31";0.06;"A";"Данные ЦМИ";"Медиана";"Темп прироста к предыдущей неделе";"Неделя";"2";"%";"0"
"2026-09-07";0.1;"A";"Данные ЦМИ";"Медиана";"Темп прироста к предыдущей неделе";"Неделя";"2";"%";"0"
"2026-09-14";0.03;"A";"Данные ЦМИ";"Медиана";"Темп прироста к предыдущей неделе";"Неделя";"2";"%";"0"
"2026-09-21";0.02;"A";"Данные ЦМИ";"Медиана";"Темп прироста к предыдущей неделе";"Неделя";"2";"%";"0"
"2026-09-28";0.14;"A";"Данные ЦМИ";"Медиана";"Темп прироста к предыдущей неделе";"Неделя";"2";"%";"0"
"2017-01-09";0.32;"A";"Данные ЦМИ";"ИПЦ";"Темп прироста к предыдущей неделе";"Неделя";"2";"%";"0"
"2017-01-16";0.08;"A";"Данные ЦМИ";"ИПЦ";"Темп прироста к предыдущей неделе";"Неделя";"2";"%";"0"
"2017-01-23";0.1;"A";"Данные ЦМИ";"ИПЦ";"Темп прироста к предыдущей неделе";"Неделя";"2";"%";"0"
"2017-01-30";0.1;"A";"Данные ЦМИ";"ИПЦ";"Темп прироста к предыдущей неделе";"Неделя";"2";"%";"0"
"2017-02-06";0.08;"A";"Данные ЦМИ";"ИПЦ";"Темп прироста к предыдущей неделе";"Неделя";"2";"%";"0"
"2017-02-13";0.03;"A";"Данные ЦМИ";"ИПЦ";"Темп прироста к предыдущей неделе";"Неделя";"2";"%";"0"
"2017-02-20";0.06;"A";"Данные ЦМИ";"ИПЦ";"Темп прироста к предыдущей неделе";"Неделя";"2";"%";"0"
"2017-02-27";0.06;"A";"Данные ЦМИ";"ИПЦ";"Темп прироста к предыдущей неделе";"Неделя";"2";"%";"0"
"2017-03-06";0.04;"A";"Данные ЦМИ";"ИПЦ";"Темп прироста к предыдущей неделе";"Неделя";"2";"%";"0"
"2017-03-13";0.06;"A";"Данные ЦМИ";"ИПЦ";"Темп прироста к предыдущей неделе";"Неделя";"2";"%";"0"
"2017-03-20";0.03;"A";"Данные ЦМИ";"ИПЦ";"Темп прироста к предыдущей неделе";"Неделя";"2";"%";"0"
"2017-03-27";0.02;"A";"Данные ЦМИ";"ИПЦ";"Темп прироста к предыдущей неделе";"Неделя";"2";"%";"0"
"2017-04-03";0.07;"A";"Данные ЦМИ";"ИПЦ";"Темп прироста к предыдущей неделе";"Неделя";"2";"%";"0"
"2017-04-10";0.09;"A";"Данные ЦМИ";"ИПЦ";"Темп прироста к предыдущей неделе";"Неделя";"2";"%";"0"
"2017-04-17";0.12;"A";"Данные ЦМИ";"ИПЦ";"Темп прироста к предыдущей неделе";"Неделя";"2";"%";"0"
"2017-04-24";0.17;"A";"Данные ЦМИ";"ИПЦ";"Темп прироста к предыдущей неделе";"Неделя";"2";"%";"0"
"2017-05-01";0.16;"A";"Данные ЦМИ";"ИПЦ";"Темп прироста к предыдущей неделе";"Неделя";"2";"%";"0"
"2017-05-08";0.09;"A";"Данные ЦМИ";"ИПЦ";"Темп прироста к предыдущей неделе";"Неделя";"2";"%";"0"
"2017-05-15";0.05;"A";"Данные ЦМИ";"ИПЦ";"Темп прироста к предыдущей неделе";"Неделя";"2";"%";"0"
"2017-05-22";0.04;"A";"Данные ЦМИ";"ИПЦ";"Темп прироста к предыдущей неделе";"Неделя";"2";"%";"0"
"2017-05-29";0.13;"A";"Данные ЦМИ";"ИПЦ";"Темп прироста к предыдущей неделе";"Неделя";"2";"%";"0"
"2017-06-05";0.13;"A";"Данные ЦМИ";"ИПЦ";"Темп прироста к предыдущей неделе";"Неделя";"2";"%";"0"
"2017-06-12";0.14;"A";"Данные ЦМИ";"ИПЦ";"Темп прироста к предыдущей неделе";"Неделя";"2";"%";"0"
"2017-06-19";0.11;"A";"Данные ЦМИ";"ИПЦ";"Темп прироста к предыдущей неделе";"Неделя";"2";"%";"0"
"2017-06-26";0.1;"A";"Данные ЦМИ";"ИПЦ";"Темп прироста к предыдущей неделе";"Неделя";"2";"%";"0"
"2017-07-03";0.4;"A";"Данные ЦМИ";"ИПЦ";"Темп прироста к предыдущей неделе";"Неделя";"2";"%";"0"
"2017-07-10";0.06;"A";"Данные ЦМИ";"ИПЦ";"Темп прироста к предыдущей неделе";"Неделя";"2";"%";"0"
"2017-07-17";0.05;"A";"Данные ЦМИ";"ИПЦ";"Темп прироста к предыдущей неделе";"Неделя";"2";"%";"0"
"2017-07-24";0.03;"A";"Данные ЦМИ";"ИПЦ";"Темп прироста к предыдущей неделе";"Неделя";"2";"%";"0"
"2017-07-31";-0.15;"A";"Данные ЦМИ";"ИПЦ";"Темп прироста к предыдущей неделе";"Неделя";"2";"%";"0"
"2017-08-07";-0.06;"A";"Данные ЦМИ";"ИПЦ";"Темп прироста к предыдущей неделе";"Неделя";"2";"%";"0"
"2017-08-14";-0.09;"A";"Данные ЦМИ";"ИПЦ";"Темп прироста к предыдущей неделе";"Неделя";"2";"%";"0"
"2017-08-21";-0.06;"A";"Данные ЦМИ";"ИПЦ";"Темп прироста к предыдущей неделе";"Неделя";"2";"%";"0"
"2017-08-28";-0.21;"A";"Данные ЦМИ";"ИПЦ";"Темп прироста к предыдущей неделе";"Неделя";"2";"%";"0"
"2017-09-04";-0.1;"A";"Данные ЦМИ";"ИПЦ";"Темп прироста к предыдущей неделе";"Неделя";"2";"%";"0"
"2017-09-11";-0.03;"A";"Данные ЦМИ";"ИПЦ";"Темп прироста к предыдущей неделе";"Неделя";"2";"%";"0"
"2017-09-18";0;"A";"Данные ЦМИ";"ИПЦ";"Темп прироста к предыдущей неделе";"Неделя";"2";"%";"0"
"2017-09-25";0.02;"A";"Данные ЦМИ";"ИПЦ";"Темп прироста к предыдущей неделе";"Неделя";"2";"%";"0"
"2017-10-02";0;"A";"Данные ЦМИ";"ИПЦ";"Темп прироста к предыдущей неделе";"Неделя";"2";"%";"0"
"2017-10-09";0.02;"A";"Данные ЦМИ";"ИПЦ";"Темп прироста к предыдущей неделе";"Неделя";"2";"%";"0"
"2017-10-16";0.05;"A";"Данные ЦМИ";"ИПЦ";"Темп прироста к предыдущей неделе";"Неделя";"2";"%";"0"
"2017-10-23";0.14;"A";"Данные ЦМИ";"ИПЦ";"Темп прироста к предыдущей неделе";"Неделя";"2";"%";"0"
"2017-10-30";0.03;"A";"Данные ЦМИ";"ИПЦ";"Темп прироста к предыдущей неделе";"Неделя";"2";"%";"0"
"2017-11-06";0.05;"A";"Данные ЦМИ";"ИПЦ";"Темп прироста к предыдущей неделе";"Неделя";"2";"%";"0"
"2017-11-13";0.05;"A";"Данные ЦМИ";"ИПЦ";"Темп прироста к предыдущей неделе";"Неделя";"2";"%";"0"
"2017-11-20";0.03;"A";"Данные ЦМИ";"ИПЦ";"Темп прироста к предыдущей неделе";"Неделя";"2";"%";"0"
"2017-11-27";0.07;"A";"Данные ЦМИ";"ИПЦ";"Темп прироста к предыдущей неделе";"Неделя";"2";"%";"0"
"2017-12-04";0.14;"A";"Данные ЦМИ";"ИПЦ";"Темп прироста к предыдущей неделе";"Неделя";"2";"%";"0"
"2017-12-11";0.13;"A";"Данные ЦМИ";"ИПЦ";"Темп прироста к предыдущей неделе";"Неделя";"2";"%";"0"
"2017-12-18";0.13;"A";"Данные ЦМИ";"ИПЦ";"Темп прироста к предыдущей неделе";"Неделя";"2";"%";"0"
"2017-12-25";0.08;"A";"Данные ЦМИ";"ИПЦ";"Темп прироста к предыдущей неделе";"Неделя";"2";"%";"0"
"2018-01-08";0.16;"A";"Данные ЦМИ";"ИПЦ";"Темп прироста к предыдущей неделе";"Неделя";"2";"%";"0"
"2018-01-15";0.05;"A";"Данные ЦМИ";"ИПЦ";"Темп прироста к предыдущей неделе";"Неделя";"2";"%";"0"
"2018-01-22";0.08;"A";"Данные ЦМИ";"ИПЦ";"Темп прироста к предыдущей неделе";"Неделя";"2";"%";"0"
"2018-01-29";0.03;"A";"Данные ЦМИ";"ИПЦ";"Темп прироста к предыдущей неделе";"Неделя";"2";"%";"0"
"2018-02-05";0.1;"A";"Данные ЦМИ";"ИПЦ";"Темп прироста к предыдущей неделе";"Неделя";"2";"%";"0"
"2018-02-12";0.09;"A";"Данные ЦМИ";"ИПЦ";"Темп прироста к предыдущей неделе";"Неделя";"2";"%";"0"
"2018-02-19";0.07;"A";"Данные ЦМИ";"ИПЦ";"Темп прироста к предыдущей неделе";"Неделя";"2";"%";"0"
"2018-02-26";0.01;"A";"Данные ЦМИ";"ИПЦ";"Темп прироста к предыдущей неделе";"Неделя";"2";"%";"0"
"2018-03-05";0.06;"A";"Данные ЦМИ";"ИПЦ";"Темп прироста к предыдущей неделе";"Неделя";"2";"%";"0"
"2018-03-12";0.06;"A";"Данные ЦМИ";"ИПЦ";"Темп прироста к предыдущей неделе";"Неделя";"2";"%";"0"
"2018-03-19";0.06;"A";"Данные ЦМИ";"ИПЦ";"Темп прироста к предыдущей неделе";"Неделя";"2";"%";"0"
"2018-03-26";0.11;"A";"Данные ЦМИ";"ИПЦ";"Темп прироста к предыдущей неделе";"Неделя";"2";"%";"0"
"2018-04-02";0.11;"A";"Данные ЦМИ";"ИПЦ";"Темп прироста к предыдущей неделе";"Неделя";"2";"%";"0"
"2018-04-09";0.09;"A";"Данные ЦМИ";"ИПЦ";"Темп прироста к предыдущей неделе";"Неделя";"2";"%";"0"
"2018-04-16";0.06;"A";"Данные ЦМИ";"ИПЦ";"Темп прироста к предыдущей неделе";"Неделя";"2";"%";"0"
"2018-04-23";0.15;"A";"Данные ЦМИ";"ИПЦ";"Темп прироста к предыдущей неделе";"Неделя";"2";"%";"0"
"2018-04-30";0.07;"A";"Данные ЦМИ";"ИПЦ";"Темп прироста к предыдущей неделе";"Неделя";"2";"%";"0"
"2018-05-07";0.1;"A";"Данные ЦМИ";"ИПЦ";"Темп прироста к предыдущей неделе";"Неделя";"2";"%";"0"
"2018-05-14";0.08;"A";"Данные ЦМИ";"ИПЦ";"Темп прироста к предыдущей неделе";"Неделя";"2";"%";"0"
"2018-05-21";0.12;"A";"Данные ЦМИ";"ИПЦ";"Темп прироста к предыдущей неделе";"Неделя";"2";"%";"0"
"2018-05-28";0.09;"A";"Данные ЦМИ";"ИПЦ";"Темп прироста к предыдущей неделе";"Неделя";"2";"%";"0"
"2018-06-04";0.14;"A";"Данные ЦМИ";"ИПЦ";"Темп прироста к предыдущей неделе";"Неделя";"2";"%";"0"
"2018-06-11";0.04;"A";"Данные ЦМИ";"ИПЦ";"Темп прироста к предыдущей неделе";"Неделя";"2";"%";"0"
"2018-06-18";0.06;"A";"Данные ЦМИ";"ИПЦ";"Темп прироста к предыдущей неделе";"Неделя";"2";"%";"0"
"2018-06-25";0.07;"A";"Данные ЦМИ";"ИПЦ";"Темп прироста к предыдущей неделе";"Неделя";"2";"%";"0"
"2018-07-02";0.2;"A";"Данные ЦМИ";"ИПЦ";"Темп прироста к предыдущей неделе";"Неделя";"2";"%";"0"
"2018-07-09";0.15;"A";"Данные ЦМИ";"ИПЦ";"Темп прироста к предыдущей неделе";"Неделя";"2";"%";"0"
"2018-07-16";0.04;"A";"Данные ЦМИ";"ИПЦ";"Темп прироста к предыдущей неделе";"Неделя";"2";"%";"0"
"2018-07-23";0.05;"A";"Данные ЦМИ";"ИПЦ";"Темп прироста к предыдущей неделе";"Неделя";"2";"%";"0"
"2018-07-30";-0.02;"A";"Данные ЦМИ";"ИПЦ";"Темп прироста к предыдущей неделе";"Неделя";"2";"%";"0"
"2018-08-06";0;"A";"Данные ЦМИ";"ИПЦ";"Темп прироста к предыдущей неделе";"Неделя";"2";"%";"0"
"2018-08-13";-0.03;"A";"Данные ЦМИ";"ИПЦ";"Темп прироста к предыдущей неделе";"Неделя";"2";"%";"0"
"2018-08-20";0.05;"A";"Данные ЦМИ";"ИПЦ";"Темп прироста к предыдущей неделе";"Неделя";"2";"%";"0"
"2018-08-27";0.06;"A";"Данные ЦМИ";"ИПЦ";"Темп прироста к предыдущей неделе";"Неделя";"2";"%";"0"
"2018-09-03";-0.05;"A";"Данные ЦМИ";"ИПЦ";"Темп прироста к предыдущей неделе";"Неделя";"2";"%";"0"
"2018-09-10";0;"A";"Данные ЦМИ";"ИПЦ";"Темп прироста к предыдущей неделе";"Неделя";"2";"%";"0"
"2018-09-17";0.04;"A";"Данные ЦМИ";"ИПЦ";"Темп прироста к предыдущей неделе";"Неделя";"2";"%";"0"
"2018-09-24";0.06;"A";"Данные ЦМИ";"ИПЦ";"Темп прироста к предыдущей неделе";"Неделя";"2";"%";"0"
"2018-10-01";0.14;"A";"Данные ЦМИ";"ИПЦ";"Темп прироста к предыдущей неделе";"Неделя";"2";"%";"0"
"2018-10-08";0.12;"A";"Данные ЦМИ";"ИПЦ";"Темп прироста к предыдущей неделе";"Неделя";"2";"%";"0"
"2018-10-15";0.1;"A";"Данные ЦМИ";"ИПЦ";"Темп прироста к предыдущей неделе";"Неделя";"2";"%";"0"
"2018-10-22";0.09;"A";"Данные ЦМИ";"ИПЦ";"Темп прироста к предыдущей неделе";"Неделя";"2";"%";"0"
"2018-10-29";0.05;"A";"Данные ЦМИ";"ИПЦ";"Темп прироста к предыдущей неделе";"Неделя";"2";"%";"0"
"2018-11-05";0.13;"A";"Данные ЦМИ";"ИПЦ";"Темп прироста к предыдущей неделе";"Неделя";"2";"%";"0"
"2018-11-12";0.17;"A";"Данные ЦМИ";"ИПЦ";"Темп прироста к предыдущей неделе";"Неделя";"2";"%";"0"
"2018-11-19";0.14;"A";"Данные ЦМИ";"ИПЦ";"Темп прироста к предыдущей неделе";"Неделя";"2";"%";"0"
"2018-11-26";0.15;"A";"Данные ЦМИ";"ИПЦ";"Темп прироста к предыдущей неделе";"Неделя";"2";"%";"0"
"2018-12-03";0.19;"A";"Данные ЦМИ";"ИПЦ";"Темп прироста к предыдущей неделе";"Неделя";"2";"%";"0"
"2018-12-10";0.21;"A";"Данные ЦМИ";"ИПЦ";"Темп прироста к предыдущей неделе";"Неделя";"2";"%";"0"
"2018-12-17";0.24;"A";"Данные ЦМИ";"ИПЦ";"Темп прироста к предыдущей неделе";"Неделя";"2";"%";"0"
"2018-12-24";0.27;"A";"Данные ЦМИ";"ИПЦ";"Темп прироста к предыдущей неделе";"Неделя";"2";"%";"0"
"2019-01-07";0.46;"A";"Данные ЦМИ";"ИПЦ";"Темп прироста к предыдущей неделе";"Неделя";"2";"%";"0"
"2019-01-14";0.19;"A";"Данные ЦМИ";"ИПЦ";"Темп прироста к предыдущей неделе";"Неделя";"2";"%";"0"
"2019-01-21";0.24;"A";"Данные ЦМИ";"ИПЦ";"Темп прироста к предыдущей неделе";"Неделя";"2";"%";"0"
"2019-01-28";0.13;"A";"Данные ЦМИ";"ИПЦ";"Темп прироста к предыдущей неделе";"Неделя";"2";"%";"0"
"2019-02-04";0.12;"A";"Данные ЦМИ";"ИПЦ";"Темп прироста к предыдущей неделе";"Неделя";"2";"%";"0"
"2019-02-11";0.1;"A";"Данные ЦМИ";"ИПЦ";"Темп прироста к предыдущей неделе";"Неделя";"2";"%";"0"
"2019-02-18";0.09;"A";"Данные ЦМИ";"ИПЦ";"Темп прироста к предыдущей неделе";"Неделя";"2";"%";"0"
"2019-02-25";0.1;"A";"Данные ЦМИ";"ИПЦ";"Темп прироста к предыдущей неделе";"Неделя";"2";"%";"0"
"2019-03-04";0.11;"A";"Данные ЦМИ";"ИПЦ";"Темп прироста к предыдущей неделе";"Неделя";"2";"%";"0"
"2019-03-11";0.11;"A";"Данные ЦМИ";"ИПЦ";"Темп прироста к предыдущей неделе";"Неделя";"2";"%";"0"
"2019-03-18";0.09;"A";"Данные ЦМИ";"ИПЦ";"Темп прироста к предыдущей неделе";"Неделя";"2";"%";"0"
"2019-03-25";0.1;"A";"Данные ЦМИ";"ИПЦ";"Темп прироста к предыдущей неделе";"Неделя";"2";"%";"0"
"2019-04-01";0.07;"A";"Данные ЦМИ";"ИПЦ";"Темп прироста к предыдущей неделе";"Неделя";"2";"%";"0"
"2019-04-08";0.03;"A";"Данные ЦМИ";"ИПЦ";"Темп прироста к предыдущей неделе";"Неделя";"2";"%";"0"
"2019-04-15";0.07;"A";"Данные ЦМИ";"ИПЦ";"Темп прироста к предыдущей неделе";"Неделя";"2";"%";"0"
"2019-04-22";0.07;"A";"Данные ЦМИ";"ИПЦ";"Темп прироста к предыдущей неделе";"Неделя";"2";"%";"0"
"2019-04-29";0.09;"A";"Данные ЦМИ";"ИПЦ";"Темп прироста к предыдущей неделе";"Неделя";"2";"%";"0"
"2019-05-06";0.07;"A";"Данные ЦМИ";"ИПЦ";"Темп прироста к предыдущей неделе";"Неделя";"2";"%";"0"
"2019-05-13";0.06;"A";"Данные ЦМИ";"ИПЦ";"Темп прироста к предыдущей неделе";"Неделя";"2";"%";"0"
"2019-05-20";0.06;"A";"Данные ЦМИ";"ИПЦ";"Темп прироста к предыдущей неделе";"Неделя";"2";"%";"0"
"2019-05-27";0.09;"A";"Данные ЦМИ";"ИПЦ";"Темп прироста к предыдущей неделе";"Неделя";"2";"%";"0"
"2019-06-03";0.02;"A";"Данные ЦМИ";"ИПЦ";"Темп прироста к предыдущей неделе";"Неделя";"2";"%";"0"
"2019-06-10";0.01;"A";"Данные ЦМИ";"ИПЦ";"Темп прироста к предыдущей неделе";"Неделя";"2";"%";"0"
"2019-06-17";0;"A";"Данные ЦМИ";"ИПЦ";"Темп прироста к предыдущей неделе";"Неделя";"2";"%";"0"
"2019-06-24";0.01;"A";"Данные ЦМИ";"ИПЦ";"Темп прироста к предыдущей неделе";"Неделя";"2";"%";"0"
"2019-07-01";0.2;"A";"Данные ЦМИ";"ИПЦ";"Темп прироста к предыдущей неделе";"Неделя";"2";"%";"0"
"2019-07-08";0.06;"A";"Данные ЦМИ";"ИПЦ";"Темп прироста к предыдущей неделе";"Неделя";"2";"%";"0"
"2019-07-15";0.03;"A";"Данные ЦМИ";"ИПЦ";"Темп прироста к предыдущей неделе";"Неделя";"2";"%";"0"
"2019-07-22";0.06;"A";"Данные ЦМИ";"ИПЦ";"Темп прироста к предыдущей неделе";"Неделя";"2";"%";"0"
"2019-07-29";-0.05;"A";"Данные ЦМИ";"ИПЦ";"Темп прироста к предыдущей неделе";"Неделя";"2";"%";"0"
"2019-08-05";0;"A";"Данные ЦМИ";"ИПЦ";"Темп прироста к предыдущей неделе";"Неделя";"2";"%";"0"
"2019-08-12";-0.06;"A";"Данные ЦМИ";"ИПЦ";"Темп прироста к предыдущей неделе";"Неделя";"2";"%";"0"
"2019-08-19";-0.09;"A";"Данные ЦМИ";"ИПЦ";"Темп прироста к предыдущей неделе";"Неделя";"2";"%";"0"
"2019-08-26";-0.03;"A";"Данные ЦМИ";"ИПЦ";"Темп прироста к предыдущей неделе";"Неделя";"2";"%";"0"
"2019-09-02";-0.1;"A";"Данные ЦМИ";"ИПЦ";"Темп прироста к предыдущей неделе";"Неделя";"2";"%";"0"
"2019-09-09";-0.07;"A";"Данные ЦМИ";"ИПЦ";"Темп прироста к предыдущей неделе";"Неделя";"2";"%";"0"
"2019-09-16";-0.08;"A";"Данные ЦМИ";"ИПЦ";"Темп прироста к предыдущей неделе";"Неделя";"2";"%";"0"
"2019-09-23";0.02;"A";"Данные ЦМИ";"ИПЦ";"Темп прироста к предыдущей неделе";"Неделя";"2";"%";"0"
"2019-09-30";-0.02;"A";"Данные ЦМИ";"ИПЦ";"Темп прироста к предыдущей неделе";"Неделя";"2";"%";"0"
"2019-10-07";0;"A";"Данные ЦМИ";"ИПЦ";"Темп прироста к предыдущей неделе";"Неделя";"2";"%";"0"
"2019-10-14";0.03;"A";"Данные ЦМИ";"ИПЦ";"Темп прироста к предыдущей неделе";"Неделя";"2";"%";"0"
"2019-10-21";0.1;"A";"Данные ЦМИ";"ИПЦ";"Темп прироста к предыдущей неделе";"Неделя";"2";"%";"0"
"2019-10-28";0.01;"A";"Данные ЦМИ";"ИПЦ";"Темп прироста к предыдущей неделе";"Неделя";"2";"%";"0"
"2019-11-04";0.08;"A";"Данные ЦМИ";"ИПЦ";"Темп прироста к предыдущей неделе";"Неделя";"2";"%";"0"
"2019-11-11";0.04;"A";"Данные ЦМИ";"ИПЦ";"Темп прироста к предыдущей неделе";"Неделя";"2";"%";"0"
"2019-11-18";0.11;"A";"Данные ЦМИ";"ИПЦ";"Темп прироста к предыдущей неделе";"Неделя";"2";"%";"0"
"2019-11-25";0.1;"A";"Данные ЦМИ";"ИПЦ";"Темп прироста к предыдущей неделе";"Неделя";"2";"%";"0"
"2019-12-02";0.04;"A";"Данные ЦМИ";"ИПЦ";"Темп прироста к предыдущей неделе";"Неделя";"2";"%";"0"
"2019-12-09";0.08;"A";"Данные ЦМИ";"ИПЦ";"Темп прироста к предыдущей неделе";"Неделя";"2";"%";"0"
"2019-12-16";0.13;"A";"Данные ЦМИ";"ИПЦ";"Темп прироста к предыдущей неделе";"Неделя";"2";"%";"0"
"2019-12-23";0.21;"A";"Данные ЦМИ";"ИПЦ";"Темп прироста к предыдущей неделе";"Неделя";"2";"%";"0"
"2020-01-06";0.34;"A";"Данные ЦМИ";"ИПЦ";"Темп прироста к предыдущей неделе";"Неделя";"2";"%";"0"
"2020-01-13";0.06;"A";"Данные ЦМИ";"ИПЦ";"Темп прироста к предыдущей неделе";"Неделя";"2";"%";"0"
"2020-01-20";0.04;"A";"Данные ЦМИ";"ИПЦ";"Темп прироста к предыдущей неделе";"Неделя";"2";"%";"0"
"2020-01-27";0.03;"A";"Данные ЦМИ";"ИПЦ";"Темп прироста к предыдущей неделе";"Неделя";"2";"%";"0"
"2020-02-03";0.21;"A";"Данные ЦМИ";"ИПЦ";"Темп прироста к предыдущей неделе";"Неделя";"2";"%";"0"
"2020-02-10";0.07;"A";"Данные ЦМИ";"ИПЦ";"Темп прироста к предыдущей неделе";"Неделя";"2";"%";"0"
"2020-02-17";0.03;"A";"Данные ЦМИ";"ИПЦ";"Темп прироста к предыдущей неделе";"Неделя";"2";"%";"0"
"2020-02-24";0.04;"A";"Данные ЦМИ";"ИПЦ";"Темп прироста к предыдущей неделе";"Неделя";"2";"%";"0"
"2020-03-02";0.09;"A";"Данные ЦМИ";"ИПЦ";"Темп прироста к предыдущей неделе";"Неделя";"2";"%";"0"
"2020-03-09";0.1;"A";"Данные ЦМИ";"ИПЦ";"Темп прироста к предыдущей неделе";"Неделя";"2";"%";"0"
"2020-03-16";0.09;"A";"Данные ЦМИ";"ИПЦ";"Темп прироста к предыдущей неделе";"Неделя";"2";"%";"0"
"2020-03-23";0.31;"A";"Данные ЦМИ";"ИПЦ";"Темп прироста к предыдущей неделе";"Неделя";"2";"%";"0"
"2020-03-30";0.22;"A";"Данные ЦМИ";"ИПЦ";"Темп прироста к предыдущей неделе";"Неделя";"2";"%";"0"
"2020-04-06";0.33;"A";"Данные ЦМИ";"ИПЦ";"Темп прироста к предыдущей неделе";"Неделя";"2";"%";"0"
"2020-04-13";0.19;"A";"Данные ЦМИ";"ИПЦ";"Темп прироста к предыдущей неделе";"Неделя";"2";"%";"0"
"2020-04-20";0.19;"A";"Данные ЦМИ";"ИПЦ";"Темп прироста к предыдущей неделе";"Неделя";"2";"%";"0"
"2020-04-27";0.15;"A";"Данные ЦМИ";"ИПЦ";"Темп прироста к предыдущей неделе";"Неделя";"2";"%";"0"
"2020-05-04";0.12;"A";"Данные ЦМИ";"ИПЦ";"Темп прироста к предыдущей неделе";"Неделя";"2";"%";"0"
"2020-05-11";0.04;"A";"Данные ЦМИ";"ИПЦ";"Темп прироста к предыдущей неделе";"Неделя";"2";"%";"0"
"2020-05-18";0.01;"A";"Данные ЦМИ";"ИПЦ";"Темп прироста к предыдущей неделе";"Неделя";"2";"%";"0"
"2020-05-25";0.1;"A";"Данные ЦМИ";"ИПЦ";"Темп прироста к предыдущей неделе";"Неделя";"2";"%";"0"
"2020-06-01";0.07;"A";"Данные ЦМИ";"ИПЦ";"Темп прироста к предыдущей неделе";"Неделя";"2";"%";"0"
"2020-06-08";0.03;"A";"Данные ЦМИ";"ИПЦ";"Темп прироста к предыдущей неделе";"Неделя";"2";"%";"0"
"2020-06-15";0.08;"A";"Данные ЦМИ";"ИПЦ";"Темп прироста к предыдущей неделе";"Неделя";"2";"%";"0"
"2020-06-22";0.1;"A";"Данные ЦМИ";"ИПЦ";"Темп прироста к предыдущей неделе";"Неделя";"2";"%";"0"
"2020-06-29";0.01;"A";"Данные ЦМИ";"ИПЦ";"Темп прироста к предыдущей неделе";"Неделя";"2";"%";"0"
"2020-07-06";0.33;"A";"Данные ЦМИ";"ИПЦ";"Темп прироста к предыдущей неделе";"Неделя";"2";"%";"0"
"2020-07-13";0.08;"A";"Данные ЦМИ";"ИПЦ";"Темп прироста к предыдущей неделе";"Неделя";"2";"%";"0"
"2020-07-20";0.04;"A";"Данные ЦМИ";"ИПЦ";"Темп прироста к предыдущей неделе";"Неделя";"2";"%";"0"
"2020-07-27";0.01;"A";"Данные ЦМИ";"ИПЦ";"Темп прироста к предыдущей неделе";"Неделя";"2";"%";"0"
"2020-08-03";-0.02;"A";"Данные ЦМИ";"ИПЦ";"Темп прироста к предыдущей неделе";"Неделя";"2";"%";"0"
"2020-08-10";-0.06;"A";"Данные ЦМИ";"ИПЦ";"Темп прироста к предыдущей неделе";"Неделя";"2";"%";"0"
"2020-08-17";-0.03;"A";"Данные ЦМИ";"ИПЦ";"Темп прироста к предыдущей неделе";"Неделя";"2";"%";"0"
"2020-08-24";-0.04;"A";"Данные ЦМИ";"ИПЦ";"Темп прироста к предыдущей неделе";"Неделя";"2";"%";"0"
"2020-08-31";-0.01;"A";"Данные ЦМИ";"ИПЦ";"Темп прироста к предыдущей неделе";"Неделя";"2";"%";"0"
"2020-09-07";0;"A";"Данные ЦМИ";"ИПЦ";"Темп прироста к предыдущей неделе";"Неделя";"2";"%";"0"
"2020-09-14";-0.06;"A";"Данные ЦМИ";"ИПЦ";"Темп прироста к предыдущей неделе";"Неделя";"2";"%";"0"
"2020-09-21";-0.01;"A";"Данные ЦМИ";"ИПЦ";"Темп прироста к предыдущей неделе";"Неделя";"2";"%";"0"
"2020-09-28";0.01;"A";"Данные ЦМИ";"ИПЦ";"Темп прироста к предыдущей неделе";"Неделя";"2";"%";"0"
"2020-10-05";0.13;"A";"Данные ЦМИ";"ИПЦ";"Темп прироста к предыдущей неделе";"Неделя";"2";"%";"0"
"2020-10-12";0.08;"A";"Данные ЦМИ";"ИПЦ";"Темп прироста к предыдущей неделе";"Неделя";"2";"%";"0"
"2020-10-19";0.12;"A";"Данные ЦМИ";"ИПЦ";"Темп прироста к предыдущей неделе";"Неделя";"2";"%";"0"
"2020-10-26";0.11;"A";"Данные ЦМИ";"ИПЦ";"Темп прироста к предыдущей неделе";"Неделя";"2";"%";"0"
"2020-11-02";0.14;"A";"Данные ЦМИ";"ИПЦ";"Темп прироста к предыдущей неделе";"Неделя";"2";"%";"0"
"2020-11-09";0.16;"A";"Данные ЦМИ";"ИПЦ";"Темп прироста к предыдущей неделе";"Неделя";"2";"%";"0"
"2020-11-16";0.15;"A";"Данные ЦМИ";"ИПЦ";"Темп прироста к предыдущей неделе";"Неделя";"2";"%";"0"
"2020-11-23";0.25;"A";"Данные ЦМИ";"ИПЦ";"Темп прироста к предыдущей неделе";"Неделя";"2";"%";"0"
"2020-11-30";0.15;"A";"Данные ЦМИ";"ИПЦ";"Темп прироста к предыдущей неделе";"Неделя";"2";"%";"0"
"2020-12-07";0.2;"A";"Данные ЦМИ";"ИПЦ";"Темп прироста к предыдущей неделе";"Неделя";"2";"%";"0"
"2020-12-14";0.22;"A";"Данные ЦМИ";"ИПЦ";"Темп прироста к предыдущей неделе";"Неделя";"2";"%";"0"
"2020-12-21";0.21;"A";"Данные ЦМИ";"ИПЦ";"Темп прироста к предыдущей неделе";"Неделя";"2";"%";"0"
"2020-12-28";0.21;"A";"Данные ЦМИ";"ИПЦ";"Темп прироста к предыдущей неделе";"Неделя";"2";"%";"0"
"2021-01-11";0.4;"A";"Данные ЦМИ";"ИПЦ";"Темп прироста к предыдущей неделе";"Неделя";"2";"%";"0"
"2021-01-18";0.18;"A";"Данные ЦМИ";"ИПЦ";"Темп прироста к предыдущей неделе";"Неделя";"2";"%";"0"
"2021-01-25";0.2;"A";"Данные ЦМИ";"ИПЦ";"Темп прироста к предыдущей неделе";"Неделя";"2";"%";"0"
"2021-02-01";0;"A";"Данные ЦМИ";"ИПЦ";"Темп прироста к предыдущей неделе";"Неделя";"2";"%";"0"
"2021-02-08";0.18;"A";"Данные ЦМИ";"ИПЦ";"Темп прироста к предыдущей неделе";"Неделя";"2";"%";"0"
"2021-02-15";0.18;"A";"Данные ЦМИ";"ИПЦ";"Темп прироста к предыдущей неделе";"Неделя";"2";"%";"0"
"2021-02-22";0.18;"A";"Данные ЦМИ";"ИПЦ";"Темп прироста к предыдущей неделе";"Неделя";"2";"%";"0"
"2021-03-01";0.12;"A";"Данные ЦМИ";"ИПЦ";"Темп прироста к предыдущей неделе";"Неделя";"2";"%";"0"
"2021-03-08";0.21;"A";"Данные ЦМИ";"ИПЦ";"Темп прироста к предыдущей неделе";"Неделя";"2";"%";"0"
"2021-03-15";0.11;"A";"Данные ЦМИ";"ИПЦ";"Темп прироста к предыдущей неделе";"Неделя";"2";"%";"0"
"2021-03-22";0.18;"A";"Данные ЦМИ";"ИПЦ";"Темп прироста к предыдущей неделе";"Неделя";"2";"%";"0"
"2021-03-29";0.17;"A";"Данные ЦМИ";"ИПЦ";"Темп прироста к предыдущей неделе";"Неделя";"2";"%";"0"
"2021-04-05";0.15;"A";"Данные ЦМИ";"ИПЦ";"Темп прироста к предыдущей неделе";"Неделя";"2";"%";"0"
"2021-04-12";0.09;"A";"Данные ЦМИ";"ИПЦ";"Темп прироста к предыдущей неделе";"Неделя";"2";"%";"0"
"2021-04-19";0.18;"A";"Данные ЦМИ";"ИПЦ";"Темп прироста к предыдущей неделе";"Неделя";"2";"%";"0"
"2021-04-26";0.17;"A";"Данные ЦМИ";"ИПЦ";"Темп прироста к предыдущей неделе";"Неделя";"2";"%";"0"
"2021-05-03";0.22;"A";"Данные ЦМИ";"ИПЦ";"Темп прироста к предыдущей неделе";"Неделя";"2";"%";"0"
"2021-05-10";0.13;"A";"Данные ЦМИ";"ИПЦ";"Темп прироста к предыдущей неделе";"Неделя";"2";"%";"0"
"2021-05-17";0.1;"A";"Данные ЦМИ";"ИПЦ";"Темп прироста к предыдущей неделе";"Неделя";"2";"%";"0"
"2021-05-24";0.14;"A";"Данные ЦМИ";"ИПЦ";"Темп прироста к предыдущей неделе";"Неделя";"2";"%";"0"
"2021-05-31";0.12;"A";"Данные ЦМИ";"ИПЦ";"Темп прироста к предыдущей неделе";"Неделя";"2";"%";"0"
"2021-06-07";0.16;"A";"Данные ЦМИ";"ИПЦ";"Темп прироста к предыдущей неделе";"Неделя";"2";"%";"0"
"2021-06-14";0.12;"A";"Данные ЦМИ";"ИПЦ";"Темп прироста к предыдущей неделе";"Неделя";"2";"%";"0"
"2021-06-21";0.12;"A";"Данные ЦМИ";"ИПЦ";"Темп прироста к предыдущей неделе";"Неделя";"2";"%";"0"
"2021-06-28";0.23;"A";"Данные ЦМИ";"ИПЦ";"Темп прироста к предыдущей неделе";"Неделя";"2";"%";"0"
"2021-07-05";0.46;"A";"Данные ЦМИ";"ИПЦ";"Темп прироста к предыдущей неделе";"Неделя";"2";"%";"0"
"2021-07-12";0.06;"A";"Данные ЦМИ";"ИПЦ";"Темп прироста к предыдущей неделе";"Неделя";"2";"%";"0"
"2021-07-19";-0.01;"A";"Данные ЦМИ";"ИПЦ";"Темп прироста к предыдущей неделе";"Неделя";"2";"%";"0"
"2021-07-26";0;"A";"Данные ЦМИ";"ИПЦ";"Темп прироста к предыдущей неделе";"Неделя";"2";"%";"0"
"2021-08-02";-0.06;"A";"Данные ЦМИ";"ИПЦ";"Темп прироста к предыдущей неделе";"Неделя";"2";"%";"0"
"2021-08-09";0;"A";"Данные ЦМИ";"ИПЦ";"Темп прироста к предыдущей неделе";"Неделя";"2";"%";"0"
"2021-08-16";-0.01;"A";"Данные ЦМИ";"ИПЦ";"Темп прироста к предыдущей неделе";"Неделя";"2";"%";"0"
"2021-08-23";0.1;"A";"Данные ЦМИ";"ИПЦ";"Темп прироста к предыдущей неделе";"Неделя";"2";"%";"0"
"2021-08-30";0.09;"A";"Данные ЦМИ";"ИПЦ";"Темп прироста к предыдущей неделе";"Неделя";"2";"%";"0"
"2021-09-06";0.07;"A";"Данные ЦМИ";"ИПЦ";"Темп прироста к предыдущей неделе";"Неделя";"2";"%";"0"
"2021-09-13";0.04;"A";"Данные ЦМИ";"ИПЦ";"Темп прироста к предыдущей неделе";"Неделя";"2";"%";"0"
"2021-09-20";0.1;"A";"Данные ЦМИ";"ИПЦ";"Темп прироста к предыдущей неделе";"Неделя";"2";"%";"0"
"2021-09-27";0.29;"A";"Данные ЦМИ";"ИПЦ";"Темп прироста к предыдущей неделе";"Неделя";"2";"%";"0"
"2021-10-04";0.26;"A";"Данные ЦМИ";"ИПЦ";"Темп прироста к предыдущей неделе";"Неделя";"2";"%";"0"
"2021-10-11";0.22;"A";"Данные ЦМИ";"ИПЦ";"Темп прироста к предыдущей неделе";"Неделя";"2";"%";"0"
"2021-10-18";0.26;"A";"Данные ЦМИ";"ИПЦ";"Темп прироста к предыдущей неделе";"Неделя";"2";"%";"0"
"2021-10-25";0.28;"A";"Данные ЦМИ";"ИПЦ";"Темп прироста к предыдущей неделе";"Неделя";"2";"%";"0"
"2021-11-01";0.21;"A";"Данные ЦМИ";"ИПЦ";"Темп прироста к предыдущей неделе";"Неделя";"2";"%";"0"
"2021-11-08";0.09;"A";"Данные ЦМИ";"ИПЦ";"Темп прироста к предыдущей неделе";"Неделя";"2";"%";"0"
"2021-11-15";0.18;"A";"Данные ЦМИ";"ИПЦ";"Темп прироста к предыдущей неделе";"Неделя";"2";"%";"0"
"2021-11-22";0.2;"A";"Данные ЦМИ";"ИПЦ";"Темп прироста к предыдущей неделе";"Неделя";"2";"%";"0"
"2021-11-29";0.46;"A";"Данные ЦМИ";"ИПЦ";"Темп прироста к предыдущей неделе";"Неделя";"2";"%";"0"
"2021-12-06";0.07;"A";"Данные ЦМИ";"ИПЦ";"Темп прироста к предыдущей неделе";"Неделя";"2";"%";"0"
"2021-12-13";0.06;"A";"Данные ЦМИ";"ИПЦ";"Темп прироста к предыдущей неделе";"Неделя";"2";"%";"0"
"2021-12-20";0.32;"A";"Данные ЦМИ";"ИПЦ";"Темп прироста к предыдущей неделе";"Неделя";"2";"%";"0"
"2021-12-27";0.26;"A";"Данные ЦМИ";"ИПЦ";"Темп прироста к предыдущей неделе";"Неделя";"2";"%";"0"
"2022-01-10";0.56;"A";"Данные ЦМИ";"ИПЦ";"Темп прироста к предыдущей неделе";"Неделя";"2";"%";"0"
"2022-01-14";0.1;"A";"Данные ЦМИ";"ИПЦ";"Темп прироста к предыдущей неделе";"Неделя";"2";"%";"0"
"2022-01-21";0.22;"A";"Данные ЦМИ";"ИПЦ";"Темп прироста к предыдущей неделе";"Неделя";"2";"%";"0"
"2022-01-28";0.19;"A";"Данные ЦМИ";"ИПЦ";"Темп прироста к предыдущей неделе";"Неделя";"2";"%";"0"
"2022-02-04";0.29;"A";"Данные ЦМИ";"ИПЦ";"Темп прироста к предыдущей неделе";"Неделя";"2";"%";"0"
"2022-02-11";0.13;"A";"Данные ЦМИ";"ИПЦ";"Темп прироста к предыдущей неделе";"Неделя";"2";"%";"0"
"2022-02-18";0.24;"A";"Данные ЦМИ";"ИПЦ";"Темп прироста к предыдущей неделе";"Неделя";"2";"%";"0"
"2022-02-25";0.45;"A";"Данные ЦМИ";"ИПЦ";"Темп прироста к предыдущей неделе";"Неделя";"2";"%";"0"
"2022-03-04";2.22;"A";"Данные ЦМИ";"ИПЦ";"Темп прироста к предыдущей неделе";"Неделя";"2";"%";"0"
"2022-03-11";2.09;"A";"Данные ЦМИ";"ИПЦ";"Темп прироста к предыдущей неделе";"Неделя";"2";"%";"0"
"2022-03-18";1.93;"A";"Данные ЦМИ";"ИПЦ";"Темп прироста к предыдущей неделе";"Неделя";"2";"%";"0"
"2022-03-25";1.16;"A";"Данные ЦМИ";"ИПЦ";"Темп прироста к предыдущей неделе";"Неделя";"2";"%";"0"
"2022-04-01";0.99;"A";"Данные ЦМИ";"ИПЦ";"Темп прироста к предыдущей неделе";"Неделя";"2";"%";"0"
"2022-04-08";0.66;"A";"Данные ЦМИ";"ИПЦ";"Темп прироста к предыдущей неделе";"Неделя";"2";"%";"0"
"2022-04-15";0.2;"A";"Данные ЦМИ";"ИПЦ";"Темп прироста к предыдущей неделе";"Неделя";"2";"%";"0"
"2022-04-22";0.25;"A";"Данные ЦМИ";"ИПЦ";"Темп прироста к предыдущей неделе";"Неделя";"2";"%";"0"
"2022-04-29";0.21;"A";"Данные ЦМИ";"ИПЦ";"Темп прироста к предыдущей неделе";"Неделя";"2";"%";"0"
"2022-05-06";0.12;"A";"Данные ЦМИ";"ИПЦ";"Темп прироста к предыдущей неделе";"Неделя";"2";"%";"0"
"2022-05-13";0.05;"A";"Данные ЦМИ";"ИПЦ";"Темп прироста к предыдущей неделе";"Неделя";"2";"%";"0"
"2022-05-20";-0.02;"A";"Данные ЦМИ";"ИПЦ";"Темп прироста к предыдущей неделе";"Неделя";"2";"%";"0"
"2022-05-27";0;"A";"Данные ЦМИ";"ИПЦ";"Темп прироста к предыдущей неделе";"Неделя";"2";"%";"0"
"2022-06-03";-0.01;"A";"Данные ЦМИ";"ИПЦ";"Темп прироста к предыдущей неделе";"Неделя";"2";"%";"0"
"2022-06-10";-0.14;"A";"Данные ЦМИ";"ИПЦ";"Темп прироста к предыдущей неделе";"Неделя";"2";"%";"0"
"2022-06-17";-0.12;"A";"Данные ЦМИ";"ИПЦ";"Темп прироста к предыдущей неделе";"Неделя";"2";"%";"0"
"2022-06-24";0;"A";"Данные ЦМИ";"ИПЦ";"Темп прироста к предыдущей неделе";"Неделя";"2";"%";"0"
"2022-07-01";0.23;"A";"Данные ЦМИ";"ИПЦ";"Темп прироста к предыдущей неделе";"Неделя";"2";"%";"0"
"2022-07-08";-0.03;"A";"Данные ЦМИ";"ИПЦ";"Темп прироста к предыдущей неделе";"Неделя";"2";"%";"0"
"2022-07-15";-0.17;"A";"Данные ЦМИ";"ИПЦ";"Темп прироста к предыдущей неделе";"Неделя";"2";"%";"0"
"2022-07-22";-0.08;"A";"Данные ЦМИ";"ИПЦ";"Темп прироста к предыдущей неделе";"Неделя";"2";"%";"0"
"2022-08-01";-0.14;"A";"Данные ЦМИ";"ИПЦ";"Темп прироста к предыдущей неделе";"Неделя";"2";"%";"0"
"2022-08-08";-0.08;"A";"Данные ЦМИ";"ИПЦ";"Темп прироста к предыдущей неделе";"Неделя";"2";"%";"0"
"2022-08-15";-0.13;"A";"Данные ЦМИ";"ИПЦ";"Темп прироста к предыдущей неделе";"Неделя";"2";"%";"0"
"2022-08-22";-0.15;"A";"Данные ЦМИ";"ИПЦ";"Темп прироста к предыдущей неделе";"Неделя";"2";"%";"0"
"2022-08-29";-0.16;"A";"Данные ЦМИ";"ИПЦ";"Темп прироста к предыдущей неделе";"Неделя";"2";"%";"0"
"2022-09-05";-0.13;"A";"Данные ЦМИ";"ИПЦ";"Темп прироста к предыдущей неделе";"Неделя";"2";"%";"0"
"2022-09-12";-0.03;"A";"Данные ЦМИ";"ИПЦ";"Темп прироста к предыдущей неделе";"Неделя";"2";"%";"0"
"2022-09-19";-0.03;"A";"Данные ЦМИ";"ИПЦ";"Темп прироста к предыдущей неделе";"Неделя";"2";"%";"0"
"2022-09-26";0.08;"A";"Данные ЦМИ";"ИПЦ";"Темп прироста к предыдущей неделе";"Неделя";"2";"%";"0"
"2022-10-03";0.07;"A";"Данные ЦМИ";"ИПЦ";"Темп прироста к предыдущей неделе";"Неделя";"2";"%";"0"
"2022-10-10";0.03;"A";"Данные ЦМИ";"ИПЦ";"Темп прироста к предыдущей неделе";"Неделя";"2";"%";"0"
"2022-10-17";0.02;"A";"Данные ЦМИ";"ИПЦ";"Темп прироста к предыдущей неделе";"Неделя";"2";"%";"0"
"2022-10-24";0.08;"A";"Данные ЦМИ";"ИПЦ";"Темп прироста к предыдущей неделе";"Неделя";"2";"%";"0"
"2022-10-31";0.07;"A";"Данные ЦМИ";"ИПЦ";"Темп прироста к предыдущей неделе";"Неделя";"2";"%";"0"
"2022-11-07";0.01;"A";"Данные ЦМИ";"ИПЦ";"Темп прироста к предыдущей неделе";"Неделя";"2";"%";"0"
"2022-11-14";0.06;"A";"Данные ЦМИ";"ИПЦ";"Темп прироста к предыдущей неделе";"Неделя";"2";"%";"0"
"2022-11-21";0.11;"A";"Данные ЦМИ";"ИПЦ";"Темп прироста к предыдущей неделе";"Неделя";"2";"%";"0"
"2022-11-28";0.19;"A";"Данные ЦМИ";"ИПЦ";"Темп прироста к предыдущей неделе";"Неделя";"2";"%";"0"
"2022-12-05";0.58;"A";"Данные ЦМИ";"ИПЦ";"Темп прироста к предыдущей неделе";"Неделя";"2";"%";"0"
"2022-12-12";0.19;"A";"Данные ЦМИ";"ИПЦ";"Темп прироста к предыдущей неделе";"Неделя";"2";"%";"0"
"2022-12-19";0.02;"A";"Данные ЦМИ";"ИПЦ";"Темп прироста к предыдущей неделе";"Неделя";"2";"%";"0"
"2022-12-26";0.12;"A";"Данные ЦМИ";"ИПЦ";"Темп прироста к предыдущей неделе";"Неделя";"2";"%";"0"
"2023-01-09";0.24;"A";"Данные ЦМИ";"ИПЦ";"Темп прироста к предыдущей неделе";"Неделя";"2";"%";"0"
"2023-01-16";0.15;"A";"Данные ЦМИ";"ИПЦ";"Темп прироста к предыдущей неделе";"Неделя";"2";"%";"0"
"2023-01-23";0.14;"A";"Данные ЦМИ";"ИПЦ";"Темп прироста к предыдущей неделе";"Неделя";"2";"%";"0"
"2023-01-30";0.21;"A";"Данные ЦМИ";"ИПЦ";"Темп прироста к предыдущей неделе";"Неделя";"2";"%";"0"
"2023-02-06";0.26;"A";"Данные ЦМИ";"ИПЦ";"Темп прироста к предыдущей неделе";"Неделя";"2";"%";"0"
"2023-02-13";0.18;"A";"Данные ЦМИ";"ИПЦ";"Темп прироста к предыдущей неделе";"Неделя";"2";"%";"0"
"2023-02-20";0.06;"A";"Данные ЦМИ";"ИПЦ";"Темп прироста к предыдущей неделе";"Неделя";"2";"%";"0"
"2023-02-27";-0.02;"A";"Данные ЦМИ";"ИПЦ";"Темп прироста к предыдущей неделе";"Неделя";"2";"%";"0"
"2023-03-06";0;"A";"Данные ЦМИ";"ИПЦ";"Темп прироста к предыдущей неделе";"Неделя";"2";"%";"0"
"2023-03-13";0.02;"A";"Данные ЦМИ";"ИПЦ";"Темп прироста к предыдущей неделе";"Неделя";"2";"%";"0"
"2023-03-20";0.1;"A";"Данные ЦМИ";"ИПЦ";"Темп прироста к предыдущей неделе";"Неделя";"2";"%";"0"
"2023-03-27";0.05;"A";"Данные ЦМИ";"ИПЦ";"Темп прироста к предыдущей неделе";"Неделя";"2";"%";"0"
"2023-04-03";0.13;"A";"Данные ЦМИ";"ИПЦ";"Темп прироста к предыдущей неделе";"Неделя";"2";"%";"0"
"2023-04-10";0.11;"A";"Данные ЦМИ";"ИПЦ";"Темп прироста к предыдущей неделе";"Неделя";"2";"%";"0"
"2023-04-17";0.04;"A";"Данные ЦМИ";"ИПЦ";"Темп прироста к предыдущей неделе";"Неделя";"2";"%";"0"
"2023-04-24";0.1;"A";"Данные ЦМИ";"ИПЦ";"Темп прироста к предыдущей неделе";"Неделя";"2";"%";"0"
"2023-05-02";0.19;"A";"Данные ЦМИ";"ИПЦ";"Темп прироста к предыдущей неделе";"Неделя";"2";"%";"0"
"2023-05-10";0;"A";"Данные ЦМИ";"ИПЦ";"Темп прироста к предыдущей неделе";"Неделя";"2";"%";"0"
"2023-05-15";0.04;"A";"Данные ЦМИ";"ИПЦ";"Темп прироста к предыдущей неделе";"Неделя";"2";"%";"0"
"2023-05-22";0.04;"A";"Данные ЦМИ";"ИПЦ";"Темп прироста к предыдущей неделе";"Неделя";"2";"%";"0"
"2023-05-29";0.08;"A";"Данные ЦМИ";"ИПЦ";"Темп прироста к предыдущей неделе";"Неделя";"2";"%";"0"
"2023-06-05";0.21;"A";"Данные ЦМИ";"ИПЦ";"Темп прироста к предыдущей неделе";"Неделя";"2";"%";"0"
"2023-06-13";0.05;"A";"Данные ЦМИ";"ИПЦ";"Темп прироста к предыдущей неделе";"Неделя";"2";"%";"0"
"2023-06-19";0.02;"A";"Данные ЦМИ";"ИПЦ";"Темп прироста к предыдущей неделе";"Неделя";"2";"%";"0"
"2023-06-26";0.16;"A";"Данные ЦМИ";"ИПЦ";"Темп прироста к предыдущей неделе";"Неделя";"2";"%";"0"
"2023-07-03";0.13;"A";"Данные ЦМИ";"ИПЦ";"Темп прироста к предыдущей неделе";"Неделя";"2";"%";"0"
"2023-07-10";0.14;"A";"Данные ЦМИ";"ИПЦ";"Темп прироста к предыдущей неделе";"Неделя";"2";"%";"0"
"2023-07-17";0.18;"A";"Данные ЦМИ";"ИПЦ";"Темп прироста к предыдущей неделе";"Неделя";"2";"%";"0"
"2023-07-24";0.23;"A";"Данные ЦМИ";"ИПЦ";"Темп прироста к предыдущей неделе";"Неделя";"2";"%";"0"
"2023-07-31";0.13;"A";"Данные ЦМИ";"ИПЦ";"Темп прироста к предыдущей неделе";"Неделя";"2";"%";"0"
"2023-08-07";0.01;"A";"Данные ЦМИ";"ИПЦ";"Темп прироста к предыдущей неделе";"Неделя";"2";"%";"0"
"2023-08-14";0.1;"A";"Данные ЦМИ";"ИПЦ";"Темп прироста к предыдущей неделе";"Неделя";"2";"%";"0"
"2023-08-21";0.09;"A";"Данные ЦМИ";"ИПЦ";"Темп прироста к предыдущей неделе";"Неделя";"2";"%";"0"
"2023-08-28";0.03;"A";"Данные ЦМИ";"ИПЦ";"Темп прироста к предыдущей неделе";"Неделя";"2";"%";"0"
"2023-09-04";0.11;"A";"Данные ЦМИ";"ИПЦ";"Темп прироста к предыдущей неделе";"Неделя";"2";"%";"0"
"2023-09-11";0.13;"A";"Данные ЦМИ";"ИПЦ";"Темп прироста к предыдущей неделе";"Неделя";"2";"%";"0"
"2023-09-18";0.13;"A";"Данные ЦМИ";"ИПЦ";"Темп прироста к предыдущей неделе";"Неделя";"2";"%";"0"
"2023-09-25";0.28;"A";"Данные ЦМИ";"ИПЦ";"Темп прироста к предыдущей неделе";"Неделя";"2";"%";"0"
"2023-10-02";0.21;"A";"Данные ЦМИ";"ИПЦ";"Темп прироста к предыдущей неделе";"Неделя";"2";"%";"0"
"2023-10-09";0.24;"A";"Данные ЦМИ";"ИПЦ";"Темп прироста к предыдущей неделе";"Неделя";"2";"%";"0"
"2023-10-16";0.15;"A";"Данные ЦМИ";"ИПЦ";"Темп прироста к предыдущей неделе";"Неделя";"2";"%";"0"
"2023-10-23";0.24;"A";"Данные ЦМИ";"ИПЦ";"Темп прироста к предыдущей неделе";"Неделя";"2";"%";"0"
"2023-10-30";0.14;"A";"Данные ЦМИ";"ИПЦ";"Темп прироста к предыдущей неделе";"Неделя";"2";"%";"0"
"2023-11-07";0.42;"A";"Данные ЦМИ";"ИПЦ";"Темп прироста к предыдущей неделе";"Неделя";"2";"%";"0"
"2023-11-13";0.23;"A";"Данные ЦМИ";"ИПЦ";"Темп прироста к предыдущей неделе";"Неделя";"2";"%";"0"
"2023-11-20";0.2;"A";"Данные ЦМИ";"ИПЦ";"Темп прироста к предыдущей неделе";"Неделя";"2";"%";"0"
"2023-11-27";0.33;"A";"Данные ЦМИ";"ИПЦ";"Темп прироста к предыдущей неделе";"Неделя";"2";"%";"0"
"2023-12-04";0.12;"A";"Данные ЦМИ";"ИПЦ";"Темп прироста к предыдущей неделе";"Неделя";"2";"%";"0"
"2023-12-11";0.2;"A";"Данные ЦМИ";"ИПЦ";"Темп прироста к предыдущей неделе";"Неделя";"2";"%";"0"
"2023-12-18";0.18;"A";"Данные ЦМИ";"ИПЦ";"Темп прироста к предыдущей неделе";"Неделя";"2";"%";"0"
"2023-12-25";0.28;"A";"Данные ЦМИ";"ИПЦ";"Темп прироста к предыдущей неделе";"Неделя";"2";"%";"0"
"2024-01-09";0.26;"A";"Данные ЦМИ";"ИПЦ";"Темп прироста к предыдущей неделе";"Неделя";"2";"%";"0"
"2024-01-15";0.13;"A";"Данные ЦМИ";"ИПЦ";"Темп прироста к предыдущей неделе";"Неделя";"2";"%";"0"
"2024-01-22";0.07;"A";"Данные ЦМИ";"ИПЦ";"Темп прироста к предыдущей неделе";"Неделя";"2";"%";"0"
"2024-01-29";0.16;"A";"Данные ЦМИ";"ИПЦ";"Темп прироста к предыдущей неделе";"Неделя";"2";"%";"0"
"2024-02-05";0.16;"A";"Данные ЦМИ";"ИПЦ";"Темп прироста к предыдущей неделе";"Неделя";"2";"%";"0"
"2024-02-12";0.21;"A";"Данные ЦМИ";"ИПЦ";"Темп прироста к предыдущей неделе";"Неделя";"2";"%";"0"
"2024-02-19";0.11;"A";"Данные ЦМИ";"ИПЦ";"Темп прироста к предыдущей неделе";"Неделя";"2";"%";"0"
"2024-02-26";0.13;"A";"Данные ЦМИ";"ИПЦ";"Темп прироста к предыдущей неделе";"Неделя";"2";"%";"0"
"2024-03-04";0.09;"A";"Данные ЦМИ";"ИПЦ";"Темп прироста к предыдущей неделе";"Неделя";"2";"%";"0"
"2024-03-11";0;"A";"Данные ЦМИ";"ИПЦ";"Темп прироста к предыдущей неделе";"Неделя";"2";"%";"0"
"2024-03-18";0.06;"A";"Данные ЦМИ";"ИПЦ";"Темп прироста к предыдущей неделе";"Неделя";"2";"%";"0"
"2024-03-25";0.11;"A";"Данные ЦМИ";"ИПЦ";"Темп прироста к предыдущей неделе";"Неделя";"2";"%";"0"
"2024-04-01";0.1;"A";"Данные ЦМИ";"ИПЦ";"Темп прироста к предыдущей неделе";"Неделя";"2";"%";"0"
"2024-04-08";0.16;"A";"Данные ЦМИ";"ИПЦ";"Темп прироста к предыдущей неделе";"Неделя";"2";"%";"0"
"2024-04-15";0.12;"A";"Данные ЦМИ";"ИПЦ";"Темп прироста к предыдущей неделе";"Неделя";"2";"%";"0"
"2024-04-22";0.08;"A";"Данные ЦМИ";"ИПЦ";"Темп прироста к предыдущей неделе";"Неделя";"2";"%";"0"
"2024-05-02";0.06;"A";"Данные ЦМИ";"ИПЦ";"Темп прироста к предыдущей неделе";"Неделя";"2";"%";"0"
"2024-05-06";0.09;"A";"Данные ЦМИ";"ИПЦ";"Темп прироста к предыдущей неделе";"Неделя";"2";"%";"0"
"2024-05-13";0.17;"A";"Данные ЦМИ";"ИПЦ";"Темп прироста к предыдущей неделе";"Неделя";"2";"%";"0"
"2024-05-20";0.11;"A";"Данные ЦМИ";"ИПЦ";"Темп прироста к предыдущей неделе";"Неделя";"2";"%";"0"
"2024-05-27";0.1;"A";"Данные ЦМИ";"ИПЦ";"Темп прироста к предыдущей неделе";"Неделя";"2";"%";"0"
"2024-06-03";0.17;"A";"Данные ЦМИ";"ИПЦ";"Темп прироста к предыдущей неделе";"Неделя";"2";"%";"0"
"2024-06-10";0.12;"A";"Данные ЦМИ";"ИПЦ";"Темп прироста к предыдущей неделе";"Неделя";"2";"%";"0"
"2024-06-17";0.17;"A";"Данные ЦМИ";"ИПЦ";"Темп прироста к предыдущей неделе";"Неделя";"2";"%";"0"
"2024-06-24";0.22;"A";"Данные ЦМИ";"ИПЦ";"Темп прироста к предыдущей неделе";"Неделя";"2";"%";"0"
"2024-07-01";0.66;"A";"Данные ЦМИ";"ИПЦ";"Темп прироста к предыдущей неделе";"Неделя";"2";"%";"0"
"2024-07-08";0.27;"A";"Данные ЦМИ";"ИПЦ";"Темп прироста к предыдущей неделе";"Неделя";"2";"%";"0"
"2024-07-15";0.11;"A";"Данные ЦМИ";"ИПЦ";"Темп прироста к предыдущей неделе";"Неделя";"2";"%";"0"
"2024-07-22";0.11;"A";"Данные ЦМИ";"ИПЦ";"Темп прироста к предыдущей неделе";"Неделя";"2";"%";"0"
"2024-07-29";0.08;"A";"Данные ЦМИ";"ИПЦ";"Темп прироста к предыдущей неделе";"Неделя";"2";"%";"0"
"2024-08-05";0;"A";"Данные ЦМИ";"ИПЦ";"Темп прироста к предыдущей неделе";"Неделя";"2";"%";"0"
"2024-08-12";0.05;"A";"Данные ЦМИ";"ИПЦ";"Темп прироста к предыдущей неделе";"Неделя";"2";"%";"0"
"2024-08-19";0.04;"A";"Данные ЦМИ";"ИПЦ";"Темп прироста к предыдущей неделе";"Неделя";"2";"%";"0"
"2024-08-26";0.03;"A";"Данные ЦМИ";"ИПЦ";"Темп прироста к предыдущей неделе";"Неделя";"2";"%";"0"
"2024-09-02";-0.02;"A";"Данные ЦМИ";"ИПЦ";"Темп прироста к предыдущей неделе";"Неделя";"2";"%";"0"
"2024-09-09";0.09;"A";"Данные ЦМИ";"ИПЦ";"Темп прироста к предыдущей неделе";"Неделя";"2";"%";"0"
"2024-09-16";0.1;"A";"Данные ЦМИ";"ИПЦ";"Темп прироста к предыдущей неделе";"Неделя";"2";"%";"0"
"2024-09-23";0.06;"A";"Данные ЦМИ";"ИПЦ";"Темп прироста к предыдущей неделе";"Неделя";"2";"%";"0"
"2024-09-30";0.19;"A";"Данные ЦМИ";"ИПЦ";"Темп прироста к предыдущей неделе";"Неделя";"2";"%";"0"
"2024-10-07";0.14;"A";"Данные ЦМИ";"ИПЦ";"Темп прироста к предыдущей неделе";"Неделя";"2";"%";"0"
"2024-10-14";0.12;"A";"Данные ЦМИ";"ИПЦ";"Темп прироста к предыдущей неделе";"Неделя";"2";"%";"0"
"2024-10-21";0.2;"A";"Данные ЦМИ";"ИПЦ";"Темп прироста к предыдущей неделе";"Неделя";"2";"%";"0"
"2024-10-28";0.27;"A";"Данные ЦМИ";"ИПЦ";"Темп прироста к предыдущей неделе";"Неделя";"2";"%";"0"
"2024-11-05";0.19;"A";"Данные ЦМИ";"ИПЦ";"Темп прироста к предыдущей неделе";"Неделя";"2";"%";"0"
"2024-11-11";0.3;"A";"Данные ЦМИ";"ИПЦ";"Темп прироста к предыдущей неделе";"Неделя";"2";"%";"0"
"2024-11-18";0.37;"A";"Данные ЦМИ";"ИПЦ";"Темп прироста к предыдущей неделе";"Неделя";"2";"%";"0"
"2024-11-25";0.36;"A";"Данные ЦМИ";"ИПЦ";"Темп прироста к предыдущей неделе";"Неделя";"2";"%";"0"
"2024-12-02";0.5;"A";"Данные ЦМИ";"ИПЦ";"Темп прироста к предыдущей неделе";"Неделя";"2";"%";"0"
"2024-12-09";0.48;"A";"Данные ЦМИ";"ИПЦ";"Темп прироста к предыдущей неделе";"Неделя";"2";"%";"0"
"2024-12-16";0.35;"A";"Данные ЦМИ";"ИПЦ";"Темп прироста к предыдущей неделе";"Неделя";"2";"%";"0"
"2024-12-23";0.33;"A";"Данные ЦМИ";"ИПЦ";"Темп прироста к предыдущей неделе";"Неделя";"2";"%";"0"
"2025-01-09";0.54;"A";"Данные ЦМИ";"ИПЦ";"Темп прироста к предыдущей неделе";"Неделя";"2";"%";"0"
"2025-01-13";0.13;"A";"Данные ЦМИ";"ИПЦ";"Темп прироста к предыдущей неделе";"Неделя";"2";"%";"0"
"2025-01-20";0.25;"A";"Данные ЦМИ";"ИПЦ";"Темп прироста к предыдущей неделе";"Неделя";"2";"%";"0"
"2025-01-27";0.22;"A";"Данные ЦМИ";"ИПЦ";"Темп прироста к предыдущей неделе";"Неделя";"2";"%";"0"
"2025-02-03";0.16;"A";"Данные ЦМИ";"ИПЦ";"Темп прироста к предыдущей неделе";"Неделя";"2";"%";"0"
"2025-02-10";0.23;"A";"Данные ЦМИ";"ИПЦ";"Темп прироста к предыдущей неделе";"Неделя";"2";"%";"0"
"2025-02-17";0.17;"A";"Данные ЦМИ";"ИПЦ";"Темп прироста к предыдущей неделе";"Неделя";"2";"%";"0"
"2025-02-24";0.23;"A";"Данные ЦМИ";"ИПЦ";"Темп прироста к предыдущей неделе";"Неделя";"2";"%";"0"
"2025-03-03";0.15;"A";"Данные ЦМИ";"ИПЦ";"Темп прироста к предыдущей неделе";"Неделя";"2";"%";"0"
"2025-03-10";0.11;"A";"Данные ЦМИ";"ИПЦ";"Темп прироста к предыдущей неделе";"Неделя";"2";"%";"0"
"2025-03-17";0.06;"A";"Данные ЦМИ";"ИПЦ";"Темп прироста к предыдущей неделе";"Неделя";"2";"%";"0"
"2025-03-24";0.12;"A";"Данные ЦМИ";"ИПЦ";"Темп прироста к предыдущей неделе";"Неделя";"2";"%";"0"
"2025-03-31";0.2;"A";"Данные ЦМИ";"ИПЦ";"Темп прироста к предыдущей неделе";"Неделя";"2";"%";"0"
"2025-04-07";0.16;"A";"Данные ЦМИ";"ИПЦ";"Темп прироста к предыдущей неделе";"Неделя";"2";"%";"0"
"2025-04-14";0.11;"A";"Данные ЦМИ";"ИПЦ";"Темп прироста к предыдущей неделе";"Неделя";"2";"%";"0"
"2025-04-21";0.09;"A";"Данные ЦМИ";"ИПЦ";"Темп прироста к предыдущей неделе";"Неделя";"2";"%";"0"
"2025-04-28";0.11;"A";"Данные ЦМИ";"ИПЦ";"Темп прироста к предыдущей неделе";"Неделя";"2";"%";"0"
"2025-05-05";0.03;"A";"Данные ЦМИ";"ИПЦ";"Темп прироста к предыдущей неделе";"Неделя";"2";"%";"0"
"2025-05-12";0.06;"A";"Данные ЦМИ";"ИПЦ";"Темп прироста к предыдущей неделе";"Неделя";"2";"%";"0"
"2025-05-19";0.07;"A";"Данные ЦМИ";"ИПЦ";"Темп прироста к предыдущей неделе";"Неделя";"2";"%";"0"
"2025-05-26";0.06;"A";"Данные ЦМИ";"ИПЦ";"Темп прироста к предыдущей неделе";"Неделя";"2";"%";"0"
"2025-06-02";0.05;"A";"Данные ЦМИ";"ИПЦ";"Темп прироста к предыдущей неделе";"Неделя";"2";"%";"0"
"2025-06-09";0.03;"A";"Данные ЦМИ";"ИПЦ";"Темп прироста к предыдущей неделе";"Неделя";"2";"%";"0"
"2025-06-16";0.04;"A";"Данные ЦМИ";"ИПЦ";"Темп прироста к предыдущей неделе";"Неделя";"2";"%";"0"
"2025-06-23";0.04;"A";"Данные ЦМИ";"ИПЦ";"Темп прироста к предыдущей неделе";"Неделя";"2";"%";"0"
"2025-06-30";0.07;"A";"Данные ЦМИ";"ИПЦ";"Темп прироста к предыдущей неделе";"Неделя";"2";"%";"0"
"2025-07-07";0.79;"A";"Данные ЦМИ";"ИПЦ";"Темп прироста к предыдущей неделе";"Неделя";"2";"%";"0"
"2025-07-14";0.02;"A";"Данные ЦМИ";"ИПЦ";"Темп прироста к предыдущей неделе";"Неделя";"2";"%";"0"
"2025-07-21";-0.05;"A";"Данные ЦМИ";"ИПЦ";"Темп прироста к предыдущей неделе";"Неделя";"2";"%";"0"
"2025-07-28";-0.05;"A";"Данные ЦМИ";"ИПЦ";"Темп прироста к предыдущей неделе";"Неделя";"2";"%";"0"
"2025-08-04";-0.13;"A";"Данные ЦМИ";"ИПЦ";"Темп прироста к предыдущей неделе";"Неделя";"2";"%";"0"
"2025-08-11";-0.08;"A";"Данные ЦМИ";"ИПЦ";"Темп прироста к предыдущей неделе";"Неделя";"2";"%";"0"
"2025-08-18";-0.04;"A";"Данные ЦМИ";"ИПЦ";"Темп прироста к предыдущей неделе";"Неделя";"2";"%";"0"
"2025-08-25";0.02;"A";"Данные ЦМИ";"ИПЦ";"Темп прироста к предыдущей неделе";"Неделя";"2";"%";"0"
"2025-09-01";-0.08;"A";"Данные ЦМИ";"ИПЦ";"Темп прироста к предыдущей неделе";"Неделя";"2";"%";"0"
"2025-09-08";0.1;"A";"Данные ЦМИ";"ИПЦ";"Темп прироста к предыдущей неделе";"Неделя";"2";"%";"0"
"2025-09-15";0.04;"A";"Данные ЦМИ";"ИПЦ";"Темп прироста к предыдущей неделе";"Неделя";"2";"%";"0"
"2025-09-22";0.08;"A";"Данные ЦМИ";"ИПЦ";"Темп прироста к предыдущей неделе";"Неделя";"2";"%";"0"
"2025-09-29";0.13;"A";"Данные ЦМИ";"ИПЦ";"Темп прироста к предыдущей неделе";"Неделя";"2";"%";"0"
"2025-10-06";0.23;"A";"Данные ЦМИ";"ИПЦ";"Темп прироста к предыдущей неделе";"Неделя";"2";"%";"0"
"2025-10-13";0.21;"A";"Данные ЦМИ";"ИПЦ";"Темп прироста к предыдущей неделе";"Неделя";"2";"%";"0"
"2025-10-20";0.22;"A";"Данные ЦМИ";"ИПЦ";"Темп прироста к предыдущей неделе";"Неделя";"2";"%";"0"
"2025-10-27";0.16;"A";"Данные ЦМИ";"ИПЦ";"Темп прироста к предыдущей неделе";"Неделя";"2";"%";"0"
"2025-11-05";0.11;"A";"Данные ЦМИ";"ИПЦ";"Темп прироста к предыдущей неделе";"Неделя";"2";"%";"0"
"2025-11-10";0.09;"A";"Данные ЦМИ";"ИПЦ";"Темп прироста к предыдущей неделе";"Неделя";"2";"%";"0"
"2025-11-17";0.11;"A";"Данные ЦМИ";"ИПЦ";"Темп прироста к предыдущей неделе";"Неделя";"2";"%";"0"
"2025-11-24";0.14;"A";"Данные ЦМИ";"ИПЦ";"Темп прироста к предыдущей неделе";"Неделя";"2";"%";"0"
"2025-12-01";0.04;"A";"Данные ЦМИ";"ИПЦ";"Темп прироста к предыдущей неделе";"Неделя";"2";"%";"0"
"2025-12-08";0.05;"A";"Данные ЦМИ";"ИПЦ";"Темп прироста к предыдущей неделе";"Неделя";"2";"%";"0"
"2025-12-15";0.05;"A";"Данные ЦМИ";"ИПЦ";"Темп прироста к предыдущей неделе";"Неделя";"2";"%";"0"
"2025-12-22";0.2;"A";"Данные ЦМИ";"ИПЦ";"Темп прироста к предыдущей неделе";"Неделя";"2";"%";"0"
"2026-01-12";1.26;"A";"Данные ЦМИ";"ИПЦ";"Темп прироста к предыдущей неделе";"Неделя";"2";"%";"0"
"2026-01-19";0.45;"A";"Данные ЦМИ";"ИПЦ";"Темп прироста к предыдущей неделе";"Неделя";"2";"%";"0"
"2026-01-26";0.19;"A";"Данные ЦМИ";"ИПЦ";"Темп прироста к предыдущей неделе";"Неделя";"2";"%";"0"
"2026-02-02";0.2;"A";"Данные ЦМИ";"ИПЦ";"Темп прироста к предыдущей неделе";"Неделя";"2";"%";"0"
"2026-02-09";0.13;"A";"Данные ЦМИ";"ИПЦ";"Темп прироста к предыдущей неделе";"Неделя";"2";"%";"0"
"2026-02-16";0.12;"A";"Данные ЦМИ";"ИПЦ";"Темп прироста к предыдущей неделе";"Неделя";"2";"%";"0"
"2026-02-24";0.19;"A";"Данные ЦМИ";"ИПЦ";"Темп прироста к предыдущей неделе";"Неделя";"2";"%";"0"
"2026-03-02";0.08;"A";"Данные ЦМИ";"ИПЦ";"Темп прироста к предыдущей неделе";"Неделя";"2";"%";"0"
"2026-03-10";0.11;"A";"Данные ЦМИ";"ИПЦ";"Темп прироста к предыдущей неделе";"Неделя";"2";"%";"0"
"2026-03-16";0.08;"A";"Данные ЦМИ";"ИПЦ";"Темп прироста к предыдущей неделе";"Неделя";"2";"%";"0"
"2026-03-23";0.19;"A";"Данные ЦМИ";"ИПЦ";"Темп прироста к предыдущей неделе";"Неделя";"2";"%";"0"
"2026-03-30";0.17;"A";"Данные ЦМИ";"ИПЦ";"Темп прироста к предыдущей неделе";"Неделя";"2";"%";"0"
"2026-04-06";0.19;"A";"Данные ЦМИ";"ИПЦ";"Темп прироста к предыдущей неделе";"Неделя";"2";"%";"0"
"2026-04-13";0;"A";"Данные ЦМИ";"ИПЦ";"Темп прироста к предыдущей неделе";"Неделя";"2";"%";"0"
"2026-04-20";0.01;"A";"Данные ЦМИ";"ИПЦ";"Темп прироста к предыдущей неделе";"Неделя";"2";"%";"0"
"2026-04-27";0.05;"A";"Данные ЦМИ";"ИПЦ";"Темп прироста к предыдущей неделе";"Неделя";"2";"%";"0"
"2026-05-04";-0.02;"A";"Данные ЦМИ";"ИПЦ";"Темп прироста к предыдущей неделе";"Неделя";"2";"%";"0"
"2026-05-12";0.07;"A";"Данные ЦМИ";"ИПЦ";"Темп прироста к предыдущей неделе";"Неделя";"2";"%";"0"
"2026-05-18";-0.02;"A";"Данные ЦМИ";"ИПЦ";"Темп прироста к предыдущей неделе";"Неделя";"2";"%";"0"
"2026-05-25";0.07;"A";"Данные ЦМИ";"ИПЦ";"Темп прироста к предыдущей неделе";"Неделя";"2";"%";"0"
"2026-06-01";0.15;"A";"Данные ЦМИ";"ИПЦ";"Темп прироста к предыдущей неделе";"Неделя";"2";"%";"0"
"2026-06-08";0.2;"A";"Данные ЦМИ";"ИПЦ";"Темп прироста к предыдущей неделе";"Неделя";"2";"%";"0"
"2026-06-15";0.15;"A";"Данные ЦМИ";"ИПЦ";"Темп прироста к предыдущей неделе";"Неделя";"2";"%";"0"
"2026-06-22";0.25;"A";"Данные ЦМИ";"ИПЦ";"Темп прироста к предыдущей неделе";"Неделя";"2";"%";"0"
"2026-06-29";0.22;"A";"Данные ЦМИ";"ИПЦ";"Темп прироста к предыдущей неделе";"Неделя";"2";"%";"0"
"2026-07-06";0.31;"A";"Данные ЦМИ";"ИПЦ";"Темп прироста к предыдущей неделе";"Неделя";"2";"%";"0"
"2026-07-13";0.17;"A";"Данные ЦМИ";"ИПЦ";"Темп прироста к предыдущей неделе";"Неделя";"2";"%";"0"
"2026-07-20";0.17;"A";"Данные ЦМИ";"ИПЦ";"Темп прироста к предыдущей неделе";"Неделя";"2";"%";"0"
"2026-07-27";0.04;"A";"Данные ЦМИ";"ИПЦ";"Темп прироста к предыдущей неделе";"Неделя";"2";"%";"0"
"2026-08-03";-0.02;"A";"Данные ЦМИ";"ИПЦ";"Темп прироста к предыдущей неделе";"Неделя";"2";"%";"0"
"2026-08-10";-0.06;"A";"Данные ЦМИ";"ИПЦ";"Темп прироста к предыдущей неделе";"Неделя";"2";"%";"0"
"2026-08-17";-0.02;"A";"Данные ЦМИ";"ИПЦ";"Темп прироста к предыдущей неделе";"Неделя";"2";"%";"0"
"2026-08-24";0.01;"A";"Данные ЦМИ";"ИПЦ";"Темп прироста к предыдущей неделе";"Неделя";"2";"%";"0"
"2026-08-31";-0.01;"A";"Данные ЦМИ";"ИПЦ";"Темп прироста к предыдущей неделе";"Неделя";"2";"%";"0"
"2026-09-07";0.05;"A";"Данные ЦМИ";"ИПЦ";"Темп прироста к предыдущей неделе";"Неделя";"2";"%";"0"
"2026-09-14";0.02;"A";"Данные ЦМИ";"ИПЦ";"Темп прироста к предыдущей неделе";"Неделя";"2";"%";"0"
"2026-09-21";0.06;"A";"Данные ЦМИ";"ИПЦ";"Темп прироста к предыдущей неделе";"Неделя";"2";"%";"0"
"2026-09-28";0.12;"A";"Данные ЦМИ";"ИПЦ";"Темп прироста к предыдущей неделе";"Неделя";"2";"%";"0"
"2022-01-10";1.95;"A";"Данные ЦМИ";"Плодоовощная продукция, включая картофель";"Скользящее среднее за четыре недели";"Неделя";"2";"%";"0"
"2022-01-14";1.81;"A";"Данные ЦМИ";"Плодоовощная продукция, включая картофель";"Скользящее среднее за четыре недели";"Неделя";"2";"%";"0"
"2022-01-21";1.67;"A";"Данные ЦМИ";"Плодоовощная продукция, включая картофель";"Скользящее среднее за четыре недели";"Неделя";"2";"%";"0"
"2022-01-28";1.67;"A";"Данные ЦМИ";"Плодоовощная продукция, включая картофель";"Скользящее среднее за четыре недели";"Неделя";"2";"%";"0"
"2022-02-04";1.14;"A";"Данные ЦМИ";"Плодоовощная продукция, включая картофель";"Скользящее среднее за четыре недели";"Неделя";"2";"%";"0"
"2022-02-11";1.26;"A";"Данные ЦМИ";"Плодоовощная продукция, включая картофель";"Скользящее среднее за четыре недели";"Неделя";"2";"%";"0"
"2022-02-18";1.29;"A";"Данные ЦМИ";"Плодоовощная продукция, включая картофель";"Скользящее среднее за четыре недели";"Неделя";"2";"%";"0"
"2022-02-25";1.28;"A";"Данные ЦМИ";"Плодоовощная продукция, включая картофель";"Скользящее среднее за четыре недели";"Неделя";"2";"%";"0"
"2022-03-04";1.61;"A";"Данные ЦМИ";"Плодоовощная продукция, включая картофель";"Скользящее среднее за четыре недели";"Неделя";"2";"%";"0"
"2022-03-11";2.41;"A";"Данные ЦМИ";"Плодоовощная продукция, включая картофель";"Скользящее среднее за четыре недели";"Неделя";"2";"%";"0"
"2022-03-18";3.23;"A";"Данные ЦМИ";"Плодоовощная продукция, включая картофель";"Скользящее среднее за четыре недели";"Неделя";"2";"%";"0"
"2022-03-25";3.92;"A";"Данные ЦМИ";"Плодоовощная продукция, включая картофель";"Скользящее среднее за четыре недели";"Неделя";"2";"%";"0"
"2022-04-01";3.78;"A";"Данные ЦМИ";"Плодоовощная продукция, включая картофель";"Скользящее среднее за четыре недели";"Неделя";"2";"%";"0"
"2022-04-08";2.79;"A";"Данные ЦМИ";"Плодоовощная продукция, включая картофель";"Скользящее среднее за четыре недели";"Неделя";"2";"%";"0"
"2022-04-15";1.68;"A";"Данные ЦМИ";"Плодоовощная продукция, включая картофель";"Скользящее среднее за четыре недели";"Неделя";"2";"%";"0"
"2022-04-22";0.75;"A";"Данные ЦМИ";"Плодоовощная продукция, включая картофель";"Скользящее среднее за четыре недели";"Неделя";"2";"%";"0"
"2022-04-29";0.34;"A";"Данные ЦМИ";"Плодоовощная продукция, включая картофель";"Скользящее среднее за четыре недели";"Неделя";"2";"%";"0"
"2022-05-06";0.26;"A";"Данные ЦМИ";"Плодоовощная продукция, включая картофель";"Скользящее среднее за четыре недели";"Неделя";"2";"%";"0"
"2022-05-13";0.32;"A";"Данные ЦМИ";"Плодоовощная продукция, включая картофель";"Скользящее среднее за четыре недели";"Неделя";"2";"%";"0"
"2022-05-20";0.16;"A";"Данные ЦМИ";"Плодоовощная продукция, включая картофель";"Скользящее среднее за четыре недели";"Неделя";"2";"%";"0"
"2022-05-27";-0.34;"A";"Данные ЦМИ";"Плодоовощная продукция, включая картофель";"Скользящее среднее за четыре недели";"Неделя";"2";"%";"0"
"2022-06-03";-0.8;"A";"Данные ЦМИ";"Плодоовощная продукция, включая картофель";"Скользящее среднее за четыре недели";"Неделя";"2";"%";"0"
"2022-06-10";-1.31;"A";"Данные ЦМИ";"Плодоовощная продукция, включая картофель";"Скользящее среднее за четыре недели";"Неделя";"2";"%";"0"
"2022-06-17";-1.64;"A";"Данные ЦМИ";"Плодоовощная продукция, включая картофель";"Скользящее среднее за четыре недели";"Неделя";"2";"%";"0"
"2022-06-24";-2.04;"A";"Данные ЦМИ";"Плодоовощная продукция, включая картофель";"Скользящее среднее за четыре недели";"Неделя";"2";"%";"0"
"2022-07-01";-2.27;"A";"Данные ЦМИ";"Плодоовощная продукция, включая картофель";"Скользящее среднее за четыре недели";"Неделя";"2";"%";"0"
"2022-07-08";-2.48;"A";"Данные ЦМИ";"Плодоовощная продукция, включая картофель";"Скользящее среднее за четыре недели";"Неделя";"2";"%";"0"
"2022-07-15";-2.65;"A";"Данные ЦМИ";"Плодоовощная продукция, включая картофель";"Скользящее среднее за четыре недели";"Неделя";"2";"%";"0"
"2022-07-22";-2.67;"A";"Данные ЦМИ";"Плодоовощная продукция, включая картофель";"Скользящее среднее за четыре недели";"Неделя";"2";"%";"0"
"2022-08-01";-2.82;"A";"Данные ЦМИ";"Плодоовощная продукция, включая картофель";"Скользящее среднее за четыре недели";"Неделя";"2";"%";"0"
"2022-08-08";-2.76;"A";"Данные ЦМИ";"Плодоовощная продукция, включая картофель";"Скользящее среднее за четыре недели";"Неделя";"2";"%";"0"
"2022-08-15";-2.84;"A";"Данные ЦМИ";"Плодоовощная продукция, включая картофель";"Скользящее среднее за четыре недели";"Неделя";"2";"%";"0"
"2022-08-22";-2.92;"A";"Данные ЦМИ";"Плодоовощная продукция, включая картофель";"Скользящее среднее за четыре недели";"Неделя";"2";"%";"0"
"2022-08-29";-2.79;"A";"Данные ЦМИ";"Плодоовощная продукция, включая картофель";"Скользящее среднее за четыре недели";"Неделя";"2";"%";"0"
"2022-09-05";-2.83;"A";"Данные ЦМИ";"Плодоовощная продукция, включая картофель";"Скользящее среднее за четыре недели";"Неделя";"2";"%";"0"
"2022-09-12";-2.57;"A";"Данные ЦМИ";"Плодоовощная продукция, включая картофель";"Скользящее среднее за четыре недели";"Неделя";"2";"%";"0"
"2022-09-19";-1.92;"A";"Данные ЦМИ";"Плодоовощная продукция, включая картофель";"Скользящее среднее за четыре недели";"Неделя";"2";"%";"0"
"2022-09-26";-1.36;"A";"Данные ЦМИ";"Плодоовощная продукция, включая картофель";"Скользящее среднее за четыре недели";"Неделя";"2";"%";"0"
"2022-10-03";-0.58;"A";"Данные ЦМИ";"Плодоовощная продукция, включая картофель";"Скользящее среднее за четыре недели";"Неделя";"2";"%";"0"
"2022-10-10";-0.18;"A";"Данные ЦМИ";"Плодоовощная продукция, включая картофель";"Скользящее среднее за четыре недели";"Неделя";"2";"%";"0"
"2022-10-17";0.11;"A";"Данные ЦМИ";"Плодоовощная продукция, включая картофель";"Скользящее среднее за четыре недели";"Неделя";"2";"%";"0"
"2022-10-24";0.38;"A";"Данные ЦМИ";"Плодоовощная продукция, включая картофель";"Скользящее среднее за четыре недели";"Неделя";"2";"%";"0"
"2022-10-31";0.49;"A";"Данные ЦМИ";"Плодоовощная продукция, включая картофель";"Скользящее среднее за четыре недели";"Неделя";"2";"%";"0"
"2022-11-07";0.67;"A";"Данные ЦМИ";"Плодоовощная продукция, включая картофель";"Скользящее среднее за четыре недели";"Неделя";"2";"%";"0"
"2022-11-14";0.84;"A";"Данные ЦМИ";"Плодоовощная продукция, включая картофель";"Скользящее среднее за четыре недели";"Неделя";"2";"%";"0"
"2022-11-21";1.14;"A";"Данные ЦМИ";"Плодоовощная продукция, включая картофель";"Скользящее среднее за четыре недели";"Неделя";"2";"%";"0"
"2022-11-28";1.49;"A";"Данные ЦМИ";"Плодоовощная продукция, включая картофель";"Скользящее среднее за четыре недели";"Неделя";"2";"%";"0"
"2022-12-05";1.94;"A";"Данные ЦМИ";"Плодоовощная продукция, включая картофель";"Скользящее среднее за четыре недели";"Неделя";"2";"%";"0"
"2022-12-12";2.27;"A";"Данные ЦМИ";"Плодоовощная продукция, включая картофель";"Скользящее среднее за четыре недели";"Неделя";"2";"%";"0"
"2022-12-19";2.17;"A";"Данные ЦМИ";"Плодоовощная продукция, включая картофель";"Скользящее среднее за четыре недели";"Неделя";"2";"%";"0"
"2022-12-26";2.06;"A";"Данные ЦМИ";"Плодоовощная продукция, включая картофель";"Скользящее среднее за четыре недели";"Неделя";"2";"%";"0"
"2023-01-09";2.53;"A";"Данные ЦМИ";"Плодоовощная продукция, включая картофель";"Скользящее среднее за четыре недели";"Неделя";"2";"%";"0"
"2023-01-16";2.47;"A";"Данные ЦМИ";"Плодоовощная продукция, включая картофель";"Скользящее среднее за четыре недели";"Неделя";"2";"%";"0"
"2023-01-23";2.63;"A";"Данные ЦМИ";"Плодоовощная продукция, включая картофель";"Скользящее среднее за четыре недели";"Неделя";"2";"%";"0"
"2023-01-30";2.85;"A";"Данные ЦМИ";"Плодоовощная продукция, включая картофель";"Скользящее среднее за четыре недели";"Неделя";"2";"%";"0"
"2023-02-06";2.75;"A";"Данные ЦМИ";"Плодоовощная продукция, включая картофель";"Скользящее среднее за четыре недели";"Неделя";"2";"%";"0"
"2023-02-13";2.87;"A";"Данные ЦМИ";"Плодоовощная продукция, включая картофель";"Скользящее среднее за четыре недели";"Неделя";"2";"%";"0"
"2023-02-20";2.61;"A";"Данные ЦМИ";"Плодоовощная продукция, включая картофель";"Скользящее среднее за четыре недели";"Неделя";"2";"%";"0"
"2023-02-27";1.83;"A";"Данные ЦМИ";"Плодоовощная продукция, включая картофель";"Скользящее среднее за четыре недели";"Неделя";"2";"%";"0"
"2023-03-06";0.57;"A";"Данные ЦМИ";"Плодоовощная продукция, включая картофель";"Скользящее среднее за четыре недели";"Неделя";"2";"%";"0"
"2023-03-13";-0.11;"A";"Данные ЦМИ";"Плодоовощная продукция, включая картофель";"Скользящее среднее за четыре недели";"Неделя";"2";"%";"0"
"2023-03-20";-0.41;"A";"Данные ЦМИ";"Плодоовощная продукция, включая картофель";"Скользящее среднее за четыре недели";"Неделя";"2";"%";"0"
"2023-03-27";-0.14;"A";"Данные ЦМИ";"Плодоовощная продукция, включая картофель";"Скользящее среднее за четыре недели";"Неделя";"2";"%";"0"
"2023-04-03";0.36;"A";"Данные ЦМИ";"Плодоовощная продукция, включая картофель";"Скользящее среднее за четыре недели";"Неделя";"2";"%";"0"
"2023-04-10";0.41;"A";"Данные ЦМИ";"Плодоовощная продукция, включая картофель";"Скользящее среднее за четыре недели";"Неделя";"2";"%";"0"
"2023-04-17";0.64;"A";"Данные ЦМИ";"Плодоовощная продукция, включая картофель";"Скользящее среднее за четыре недели";"Неделя";"2";"%";"0"
"2023-04-24";0.8;"A";"Данные ЦМИ";"Плодоовощная продукция, включая картофель";"Скользящее среднее за четыре недели";"Неделя";"2";"%";"0"
"2023-05-02";0.72;"A";"Данные ЦМИ";"Плодоовощная продукция, включая картофель";"Скользящее среднее за четыре недели";"Неделя";"2";"%";"0"
"2023-05-10";0.74;"A";"Данные ЦМИ";"Плодоовощная продукция, включая картофель";"Скользящее среднее за четыре недели";"Неделя";"2";"%";"0"
"2023-05-15";0.62;"A";"Данные ЦМИ";"Плодоовощная продукция, включая картофель";"Скользящее среднее за четыре недели";"Неделя";"2";"%";"0"
"2023-05-22";0.29;"A";"Данные ЦМИ";"Плодоовощная продукция, включая картофель";"Скользящее среднее за четыре недели";"Неделя";"2";"%";"0"
"2023-05-29";0.05;"A";"Данные ЦМИ";"Плодоовощная продукция, включая картофель";"Скользящее среднее за четыре недели";"Неделя";"2";"%";"0"
"2023-06-05";-0.26;"A";"Данные ЦМИ";"Плодоовощная продукция, включая картофель";"Скользящее среднее за четыре недели";"Неделя";"2";"%";"0"
"2023-06-13";-0.68;"A";"Данные ЦМИ";"Плодоовощная продукция, включая картофель";"Скользящее среднее за четыре недели";"Неделя";"2";"%";"0"
"2023-06-19";-0.73;"A";"Данные ЦМИ";"Плодоовощная продукция, включая картофель";"Скользящее среднее за четыре недели";"Неделя";"2";"%";"0"
"2023-06-26";-0.54;"A";"Данные ЦМИ";"Плодоовощная продукция, включая картофель";"Скользящее среднее за четыре недели";"Неделя";"2";"%";"0"
"2023-07-03";-0.19;"A";"Данные ЦМИ";"Плодоовощная продукция, включая картофель";"Скользящее среднее за четыре недели";"Неделя";"2";"%";"0"
"2023-07-10";0.24;"A";"Данные ЦМИ";"Плодоовощная продукция, включая картофель";"Скользящее среднее за четыре недели";"Неделя";"2";"%";"0"
"2023-07-17";0.55;"A";"Данные ЦМИ";"Плодоовощная продукция, включая картофель";"Скользящее среднее за четыре недели";"Неделя";"2";"%";"0"
"2023-07-24";0.78;"A";"Данные ЦМИ";"Плодоовощная продукция, включая картофель";"Скользящее среднее за четыре недели";"Неделя";"2";"%";"0"
"2023-07-31";0.6;"A";"Данные ЦМИ";"Плодоовощная продукция, включая картофель";"Скользящее среднее за четыре недели";"Неделя";"2";"%";"0"
"2023-08-07";0.16;"A";"Данные ЦМИ";"Плодоовощная продукция, включая картофель";"Скользящее среднее за четыре недели";"Неделя";"2";"%";"0"
"2023-08-14";-0.57;"A";"Данные ЦМИ";"Плодоовощная продукция, включая картофель";"Скользящее среднее за четыре недели";"Неделя";"2";"%";"0"
"2023-08-21";-1.54;"A";"Данные ЦМИ";"Плодоовощная продукция, включая картофель";"Скользящее среднее за четыре недели";"Неделя";"2";"%";"0"
"2023-08-28";-2.04;"A";"Данные ЦМИ";"Плодоовощная продукция, включая картофель";"Скользящее среднее за четыре недели";"Неделя";"2";"%";"0"
"2023-09-04";-2.04;"A";"Данные ЦМИ";"Плодоовощная продукция, включая картофель";"Скользящее среднее за четыре недели";"Неделя";"2";"%";"0"
"2023-09-11";-1.82;"A";"Данные ЦМИ";"Плодоовощная продукция, включая картофель";"Скользящее среднее за четыре недели";"Неделя";"2";"%";"0"
"2023-09-18";-1.07;"A";"Данные ЦМИ";"Плодоовощная продукция, включая картофель";"Скользящее среднее за четыре недели";"Неделя";"2";"%";"0"
"2023-09-25";-0.44;"A";"Данные ЦМИ";"Плодоовощная продукция, включая картофель";"Скользящее среднее за четыре недели";"Неделя";"2";"%";"0"
"2023-10-02";-0.09;"A";"Данные ЦМИ";"Плодоовощная продукция, включая картофель";"Скользящее среднее за четыре недели";"Неделя";"2";"%";"0"
"2023-10-09";0.1;"A";"Данные ЦМИ";"Плодоовощная продукция, включая картофель";"Скользящее среднее за четыре недели";"Неделя";"2";"%";"0"
"2023-10-16";0.03;"A";"Данные ЦМИ";"Плодоовощная продукция, включая картофель";"Скользящее среднее за четыре недели";"Неделя";"2";"%";"0"
"2023-10-23";0.15;"A";"Данные ЦМИ";"Плодоовощная продукция, включая картофель";"Скользящее среднее за четыре недели";"Неделя";"2";"%";"0"
"2023-10-30";0.3;"A";"Данные ЦМИ";"Плодоовощная продукция, включая картофель";"Скользящее среднее за четыре недели";"Неделя";"2";"%";"0"
"2023-11-07";0.78;"A";"Данные ЦМИ";"Плодоовощная продукция, включая картофель";"Скользящее среднее за четыре недели";"Неделя";"2";"%";"0"
"2023-11-13";1.2;"A";"Данные ЦМИ";"Плодоовощная продукция, включая картофель";"Скользящее среднее за четыре недели";"Неделя";"2";"%";"0"
"2023-11-20";1.39;"A";"Данные ЦМИ";"Плодоовощная продукция, включая картофель";"Скользящее среднее за четыре недели";"Неделя";"2";"%";"0"
"2023-11-27";1.5;"A";"Данные ЦМИ";"Плодоовощная продукция, включая картофель";"Скользящее среднее за четыре недели";"Неделя";"2";"%";"0"
"2023-12-04";1.38;"A";"Данные ЦМИ";"Плодоовощная продукция, включая картофель";"Скользящее среднее за четыре недели";"Неделя";"2";"%";"0"
"2023-12-11";1.25;"A";"Данные ЦМИ";"Плодоовощная продукция, включая картофель";"Скользящее среднее за четыре недели";"Неделя";"2";"%";"0"
"2023-12-18";1.26;"A";"Данные ЦМИ";"Плодоовощная продукция, включая картофель";"Скользящее среднее за четыре недели";"Неделя";"2";"%";"0"
"2023-12-25";1.5;"A";"Данные ЦМИ";"Плодоовощная продукция, включая картофель";"Скользящее среднее за четыре недели";"Неделя";"2";"%";"0"
"2024-01-09";2.54;"A";"Данные ЦМИ";"Плодоовощная продукция, включая картофель";"Скользящее среднее за четыре недели";"Неделя";"2";"%";"0"
"2024-01-15";2.63;"A";"Данные ЦМИ";"Плодоовощная продукция, включая картофель";"Скользящее среднее за четыре недели";"Неделя";"2";"%";"0"
"2024-01-22";2.51;"A";"Данные ЦМИ";"Плодоовощная продукция, включая картофель";"Скользящее среднее за четыре недели";"Неделя";"2";"%";"0"
"2024-01-29";2.29;"A";"Данные ЦМИ";"Плодоовощная продукция, включая картофель";"Скользящее среднее за четыре недели";"Неделя";"2";"%";"0"
"2024-02-05";1.33;"A";"Данные ЦМИ";"Плодоовощная продукция, включая картофель";"Скользящее среднее за четыре недели";"Неделя";"2";"%";"0"
"2024-02-12";1.23;"A";"Данные ЦМИ";"Плодоовощная продукция, включая картофель";"Скользящее среднее за четыре недели";"Неделя";"2";"%";"0"
"2024-02-19";1.26;"A";"Данные ЦМИ";"Плодоовощная продукция, включая картофель";"Скользящее среднее за четыре недели";"Неделя";"2";"%";"0"
"2024-02-26";1.09;"A";"Данные ЦМИ";"Плодоовощная продукция, включая картофель";"Скользящее среднее за четыре недели";"Неделя";"2";"%";"0"
"2024-03-04";0.66;"A";"Данные ЦМИ";"Плодоовощная продукция, включая картофель";"Скользящее среднее за четыре недели";"Неделя";"2";"%";"0"
"2024-03-11";0.3;"A";"Данные ЦМИ";"Плодоовощная продукция, включая картофель";"Скользящее среднее за четыре недели";"Неделя";"2";"%";"0"
"2024-03-18";-0.19;"A";"Данные ЦМИ";"Плодоовощная продукция, включая картофель";"Скользящее среднее за четыре недели";"Неделя";"2";"%";"0"
"2024-03-25";-0.44;"A";"Данные ЦМИ";"Плодоовощная продукция, включая картофель";"Скользящее среднее за четыре недели";"Неделя";"2";"%";"0"
"2024-04-01";-0.41;"A";"Данные ЦМИ";"Плодоовощная продукция, включая картофель";"Скользящее среднее за четыре недели";"Неделя";"2";"%";"0"
"2024-04-08";-0.25;"A";"Данные ЦМИ";"Плодоовощная продукция, включая картофель";"Скользящее среднее за четыре недели";"Неделя";"2";"%";"0"
"2024-04-15";0;"A";"Данные ЦМИ";"Плодоовощная продукция, включая картофель";"Скользящее среднее за четыре недели";"Неделя";"2";"%";"0"
"2024-04-22";0.12;"A";"Данные ЦМИ";"Плодоовощная продукция, включая картофель";"Скользящее среднее за четыре недели";"Неделя";"2";"%";"0"
"2024-05-02";0.13;"A";"Данные ЦМИ";"Плодоовощная продукция, включая картофель";"Скользящее среднее за четыре недели";"Неделя";"2";"%";"0"
"2024-05-06";0.11;"A";"Данные ЦМИ";"Плодоовощная продукция, включая картофель";"Скользящее среднее за четыре недели";"Неделя";"2";"%";"0"
"2024-05-13";0.19;"A";"Данные ЦМИ";"Плодоовощная продукция, включая картофель";"Скользящее среднее за четыре недели";"Неделя";"2";"%";"0"
"2024-05-20";0.27;"A";"Данные ЦМИ";"Плодоовощная продукция, включая картофель";"Скользящее среднее за четыре недели";"Неделя";"2";"%";"0"
"2024-05-27";0.39;"A";"Данные ЦМИ";"Плодоовощная продукция, включая картофель";"Скользящее среднее за четыре недели";"Неделя";"2";"%";"0"
"2024-06-03";0.36;"A";"Данные ЦМИ";"Плодоовощная продукция, включая картофель";"Скользящее среднее за четыре недели";"Неделя";"2";"%";"0"
"2024-06-10";0.44;"A";"Данные ЦМИ";"Плодоовощная продукция, включая картофель";"Скользящее среднее за четыре недели";"Неделя";"2";"%";"0"
"2024-06-17";0.66;"A";"Данные ЦМИ";"Плодоовощная продукция, включая картофель";"Скользящее среднее за четыре недели";"Неделя";"2";"%";"0"
"2024-06-24";0.81;"A";"Данные ЦМИ";"Плодоовощная продукция, включая картофель";"Скользящее среднее за четыре недели";"Неделя";"2";"%";"0"
"2024-07-01";1.05;"A";"Данные ЦМИ";"Плодоовощная продукция, включая картофель";"Скользящее среднее за четыре недели";"Неделя";"2";"%";"0"
"2024-07-08";0.95;"A";"Данные ЦМИ";"Плодоовощная продукция, включая картофель";"Скользящее среднее за четыре недели";"Неделя";"2";"%";"0"
"2024-07-15";0.64;"A";"Данные ЦМИ";"Плодоовощная продукция, включая картофель";"Скользящее среднее за четыре недели";"Неделя";"2";"%";"0"
"2024-07-22";0.28;"A";"Данные ЦМИ";"Плодоовощная продукция, включая картофель";"Скользящее среднее за четыре недели";"Неделя";"2";"%";"0"
"2024-07-29";-0.2;"A";"Данные ЦМИ";"Плодоовощная продукция, включая картофель";"Скользящее среднее за четыре недели";"Неделя";"2";"%";"0"
"2024-08-05";-0.54;"A";"Данные ЦМИ";"Плодоовощная продукция, включая картофель";"Скользящее среднее за четыре недели";"Неделя";"2";"%";"0"
"2024-08-12";-0.8;"A";"Данные ЦМИ";"Плодоовощная продукция, включая картофель";"Скользящее среднее за четыре недели";"Неделя";"2";"%";"0"
"2024-08-19";-1.09;"A";"Данные ЦМИ";"Плодоовощная продукция, включая картофель";"Скользящее среднее за четыре недели";"Неделя";"2";"%";"0"
"2024-08-26";-1.22;"A";"Данные ЦМИ";"Плодоовощная продукция, включая картофель";"Скользящее среднее за четыре недели";"Неделя";"2";"%";"0"
"2024-09-02";-1.4;"A";"Данные ЦМИ";"Плодоовощная продукция, включая картофель";"Скользящее среднее за четыре недели";"Неделя";"2";"%";"0"
"2024-09-09";-1.58;"A";"Данные ЦМИ";"Плодоовощная продукция, включая картофель";"Скользящее среднее за четыре недели";"Неделя";"2";"%";"0"
"2024-09-16";-1.58;"A";"Данные ЦМИ";"Плодоовощная продукция, включая картофель";"Скользящее среднее за четыре недели";"Неделя";"2";"%";"0"
"2024-09-23";-1.58;"A";"Данные ЦМИ";"Плодоовощная продукция, включая картофель";"Скользящее среднее за четыре недели";"Неделя";"2";"%";"0"
"2024-09-30";-1.32;"A";"Данные ЦМИ";"Плодоовощная продукция, включая картофель";"Скользящее среднее за четыре недели";"Неделя";"2";"%";"0"
"2024-10-07";-1.2;"A";"Данные ЦМИ";"Плодоовощная продукция, включая картофель";"Скользящее среднее за четыре недели";"Неделя";"2";"%";"0"
"2024-10-14";-0.87;"A";"Данные ЦМИ";"Плодоовощная продукция, включая картофель";"Скользящее среднее за четыре недели";"Неделя";"2";"%";"0"
"2024-10-21";-0.5;"A";"Данные ЦМИ";"Плодоовощная продукция, включая картофель";"Скользящее среднее за четыре недели";"Неделя";"2";"%";"0"
"2024-10-28";0.1;"A";"Данные ЦМИ";"Плодоовощная продукция, включая картофель";"Скользящее среднее за четыре недели";"Неделя";"2";"%";"0"
"2024-11-05";1.4;"A";"Данные ЦМИ";"Плодоовощная продукция, включая картофель";"Скользящее среднее за четыре недели";"Неделя";"2";"%";"0"
"2024-11-11";2.35;"A";"Данные ЦМИ";"Плодоовощная продукция, включая картофель";"Скользящее среднее за четыре недели";"Неделя";"2";"%";"0"
"2024-11-18";3.35;"A";"Данные ЦМИ";"Плодоовощная продукция, включая картофель";"Скользящее среднее за четыре недели";"Неделя";"2";"%";"0"
"2024-11-25";3.88;"A";"Данные ЦМИ";"Плодоовощная продукция, включая картофель";"Скользящее среднее за четыре недели";"Неделя";"2";"%";"0"
"2024-12-02";3.78;"A";"Данные ЦМИ";"Плодоовощная продукция, включая картофель";"Скользящее среднее за четыре недели";"Неделя";"2";"%";"0"
"2024-12-09";3.68;"A";"Данные ЦМИ";"Плодоовощная продукция, включая картофель";"Скользящее среднее за четыре недели";"Неделя";"2";"%";"0"
"2024-12-16";3.5;"A";"Данные ЦМИ";"Плодоовощная продукция, включая картофель";"Скользящее среднее за четыре недели";"Неделя";"2";"%";"0"
"2024-12-23";3.2;"A";"Данные ЦМИ";"Плодоовощная продукция, включая картофель";"Скользящее среднее за четыре недели";"Неделя";"2";"%";"0"
"2025-01-09";2.95;"A";"Данные ЦМИ";"Плодоовощная продукция, включая картофель";"Скользящее среднее за четыре недели";"Неделя";"2";"%";"0"
"2025-01-13";2.22;"A";"Данные ЦМИ";"Плодоовощная продукция, включая картофель";"Скользящее среднее за четыре недели";"Неделя";"2";"%";"0"
"2025-01-20";1.5;"A";"Данные ЦМИ";"Плодоовощная продукция, включая картофель";"Скользящее среднее за четыре недели";"Неделя";"2";"%";"0"
"2025-01-27";0.98;"A";"Данные ЦМИ";"Плодоовощная продукция, включая картофель";"Скользящее среднее за четыре недели";"Неделя";"2";"%";"0"
"2025-02-03";0.52;"A";"Данные ЦМИ";"Плодоовощная продукция, включая картофель";"Скользящее среднее за четыре недели";"Неделя";"2";"%";"0"
"2025-02-10";0.73;"A";"Данные ЦМИ";"Плодоовощная продукция, включая картофель";"Скользящее среднее за четыре недели";"Неделя";"2";"%";"0"
"2025-02-17";0.78;"A";"Данные ЦМИ";"Плодоовощная продукция, включая картофель";"Скользящее среднее за четыре недели";"Неделя";"2";"%";"0"
"2025-02-24";0.9;"A";"Данные ЦМИ";"Плодоовощная продукция, включая картофель";"Скользящее среднее за четыре недели";"Неделя";"2";"%";"0"
"2025-03-03";0.75;"A";"Данные ЦМИ";"Плодоовощная продукция, включая картофель";"Скользящее среднее за четыре недели";"Неделя";"2";"%";"0"
"2025-03-10";0.35;"A";"Данные ЦМИ";"Плодоовощная продукция, включая картофель";"Скользящее среднее за четыре недели";"Неделя";"2";"%";"0"
"2025-03-17";0;"A";"Данные ЦМИ";"Плодоовощная продукция, включая картофель";"Скользящее среднее за четыре недели";"Неделя";"2";"%";"0"
"2025-03-24";-0.12;"A";"Данные ЦМИ";"Плодоовощная продукция, включая картофель";"Скользящее среднее за четыре недели";"Неделя";"2";"%";"0"
"2025-03-31";0.15;"A";"Данные ЦМИ";"Плодоовощная продукция, включая картофель";"Скользящее среднее за четыре недели";"Неделя";"2";"%";"0"
"2025-04-07";0.5;"A";"Данные ЦМИ";"Плодоовощная продукция, включая картофель";"Скользящее среднее за четыре недели";"Неделя";"2";"%";"0"
"2025-04-14";0.95;"A";"Данные ЦМИ";"Плодоовощная продукция, включая картофель";"Скользящее среднее за четыре недели";"Неделя";"2";"%";"0"
"2025-04-21";1.15;"A";"Данные ЦМИ";"Плодоовощная продукция, включая картофель";"Скользящее среднее за четыре недели";"Неделя";"2";"%";"0"
"2025-04-28";0.82;"A";"Данные ЦМИ";"Плодоовощная продукция, включая картофель";"Скользящее среднее за четыре недели";"Неделя";"2";"%";"0"
"2025-05-05";0.52;"A";"Данные ЦМИ";"Плодоовощная продукция, включая картофель";"Скользящее среднее за четыре недели";"Неделя";"2";"%";"0"
"2025-05-12";0.1;"A";"Данные ЦМИ";"Плодоовощная продукция, включая картофель";"Скользящее среднее за четыре недели";"Неделя";"2";"%";"0"
"2025-05-19";-0.5;"A";"Данные ЦМИ";"Плодоовощная продукция, включая картофель";"Скользящее среднее за четыре недели";"Неделя";"2";"%";"0"
"2025-05-26";-0.7;"A";"Данные ЦМИ";"Плодоовощная продукция, включая картофель";"Скользящее среднее за четыре недели";"Неделя";"2";"%";"0"
"2025-06-02";-0.88;"A";"Данные ЦМИ";"Плодоовощная продукция, включая картофель";"Скользящее среднее за четыре недели";"Неделя";"2";"%";"0"
"2025-06-09";-0.88;"A";"Данные ЦМИ";"Плодоовощная продукция, включая картофель";"Скользящее среднее за четыре недели";"Неделя";"2";"%";"0"
"2025-06-16";-0.65;"A";"Данные ЦМИ";"Плодоовощная продукция, включая картофель";"Скользящее среднее за четыре недели";"Неделя";"2";"%";"0"
"2025-06-23";-0.52;"A";"Данные ЦМИ";"Плодоовощная продукция, включая картофель";"Скользящее среднее за четыре недели";"Неделя";"2";"%";"0"
"2025-06-30";-0.3;"A";"Данные ЦМИ";"Плодоовощная продукция, включая картофель";"Скользящее среднее за четыре недели";"Неделя";"2";"%";"0"
"2025-07-07";-0.32;"A";"Данные ЦМИ";"Плодоовощная продукция, включая картофель";"Скользящее среднее за четыре недели";"Неделя";"2";"%";"0"
"2025-07-14";-0.85;"A";"Данные ЦМИ";"Плодоовощная продукция, включая картофель";"Скользящее среднее за четыре недели";"Неделя";"2";"%";"0"
"2025-07-21";-1.65;"A";"Данные ЦМИ";"Плодоовощная продукция, включая картофель";"Скользящее среднее за четыре недели";"Неделя";"2";"%";"0"
"2025-07-28";-2.65;"A";"Данные ЦМИ";"Плодоовощная продукция, включая картофель";"Скользящее среднее за четыре недели";"Неделя";"2";"%";"0"
"2025-08-04";-3.62;"A";"Данные ЦМИ";"Плодоовощная продукция, включая картофель";"Скользящее среднее за четыре недели";"Неделя";"2";"%";"0"
"2025-08-11";-4.07;"A";"Данные ЦМИ";"Плодоовощная продукция, включая картофель";"Скользящее среднее за четыре недели";"Неделя";"2";"%";"0"
"2025-08-18";-4.12;"A";"Данные ЦМИ";"Плодоовощная продукция, включая картофель";"Скользящее среднее за четыре недели";"Неделя";"2";"%";"0"
"2025-08-25";-3.9;"A";"Данные ЦМИ";"Плодоовощная продукция, включая картофель";"Скользящее среднее за четыре недели";"Неделя";"2";"%";"0"
"2025-09-01";-3.55;"A";"Данные ЦМИ";"Плодоовощная продукция, включая картофель";"Скользящее среднее за четыре недели";"Неделя";"2";"%";"0"
"2025-09-08";-3.03;"A";"Данные ЦМИ";"Плодоовощная продукция, включая картофель";"Скользящее среднее за четыре недели";"Неделя";"2";"%";"0"
"2025-09-15";-2.25;"A";"Данные ЦМИ";"Плодоовощная продукция, включая картофель";"Скользящее среднее за четыре недели";"Неделя";"2";"%";"0"
"2025-09-22";-1.45;"A";"Данные ЦМИ";"Плодоовощная продукция, включая картофель";"Скользящее среднее за четыре недели";"Неделя";"2";"%";"0"
"2025-09-29";-0.6;"A";"Данные ЦМИ";"Плодоовощная продукция, включая картофель";"Скользящее среднее за четыре недели";"Неделя";"2";"%";"0"
"2025-10-06";0.18;"A";"Данные ЦМИ";"Плодоовощная продукция, включая картофель";"Скользящее среднее за четыре недели";"Неделя";"2";"%";"0"
"2025-10-13";0.73;"A";"Данные ЦМИ";"Плодоовощная продукция, включая картофель";"Скользящее среднее за четыре недели";"Неделя";"2";"%";"0"
"2025-10-20";1.2;"A";"Данные ЦМИ";"Плодоовощная продукция, включая картофель";"Скользящее среднее за четыре недели";"Неделя";"2";"%";"0"
"2025-10-27";1.42;"A";"Данные ЦМИ";"Плодоовощная продукция, включая картофель";"Скользящее среднее за четыре недели";"Неделя";"2";"%";"0"
"2025-11-05";1.5;"A";"Данные ЦМИ";"Плодоовощная продукция, включая картофель";"Скользящее среднее за четыре недели";"Неделя";"2";"%";"0"
"2025-11-10";1.52;"A";"Данные ЦМИ";"Плодоовощная продукция, включая картофель";"Скользящее среднее за четыре недели";"Неделя";"2";"%";"0"
"2025-11-17";1.52;"A";"Данные ЦМИ";"Плодоовощная продукция, включая картофель";"Скользящее среднее за четыре недели";"Неделя";"2";"%";"0"
"2025-11-24";1.58;"A";"Данные ЦМИ";"Плодоовощная продукция, включая картофель";"Скользящее среднее за четыре недели";"Неделя";"2";"%";"0"
"2025-12-01";1.42;"A";"Данные ЦМИ";"Плодоовощная продукция, включая картофель";"Скользящее среднее за четыре недели";"Неделя";"2";"%";"0"
"2025-12-08";0.98;"A";"Данные ЦМИ";"Плодоовощная продукция, включая картофель";"Скользящее среднее за четыре недели";"Неделя";"2";"%";"0"
"2025-12-15";0.68;"A";"Данные ЦМИ";"Плодоовощная продукция, включая картофель";"Скользящее среднее за четыре недели";"Неделя";"2";"%";"0"
"2025-12-22";0.92;"A";"Данные ЦМИ";"Плодоовощная продукция, включая картофель";"Скользящее среднее за четыре недели";"Неделя";"2";"%";"0"
"2026-01-12";2.7;"A";"Данные ЦМИ";"Плодоовощная продукция, включая картофель";"Скользящее среднее за четыре недели";"Неделя";"2";"%";"0"
"2026-01-19";3.4;"A";"Данные ЦМИ";"Плодоовощная продукция, включая картофель";"Скользящее среднее за четыре недели";"Неделя";"2";"%";"0"
"2026-01-26";3.73;"A";"Данные ЦМИ";"Плодоовощная продукция, включая картофель";"Скользящее среднее за четыре недели";"Неделя";"2";"%";"0"
"2026-02-02";3.68;"A";"Данные ЦМИ";"Плодоовощная продукция, включая картофель";"Скользящее среднее за четыре недели";"Неделя";"2";"%";"0"
"2026-02-09";2.12;"A";"Данные ЦМИ";"Плодоовощная продукция, включая картофель";"Скользящее среднее за четыре недели";"Неделя";"2";"%";"0"
"2026-02-16";1.62;"A";"Данные ЦМИ";"Плодоовощная продукция, включая картофель";"Скользящее среднее за четыре недели";"Неделя";"2";"%";"0"
"2026-02-24";1.15;"A";"Данные ЦМИ";"Плодоовощная продукция, включая картофель";"Скользящее среднее за четыре недели";"Неделя";"2";"%";"0"
"2026-03-02";0.5;"A";"Данные ЦМИ";"Плодоовощная продукция, включая картофель";"Скользящее среднее за четыре недели";"Неделя";"2";"%";"0"
"2026-03-10";0.05;"A";"Данные ЦМИ";"Плодоовощная продукция, включая картофель";"Скользящее среднее за четыре недели";"Неделя";"2";"%";"0"
"2026-03-16";-0.18;"A";"Данные ЦМИ";"Плодоовощная продукция, включая картофель";"Скользящее среднее за четыре недели";"Неделя";"2";"%";"0"
"2026-03-23";-0.2;"A";"Данные ЦМИ";"Плодоовощная продукция, включая картофель";"Скользящее среднее за четыре недели";"Неделя";"2";"%";"0"
"2026-03-30";-0.12;"A";"Данные ЦМИ";"Плодоовощная продукция, включая картофель";"Скользящее среднее за четыре недели";"Неделя";"2";"%";"0"
"2026-04-06";-0.05;"A";"Данные ЦМИ";"Плодоовощная продукция, включая картофель";"Скользящее среднее за четыре недели";"Неделя";"2";"%";"0"
"2026-04-13";-0.02;"A";"Данные ЦМИ";"Плодоовощная продукция, включая картофель";"Скользящее среднее за четыре недели";"Неделя";"2";"%";"0"
"2026-04-20";-0.25;"A";"Данные ЦМИ";"Плодоовощная продукция, включая картофель";"Скользящее среднее за четыре недели";"Неделя";"2";"%";"0"
"2026-04-27";-0.6;"A";"Данные ЦМИ";"Плодоовощная продукция, включая картофель";"Скользящее среднее за четыре недели";"Неделя";"2";"%";"0"
"2026-05-04";-1.33;"A";"Данные ЦМИ";"Плодоовощная продукция, включая картофель";"Скользящее среднее за четыре недели";"Неделя";"2";"%";"0"
"2026-05-12";-2.12;"A";"Данные ЦМИ";"Плодоовощная продукция, включая картофель";"Скользящее среднее за четыре недели";"Неделя";"2";"%";"0"
"2026-05-18";-2.45;"A";"Данные ЦМИ";"Плодоовощная продукция, включая картофель";"Скользящее среднее за четыре недели";"Неделя";"2";"%";"0"
"2026-05-25";-2.08;"A";"Данные ЦМИ";"Плодоовощная продукция, включая картофель";"Скользящее среднее за четыре недели";"Неделя";"2";"%";"0"
"2026-06-01";-1.12;"A";"Данные ЦМИ";"Плодоовощная продукция, включая картофель";"Скользящее среднее за четыре недели";"Неделя";"2";"%";"0"
"2026-06-08";0.25;"A";"Данные ЦМИ";"Плодоовощная продукция, включая картофель";"Скользящее среднее за четыре недели";"Неделя";"2";"%";"0"
"2026-06-15";1.2;"A";"Данные ЦМИ";"Плодоовощная продукция, включая картофель";"Скользящее среднее за четыре недели";"Неделя";"2";"%";"0"
"2026-06-22";1.6;"A";"Данные ЦМИ";"Плодоовощная продукция, включая картофель";"Скользящее среднее за четыре недели";"Неделя";"2";"%";"0"
"2026-06-29";1.5;"A";"Данные ЦМИ";"Плодоовощная продукция, включая картофель";"Скользящее среднее за четыре недели";"Неделя";"2";"%";"0"
"2026-07-06";0.85;"A";"Данные ЦМИ";"Плодоовощная продукция, включая картофель";"Скользящее среднее за четыре недели";"Неделя";"2";"%";"0"
"2026-07-13";0.2;"A";"Данные ЦМИ";"Плодоовощная продукция, включая картофель";"Скользящее среднее за четыре недели";"Неделя";"2";"%";"0"
"2026-07-20";-0.42;"A";"Данные ЦМИ";"Плодоовощная продукция, включая картофель";"Скользящее среднее за четыре недели";"Неделя";"2";"%";"0"
"2026-07-27";-0.8;"A";"Данные ЦМИ";"Плодоовощная продукция, включая картофель";"Скользящее среднее за четыре недели";"Неделя";"2";"%";"0"
"2026-08-03";-0.88;"A";"Данные ЦМИ";"Плодоовощная продукция, включая картофель";"Скользящее среднее за четыре недели";"Неделя";"2";"%";"0"
"2026-08-10";-0.9;"A";"Данные ЦМИ";"Плодоовощная продукция, включая картофель";"Скользящее среднее за четыре недели";"Неделя";"2";"%";"0"
"2026-08-17";-1.18;"A";"Данные ЦМИ";"Плодоовощная продукция, включая картофель";"Скользящее среднее за четыре недели";"Неделя";"2";"%";"0"
"2026-08-24";-1.45;"A";"Данные ЦМИ";"Плодоовощная продукция, включая картофель";"Скользящее среднее за четыре недели";"Неделя";"2";"%";"0"
"2026-08-31";-1.7;"A";"Данные ЦМИ";"Плодоовощная продукция, включая картофель";"Скользящее среднее за четыре недели";"Неделя";"2";"%";"0"
"2026-09-07";-1.88;"A";"Данные ЦМИ";"Плодоовощная продукция, включая картофель";"Скользящее среднее за четыре недели";"Неделя";"2";"%";"0"
"2026-09-14";-1.6;"A";"Данные ЦМИ";"Плодоовощная продукция, включая картофель";"Скользящее среднее за четыре недели";"Неделя";"2";"%";"0"
"2026-09-21";-1.52;"A";"Данные ЦМИ";"Плодоовощная продукция, включая картофель";"Скользящее среднее за четыре недели";"Неделя";"2";"%";"0"
"2026-09-28";-1.4;"A";"Данные ЦМИ";"Плодоовощная продукция, включая картофель";"Скользящее среднее за четыре недели";"Неделя";"2";"%";"0"
"2022-01-10";3.66;"A";"Данные ЦМИ";"Плодоовощная продукция, включая картофель";"Темп прироста к предыдущей неделе";"Неделя";"2";"%";"0"
"2022-01-14";0.88;"A";"Данные ЦМИ";"Плодоовощная продукция, включая картофель";"Темп прироста к предыдущей неделе";"Неделя";"2";"%";"0"
"2022-01-21";0.99;"A";"Данные ЦМИ";"Плодоовощная продукция, включая картофель";"Темп прироста к предыдущей неделе";"Неделя";"2";"%";"0"
"2022-01-28";1.16;"A";"Данные ЦМИ";"Плодоовощная продукция, включая картофель";"Темп прироста к предыдущей неделе";"Неделя";"2";"%";"0"
"2022-02-04";1.54;"A";"Данные ЦМИ";"Плодоовощная продукция, включая картофель";"Темп прироста к предыдущей неделе";"Неделя";"2";"%";"0"
"2022-02-11";1.36;"A";"Данные ЦМИ";"Плодоовощная продукция, включая картофель";"Темп прироста к предыдущей неделе";"Неделя";"2";"%";"0"
"2022-02-18";1.11;"A";"Данные ЦМИ";"Плодоовощная продукция, включая картофель";"Темп прироста к предыдущей неделе";"Неделя";"2";"%";"0"
"2022-02-25";1.11;"A";"Данные ЦМИ";"Плодоовощная продукция, включая картофель";"Темп прироста к предыдущей неделе";"Неделя";"2";"%";"0"
"2022-03-04";2.86;"A";"Данные ЦМИ";"Плодоовощная продукция, включая картофель";"Темп прироста к предыдущей неделе";"Неделя";"2";"%";"0"
"2022-03-11";4.55;"A";"Данные ЦМИ";"Плодоовощная продукция, включая картофель";"Темп прироста к предыдущей неделе";"Неделя";"2";"%";"0"
"2022-03-18";4.4;"A";"Данные ЦМИ";"Плодоовощная продукция, включая картофель";"Темп прироста к предыдущей неделе";"Неделя";"2";"%";"0"
"2022-03-25";3.87;"A";"Данные ЦМИ";"Плодоовощная продукция, включая картофель";"Темп прироста к предыдущей неделе";"Неделя";"2";"%";"0"
"2022-04-01";2.31;"A";"Данные ЦМИ";"Плодоовощная продукция, включая картофель";"Темп прироста к предыдущей неделе";"Неделя";"2";"%";"0"
"2022-04-08";0.58;"A";"Данные ЦМИ";"Плодоовощная продукция, включая картофель";"Темп прироста к предыдущей неделе";"Неделя";"2";"%";"0"
"2022-04-15";-0.04;"A";"Данные ЦМИ";"Плодоовощная продукция, включая картофель";"Темп прироста к предыдущей неделе";"Неделя";"2";"%";"0"
"2022-04-22";0.15;"A";"Данные ЦМИ";"Плодоовощная продукция, включая картофель";"Темп прироста к предыдущей неделе";"Неделя";"2";"%";"0"
"2022-04-29";0.69;"A";"Данные ЦМИ";"Плодоовощная продукция, включая картофель";"Темп прироста к предыдущей неделе";"Неделя";"2";"%";"0"
"2022-05-06";0.25;"A";"Данные ЦМИ";"Плодоовощная продукция, включая картофель";"Темп прироста к предыдущей неделе";"Неделя";"2";"%";"0"
"2022-05-13";0.18;"A";"Данные ЦМИ";"Плодоовощная продукция, включая картофель";"Темп прироста к предыдущей неделе";"Неделя";"2";"%";"0"
"2022-05-20";-0.48;"A";"Данные ЦМИ";"Плодоовощная продукция, включая картофель";"Темп прироста к предыдущей неделе";"Неделя";"2";"%";"0"
"2022-05-27";-1.3;"A";"Данные ЦМИ";"Плодоовощная продукция, включая картофель";"Темп прироста к предыдущей неделе";"Неделя";"2";"%";"0"
"2022-06-03";-1.61;"A";"Данные ЦМИ";"Плодоовощная продукция, включая картофель";"Темп прироста к предыдущей неделе";"Неделя";"2";"%";"0"
"2022-06-10";-1.86;"A";"Данные ЦМИ";"Плодоовощная продукция, включая картофель";"Темп прироста к предыдущей неделе";"Неделя";"2";"%";"0"
"2022-06-17";-1.79;"A";"Данные ЦМИ";"Плодоовощная продукция, включая картофель";"Темп прироста к предыдущей неделе";"Неделя";"2";"%";"0"
"2022-06-24";-2.89;"A";"Данные ЦМИ";"Плодоовощная продукция, включая картофель";"Темп прироста к предыдущей неделе";"Неделя";"2";"%";"0"
"2022-07-01";-2.55;"A";"Данные ЦМИ";"Плодоовощная продукция, включая картофель";"Темп прироста к предыдущей неделе";"Неделя";"2";"%";"0"
"2022-07-08";-2.71;"A";"Данные ЦМИ";"Плодоовощная продукция, включая картофель";"Темп прироста к предыдущей неделе";"Неделя";"2";"%";"0"
"2022-07-15";-2.45;"A";"Данные ЦМИ";"Плодоовощная продукция, включая картофель";"Темп прироста к предыдущей неделе";"Неделя";"2";"%";"0"
"2022-07-22";-2.96;"A";"Данные ЦМИ";"Плодоовощная продукция, включая картофель";"Темп прироста к предыдущей неделе";"Неделя";"2";"%";"0"
"2022-08-01";-3.15;"A";"Данные ЦМИ";"Плодоовощная продукция, включая картофель";"Темп прироста к предыдущей неделе";"Неделя";"2";"%";"0"
"2022-08-08";-2.46;"A";"Данные ЦМИ";"Плодоовощная продукция, включая картофель";"Темп прироста к предыдущей неделе";"Неделя";"2";"%";"0"
"2022-08-15";-2.77;"A";"Данные ЦМИ";"Плодоовощная продукция, включая картофель";"Темп прироста к предыдущей неделе";"Неделя";"2";"%";"0"
"2022-08-22";-3.28;"A";"Данные ЦМИ";"Плодоовощная продукция, включая картофель";"Темп прироста к предыдущей неделе";"Неделя";"2";"%";"0"
"2022-08-29";-2.65;"A";"Данные ЦМИ";"Плодоовощная продукция, включая картофель";"Темп прироста к предыдущей неделе";"Неделя";"2";"%";"0"
"2022-09-05";-2.63;"A";"Данные ЦМИ";"Плодоовощная продукция, включая картофель";"Темп прироста к предыдущей неделе";"Неделя";"2";"%";"0"
"2022-09-12";-1.72;"A";"Данные ЦМИ";"Плодоовощная продукция, включая картофель";"Темп прироста к предыдущей неделе";"Неделя";"2";"%";"0"
"2022-09-19";-0.68;"A";"Данные ЦМИ";"Плодоовощная продукция, включая картофель";"Темп прироста к предыдущей неделе";"Неделя";"2";"%";"0"
"2022-09-26";-0.39;"A";"Данные ЦМИ";"Плодоовощная продукция, включая картофель";"Темп прироста к предыдущей неделе";"Неделя";"2";"%";"0"
"2022-10-03";0.47;"A";"Данные ЦМИ";"Плодоовощная продукция, включая картофель";"Темп прироста к предыдущей неделе";"Неделя";"2";"%";"0"
"2022-10-10";-0.12;"A";"Данные ЦМИ";"Плодоовощная продукция, включая картофель";"Темп прироста к предыдущей неделе";"Неделя";"2";"%";"0"
"2022-10-17";0.48;"A";"Данные ЦМИ";"Плодоовощная продукция, включая картофель";"Темп прироста к предыдущей неделе";"Неделя";"2";"%";"0"
"2022-10-24";0.7;"A";"Данные ЦМИ";"Плодоовощная продукция, включая картофель";"Темп прироста к предыдущей неделе";"Неделя";"2";"%";"0"
"2022-10-31";0.9;"A";"Данные ЦМИ";"Плодоовощная продукция, включая картофель";"Темп прироста к предыдущей неделе";"Неделя";"2";"%";"0"
"2022-11-07";0.62;"A";"Данные ЦМИ";"Плодоовощная продукция, включая картофель";"Темп прироста к предыдущей неделе";"Неделя";"2";"%";"0"
"2022-11-14";1.14;"A";"Данные ЦМИ";"Плодоовощная продукция, включая картофель";"Темп прироста к предыдущей неделе";"Неделя";"2";"%";"0"
"2022-11-21";1.92;"A";"Данные ЦМИ";"Плодоовощная продукция, включая картофель";"Темп прироста к предыдущей неделе";"Неделя";"2";"%";"0"
"2022-11-28";2.3;"A";"Данные ЦМИ";"Плодоовощная продукция, включая картофель";"Темп прироста к предыдущей неделе";"Неделя";"2";"%";"0"
"2022-12-05";2.39;"A";"Данные ЦМИ";"Плодоовощная продукция, включая картофель";"Темп прироста к предыдущей неделе";"Неделя";"2";"%";"0"
"2022-12-12";2.48;"A";"Данные ЦМИ";"Плодоовощная продукция, включая картофель";"Темп прироста к предыдущей неделе";"Неделя";"2";"%";"0"
"2022-12-19";1.52;"A";"Данные ЦМИ";"Плодоовощная продукция, включая картофель";"Темп прироста к предыдущей неделе";"Неделя";"2";"%";"0"
"2022-12-26";1.85;"A";"Данные ЦМИ";"Плодоовощная продукция, включая картофель";"Темп прироста к предыдущей неделе";"Неделя";"2";"%";"0"
"2023-01-09";4.27;"A";"Данные ЦМИ";"Плодоовощная продукция, включая картофель";"Темп прироста к предыдущей неделе";"Неделя";"2";"%";"0"
"2023-01-16";2.22;"A";"Данные ЦМИ";"Плодоовощная продукция, включая картофель";"Темп прироста к предыдущей неделе";"Неделя";"2";"%";"0"
"2023-01-23";2.16;"A";"Данные ЦМИ";"Плодоовощная продукция, включая картофель";"Темп прироста к предыдущей неделе";"Неделя";"2";"%";"0"
"2023-01-30";2.75;"A";"Данные ЦМИ";"Плодоовощная продукция, включая картофель";"Темп прироста к предыдущей неделе";"Неделя";"2";"%";"0"
"2023-02-06";3.86;"A";"Данные ЦМИ";"Плодоовощная продукция, включая картофель";"Темп прироста к предыдущей неделе";"Неделя";"2";"%";"0"
"2023-02-13";2.71;"A";"Данные ЦМИ";"Плодоовощная продукция, включая картофель";"Темп прироста к предыдущей неделе";"Неделя";"2";"%";"0"
"2023-02-20";1.1;"A";"Данные ЦМИ";"Плодоовощная продукция, включая картофель";"Темп прироста к предыдущей неделе";"Неделя";"2";"%";"0"
"2023-02-27";-0.34;"A";"Данные ЦМИ";"Плодоовощная продукция, включая картофель";"Темп прироста к предыдущей неделе";"Неделя";"2";"%";"0"
"2023-03-06";-1.21;"A";"Данные ЦМИ";"Плодоовощная продукция, включая картофель";"Темп прироста к предыдущей неделе";"Неделя";"2";"%";"0"
"2023-03-13";0;"A";"Данные ЦМИ";"Плодоовощная продукция, включая картофель";"Темп прироста к предыдущей неделе";"Неделя";"2";"%";"0"
"2023-03-20";-0.08;"A";"Данные ЦМИ";"Плодоовощная продукция, включая картофель";"Темп прироста к предыдущей неделе";"Неделя";"2";"%";"0"
"2023-03-27";0.75;"A";"Данные ЦМИ";"Плодоовощная продукция, включая картофель";"Темп прироста к предыдущей неделе";"Неделя";"2";"%";"0"
"2023-04-03";0.77;"A";"Данные ЦМИ";"Плодоовощная продукция, включая картофель";"Темп прироста к предыдущей неделе";"Неделя";"2";"%";"0"
"2023-04-10";0.19;"A";"Данные ЦМИ";"Плодоовощная продукция, включая картофель";"Темп прироста к предыдущей неделе";"Неделя";"2";"%";"0"
"2023-04-17";0.85;"A";"Данные ЦМИ";"Плодоовощная продукция, включая картофель";"Темп прироста к предыдущей неделе";"Неделя";"2";"%";"0"
"2023-04-24";1.4;"A";"Данные ЦМИ";"Плодоовощная продукция, включая картофель";"Темп прироста к предыдущей неделе";"Неделя";"2";"%";"0"
"2023-05-02";0.46;"A";"Данные ЦМИ";"Плодоовощная продукция, включая картофель";"Темп прироста к предыдущей неделе";"Неделя";"2";"%";"0"
"2023-05-10";0.27;"A";"Данные ЦМИ";"Плодоовощная продукция, включая картофель";"Темп прироста к предыдущей неделе";"Неделя";"2";"%";"0"
"2023-05-15";0.36;"A";"Данные ЦМИ";"Плодоовощная продукция, включая картофель";"Темп прироста к предыдущей неделе";"Неделя";"2";"%";"0"
"2023-05-22";0.05;"A";"Данные ЦМИ";"Плодоовощная продукция, включая картофель";"Темп прироста к предыдущей неделе";"Неделя";"2";"%";"0"
"2023-05-29";-0.5;"A";"Данные ЦМИ";"Плодоовощная продукция, включая картофель";"Темп прироста к предыдущей неделе";"Неделя";"2";"%";"0"
"2023-06-05";-0.96;"A";"Данные ЦМИ";"Плодоовощная продукция, включая картофель";"Темп прироста к предыдущей неделе";"Неделя";"2";"%";"0"
"2023-06-13";-1.29;"A";"Данные ЦМИ";"Плодоовощная продукция, включая картофель";"Темп прироста к предыдущей неделе";"Неделя";"2";"%";"0"
"2023-06-19";-0.17;"A";"Данные ЦМИ";"Плодоовощная продукция, включая картофель";"Темп прироста к предыдущей неделе";"Неделя";"2";"%";"0"
"2023-06-26";0.27;"A";"Данные ЦМИ";"Плодоовощная продукция, включая картофель";"Темп прироста к предыдущей неделе";"Неделя";"2";"%";"0"
"2023-07-03";0.41;"A";"Данные ЦМИ";"Плодоовощная продукция, включая картофель";"Темп прироста к предыдущей неделе";"Неделя";"2";"%";"0"
"2023-07-10";0.45;"A";"Данные ЦМИ";"Плодоовощная продукция, включая картофель";"Темп прироста к предыдущей неделе";"Неделя";"2";"%";"0"
"2023-07-17";1.08;"A";"Данные ЦМИ";"Плодоовощная продукция, включая картофель";"Темп прироста к предыдущей неделе";"Неделя";"2";"%";"0"
"2023-07-24";1.19;"A";"Данные ЦМИ";"Плодоовощная продукция, включая картофель";"Темп прироста к предыдущей неделе";"Неделя";"2";"%";"0"
"2023-07-31";-0.33;"A";"Данные ЦМИ";"Плодоовощная продукция, включая картофель";"Темп прироста к предыдущей неделе";"Неделя";"2";"%";"0"
"2023-08-07";-1.31;"A";"Данные ЦМИ";"Плодоовощная продукция, включая картофель";"Темп прироста к предыдущей неделе";"Неделя";"2";"%";"0"
"2023-08-14";-1.86;"A";"Данные ЦМИ";"Плодоовощная продукция, включая картофель";"Темп прироста к предыдущей неделе";"Неделя";"2";"%";"0"
"2023-08-21";-2.67;"A";"Данные ЦМИ";"Плодоовощная продукция, включая картофель";"Темп прироста к предыдущей неделе";"Неделя";"2";"%";"0"
"2023-08-28";-2.33;"A";"Данные ЦМИ";"Плодоовощная продукция, включая картофель";"Темп прироста к предыдущей неделе";"Неделя";"2";"%";"0"
"2023-09-04";-1.3;"A";"Данные ЦМИ";"Плодоовощная продукция, включая картофель";"Темп прироста к предыдущей неделе";"Неделя";"2";"%";"0"
"2023-09-11";-0.99;"A";"Данные ЦМИ";"Плодоовощная продукция, включая картофель";"Темп прироста к предыдущей неделе";"Неделя";"2";"%";"0"
"2023-09-18";0.33;"A";"Данные ЦМИ";"Плодоовощная продукция, включая картофель";"Темп прироста к предыдущей неделе";"Неделя";"2";"%";"0"
"2023-09-25";0.19;"A";"Данные ЦМИ";"Плодоовощная продукция, включая картофель";"Темп прироста к предыдущей неделе";"Неделя";"2";"%";"0"
"2023-10-02";0.09;"A";"Данные ЦМИ";"Плодоовощная продукция, включая картофель";"Темп прироста к предыдущей неделе";"Неделя";"2";"%";"0"
"2023-10-09";-0.22;"A";"Данные ЦМИ";"Плодоовощная продукция, включая картофель";"Темп прироста к предыдущей неделе";"Неделя";"2";"%";"0"
"2023-10-16";0.06;"A";"Данные ЦМИ";"Плодоовощная продукция, включая картофель";"Темп прироста к предыдущей неделе";"Неделя";"2";"%";"0"
"2023-10-23";0.67;"A";"Данные ЦМИ";"Плодоовощная продукция, включая картофель";"Темп прироста к предыдущей неделе";"Неделя";"2";"%";"0"
"2023-10-30";0.7;"A";"Данные ЦМИ";"Плодоовощная продукция, включая картофель";"Темп прироста к предыдущей неделе";"Неделя";"2";"%";"0"
"2023-11-07";1.71;"A";"Данные ЦМИ";"Плодоовощная продукция, включая картофель";"Темп прироста к предыдущей неделе";"Неделя";"2";"%";"0"
"2023-11-13";1.71;"A";"Данные ЦМИ";"Плодоовощная продукция, включая картофель";"Темп прироста к предыдущей неделе";"Неделя";"2";"%";"0"
"2023-11-20";1.44;"A";"Данные ЦМИ";"Плодоовощная продукция, включая картофель";"Темп прироста к предыдущей неделе";"Неделя";"2";"%";"0"
"2023-11-27";1.15;"A";"Данные ЦМИ";"Плодоовощная продукция, включая картофель";"Темп прироста к предыдущей неделе";"Неделя";"2";"%";"0"
"2023-12-04";1.22;"A";"Данные ЦМИ";"Плодоовощная продукция, включая картофель";"Темп прироста к предыдущей неделе";"Неделя";"2";"%";"0"
"2023-12-11";1.19;"A";"Данные ЦМИ";"Плодоовощная продукция, включая картофель";"Темп прироста к предыдущей неделе";"Неделя";"2";"%";"0"
"2023-12-18";1.47;"A";"Данные ЦМИ";"Плодоовощная продукция, включая картофель";"Темп прироста к предыдущей неделе";"Неделя";"2";"%";"0"
"2023-12-25";2.11;"A";"Данные ЦМИ";"Плодоовощная продукция, включая картофель";"Темп прироста к предыдущей неделе";"Неделя";"2";"%";"0"
"2024-01-09";5.38;"A";"Данные ЦМИ";"Плодоовощная продукция, включая картофель";"Темп прироста к предыдущей неделе";"Неделя";"2";"%";"0"
"2024-01-15";1.54;"A";"Данные ЦМИ";"Плодоовощная продукция, включая картофель";"Темп прироста к предыдущей неделе";"Неделя";"2";"%";"0"
"2024-01-22";1;"A";"Данные ЦМИ";"Плодоовощная продукция, включая картофель";"Темп прироста к предыдущей неделе";"Неделя";"2";"%";"0"
"2024-01-29";1.25;"A";"Данные ЦМИ";"Плодоовощная продукция, включая картофель";"Темп прироста к предыдущей неделе";"Неделя";"2";"%";"0"
"2024-02-05";1.53;"A";"Данные ЦМИ";"Плодоовощная продукция, включая картофель";"Темп прироста к предыдущей неделе";"Неделя";"2";"%";"0"
"2024-02-12";1.12;"A";"Данные ЦМИ";"Плодоовощная продукция, включая картофель";"Темп прироста к предыдущей неделе";"Неделя";"2";"%";"0"
"2024-02-19";1.15;"A";"Данные ЦМИ";"Плодоовощная продукция, включая картофель";"Темп прироста к предыдущей неделе";"Неделя";"2";"%";"0"
"2024-02-26";0.57;"A";"Данные ЦМИ";"Плодоовощная продукция, включая картофель";"Темп прироста к предыдущей неделе";"Неделя";"2";"%";"0"
"2024-03-04";-0.2;"A";"Данные ЦМИ";"Плодоовощная продукция, включая картофель";"Темп прироста к предыдущей неделе";"Неделя";"2";"%";"0"
"2024-03-11";-0.32;"A";"Данные ЦМИ";"Плодоовощная продукция, включая картофель";"Темп прироста к предыдущей неделе";"Неделя";"2";"%";"0"
"2024-03-18";-0.79;"A";"Данные ЦМИ";"Плодоовощная продукция, включая картофель";"Темп прироста к предыдущей неделе";"Неделя";"2";"%";"0"
"2024-03-25";-0.43;"A";"Данные ЦМИ";"Плодоовощная продукция, включая картофель";"Темп прироста к предыдущей неделе";"Неделя";"2";"%";"0"
"2024-04-01";-0.11;"A";"Данные ЦМИ";"Плодоовощная продукция, включая картофель";"Темп прироста к предыдущей неделе";"Неделя";"2";"%";"0"
"2024-04-08";0.35;"A";"Данные ЦМИ";"Плодоовощная продукция, включая картофель";"Темп прироста к предыдущей неделе";"Неделя";"2";"%";"0"
"2024-04-15";0.18;"A";"Данные ЦМИ";"Плодоовощная продукция, включая картофель";"Темп прироста к предыдущей неделе";"Неделя";"2";"%";"0"
"2024-04-22";0.06;"A";"Данные ЦМИ";"Плодоовощная продукция, включая картофель";"Темп прироста к предыдущей неделе";"Неделя";"2";"%";"0"
"2024-05-02";-0.06;"A";"Данные ЦМИ";"Плодоовощная продукция, включая картофель";"Темп прироста к предыдущей неделе";"Неделя";"2";"%";"0"
"2024-05-06";0.25;"A";"Данные ЦМИ";"Плодоовощная продукция, включая картофель";"Темп прироста к предыдущей неделе";"Неделя";"2";"%";"0"
"2024-05-13";0.49;"A";"Данные ЦМИ";"Плодоовощная продукция, включая картофель";"Темп прироста к предыдущей неделе";"Неделя";"2";"%";"0"
"2024-05-20";0.39;"A";"Данные ЦМИ";"Плодоовощная продукция, включая картофель";"Темп прироста к предыдущей неделе";"Неделя";"2";"%";"0"
"2024-05-27";0.45;"A";"Данные ЦМИ";"Плодоовощная продукция, включая картофель";"Темп прироста к предыдущей неделе";"Неделя";"2";"%";"0"
"2024-06-03";0.11;"A";"Данные ЦМИ";"Плодоовощная продукция, включая картофель";"Темп прироста к предыдущей неделе";"Неделя";"2";"%";"0"
"2024-06-10";0.79;"A";"Данные ЦМИ";"Плодоовощная продукция, включая картофель";"Темп прироста к предыдущей неделе";"Неделя";"2";"%";"0"
"2024-06-17";1.3;"A";"Данные ЦМИ";"Плодоовощная продукция, включая картофель";"Темп прироста к предыдущей неделе";"Неделя";"2";"%";"0"
"2024-06-24";1.05;"A";"Данные ЦМИ";"Плодоовощная продукция, включая картофель";"Темп прироста к предыдущей неделе";"Неделя";"2";"%";"0"
"2024-07-01";1.04;"A";"Данные ЦМИ";"Плодоовощная продукция, включая картофель";"Темп прироста к предыдущей неделе";"Неделя";"2";"%";"0"
"2024-07-08";0.4;"A";"Данные ЦМИ";"Плодоовощная продукция, включая картофель";"Темп прироста к предыдущей неделе";"Неделя";"2";"%";"0"
"2024-07-15";0.05;"A";"Данные ЦМИ";"Плодоовощная продукция, включая картофель";"Темп прироста к предыдущей неделе";"Неделя";"2";"%";"0"
"2024-07-22";-0.36;"A";"Данные ЦМИ";"Плодоовощная продукция, включая картофель";"Темп прироста к предыдущей неделе";"Неделя";"2";"%";"0"
"2024-07-29";-0.9;"A";"Данные ЦМИ";"Плодоовощная продукция, включая картофель";"Темп прироста к предыдущей неделе";"Неделя";"2";"%";"0"
"2024-08-05";-0.95;"A";"Данные ЦМИ";"Плодоовощная продукция, включая картофель";"Темп прироста к предыдущей неделе";"Неделя";"2";"%";"0"
"2024-08-12";-0.98;"A";"Данные ЦМИ";"Плодоовощная продукция, включая картофель";"Темп прироста к предыдущей неделе";"Неделя";"2";"%";"0"
"2024-08-19";-1.51;"A";"Данные ЦМИ";"Плодоовощная продукция, включая картофель";"Темп прироста к предыдущей неделе";"Неделя";"2";"%";"0"
"2024-08-26";-1.42;"A";"Данные ЦМИ";"Плодоовощная продукция, включая картофель";"Темп прироста к предыдущей неделе";"Неделя";"2";"%";"0"
"2024-09-02";-1.7;"A";"Данные ЦМИ";"Плодоовощная продукция, включая картофель";"Темп прироста к предыдущей неделе";"Неделя";"2";"%";"0"
"2024-09-09";-1.7;"A";"Данные ЦМИ";"Плодоовощная продукция, включая картофель";"Темп прироста к предыдущей неделе";"Неделя";"2";"%";"0"
"2024-09-16";-1.5;"A";"Данные ЦМИ";"Плодоовощная продукция, включая картофель";"Темп прироста к предыдущей неделе";"Неделя";"2";"%";"0"
"2024-09-23";-1.4;"A";"Данные ЦМИ";"Плодоовощная продукция, включая картофель";"Темп прироста к предыдущей неделе";"Неделя";"2";"%";"0"
"2024-09-30";-0.7;"A";"Данные ЦМИ";"Плодоовощная продукция, включая картофель";"Темп прироста к предыдущей неделе";"Неделя";"2";"%";"0"
"2024-10-07";-1.2;"A";"Данные ЦМИ";"Плодоовощная продукция, включая картофель";"Темп прироста к предыдущей неделе";"Неделя";"2";"%";"0"
"2024-10-14";-0.2;"A";"Данные ЦМИ";"Плодоовощная продукция, включая картофель";"Темп прироста к предыдущей неделе";"Неделя";"2";"%";"0"
"2024-10-21";0.1;"A";"Данные ЦМИ";"Плодоовощная продукция, включая картофель";"Темп прироста к предыдущей неделе";"Неделя";"2";"%";"0"
"2024-10-28";1.7;"A";"Данные ЦМИ";"Плодоовощная продукция, включая картофель";"Темп прироста к предыдущей неделе";"Неделя";"2";"%";"0"
"2024-11-05";4;"A";"Данные ЦМИ";"Плодоовощная продукция, включая картофель";"Темп прироста к предыдущей неделе";"Неделя";"2";"%";"0"
"2024-11-11";3.6;"A";"Данные ЦМИ";"Плодоовощная продукция, включая картофель";"Темп прироста к предыдущей неделе";"Неделя";"2";"%";"0"
"2024-11-18";4.1;"A";"Данные ЦМИ";"Плодоовощная продукция, включая картофель";"Темп прироста к предыдущей неделе";"Неделя";"2";"%";"0"
"2024-11-25";3.8;"A";"Данные ЦМИ";"Плодоовощная продукция, включая картофель";"Темп прироста к предыдущей неделе";"Неделя";"2";"%";"0"
"2024-12-02";3.6;"A";"Данные ЦМИ";"Плодоовощная продукция, включая картофель";"Темп прироста к предыдущей неделе";"Неделя";"2";"%";"0"
"2024-12-09";3.2;"A";"Данные ЦМИ";"Плодоовощная продукция, включая картофель";"Темп прироста к предыдущей неделе";"Неделя";"2";"%";"0"
"2024-12-16";3.4;"A";"Данные ЦМИ";"Плодоовощная продукция, включая картофель";"Темп прироста к предыдущей неделе";"Неделя";"2";"%";"0"
"2024-12-23";2.6;"A";"Данные ЦМИ";"Плодоовощная продукция, включая картофель";"Темп прироста к предыдущей неделе";"Неделя";"2";"%";"0"
"2025-01-09";2.6;"A";"Данные ЦМИ";"Плодоовощная продукция, включая картофель";"Темп прироста к предыдущей неделе";"Неделя";"2";"%";"0"
"2025-01-13";0.3;"A";"Данные ЦМИ";"Плодоовощная продукция, включая картофель";"Темп прироста к предыдущей неделе";"Неделя";"2";"%";"0"
"2025-01-20";0.5;"A";"Данные ЦМИ";"Плодоовощная продукция, включая картофель";"Темп прироста к предыдущей неделе";"Неделя";"2";"%";"0"
"2025-01-27";0.5;"A";"Данные ЦМИ";"Плодоовощная продукция, включая картофель";"Темп прироста к предыдущей неделе";"Неделя";"2";"%";"0"
"2025-02-03";0.8;"A";"Данные ЦМИ";"Плодоовощная продукция, включая картофель";"Темп прироста к предыдущей неделе";"Неделя";"2";"%";"0"
"2025-02-10";1.1;"A";"Данные ЦМИ";"Плодоовощная продукция, включая картофель";"Темп прироста к предыдущей неделе";"Неделя";"2";"%";"0"
"2025-02-17";0.7;"A";"Данные ЦМИ";"Плодоовощная продукция, включая картофель";"Темп прироста к предыдущей неделе";"Неделя";"2";"%";"0"
"2025-02-24";1;"A";"Данные ЦМИ";"Плодоовощная продукция, включая картофель";"Темп прироста к предыдущей неделе";"Неделя";"2";"%";"0"
"2025-03-03";0.2;"A";"Данные ЦМИ";"Плодоовощная продукция, включая картофель";"Темп прироста к предыдущей неделе";"Неделя";"2";"%";"0"
"2025-03-10";-0.5;"A";"Данные ЦМИ";"Плодоовощная продукция, включая картофель";"Темп прироста к предыдущей неделе";"Неделя";"2";"%";"0"
"2025-03-17";-0.7;"A";"Данные ЦМИ";"Плодоовощная продукция, включая картофель";"Темп прироста к предыдущей неделе";"Неделя";"2";"%";"0"
"2025-03-24";0.5;"A";"Данные ЦМИ";"Плодоовощная продукция, включая картофель";"Темп прироста к предыдущей неделе";"Неделя";"2";"%";"0"
"2025-03-31";1.3;"A";"Данные ЦМИ";"Плодоовощная продукция, включая картофель";"Темп прироста к предыдущей неделе";"Неделя";"2";"%";"0"
"2025-04-07";0.9;"A";"Данные ЦМИ";"Плодоовощная продукция, включая картофель";"Темп прироста к предыдущей неделе";"Неделя";"2";"%";"0"
"2025-04-14";1.1;"A";"Данные ЦМИ";"Плодоовощная продукция, включая картофель";"Темп прироста к предыдущей неделе";"Неделя";"2";"%";"0"
"2025-04-21";1.3;"A";"Данные ЦМИ";"Плодоовощная продукция, включая картофель";"Темп прироста к предыдущей неделе";"Неделя";"2";"%";"0"
"2025-04-28";0;"A";"Данные ЦМИ";"Плодоовощная продукция, включая картофель";"Темп прироста к предыдущей неделе";"Неделя";"2";"%";"0"
"2025-05-05";-0.3;"A";"Данные ЦМИ";"Плодоовощная продукция, включая картофель";"Темп прироста к предыдущей неделе";"Неделя";"2";"%";"0"
"2025-05-12";-0.6;"A";"Данные ЦМИ";"Плодоовощная продукция, включая картофель";"Темп прироста к предыдущей неделе";"Неделя";"2";"%";"0"
"2025-05-19";-1.1;"A";"Данные ЦМИ";"Плодоовощная продукция, включая картофель";"Темп прироста к предыдущей неделе";"Неделя";"2";"%";"0"
"2025-05-26";-0.8;"A";"Данные ЦМИ";"Плодоовощная продукция, включая картофель";"Темп прироста к предыдущей неделе";"Неделя";"2";"%";"0"
"2025-06-02";-1;"A";"Данные ЦМИ";"Плодоовощная продукция, включая картофель";"Темп прироста к предыдущей неделе";"Неделя";"2";"%";"0"
"2025-06-09";-0.6;"A";"Данные ЦМИ";"Плодоовощная продукция, включая картофель";"Темп прироста к предыдущей неделе";"Неделя";"2";"%";"0"
"2025-06-16";-0.2;"A";"Данные ЦМИ";"Плодоовощная продукция, включая картофель";"Темп прироста к предыдущей неделе";"Неделя";"2";"%";"0"
"2025-06-23";-0.3;"A";"Данные ЦМИ";"Плодоовощная продукция, включая картофель";"Темп прироста к предыдущей неделе";"Неделя";"2";"%";"0"
"2025-06-30";-0.1;"A";"Данные ЦМИ";"Плодоовощная продукция, включая картофель";"Темп прироста к предыдущей неделе";"Неделя";"2";"%";"0"
"2025-07-07";-0.7;"A";"Данные ЦМИ";"Плодоовощная продукция, включая картофель";"Темп прироста к предыдущей неделе";"Неделя";"2";"%";"0"
"2025-07-14";-2.3;"A";"Данные ЦМИ";"Плодоовощная продукция, включая картофель";"Темп прироста к предыдущей неделе";"Неделя";"2";"%";"0"
"2025-07-21";-3.5;"A";"Данные ЦМИ";"Плодоовощная продукция, включая картофель";"Темп прироста к предыдущей неделе";"Неделя";"2";"%";"0"
"2025-07-28";-4.1;"A";"Данные ЦМИ";"Плодоовощная продукция, включая картофель";"Темп прироста к предыдущей неделе";"Неделя";"2";"%";"0"
"2025-08-04";-4.6;"A";"Данные ЦМИ";"Плодоовощная продукция, включая картофель";"Темп прироста к предыдущей неделе";"Неделя";"2";"%";"0"
"2025-08-11";-4.1;"A";"Данные ЦМИ";"Плодоовощная продукция, включая картофель";"Темп прироста к предыдущей неделе";"Неделя";"2";"%";"0"
"2025-08-18";-3.7;"A";"Данные ЦМИ";"Плодоовощная продукция, включая картофель";"Темп прироста к предыдущей неделе";"Неделя";"2";"%";"0"
"2025-08-25";-3.2;"A";"Данные ЦМИ";"Плодоовощная продукция, включая картофель";"Темп прироста к предыдущей неделе";"Неделя";"2";"%";"0"
"2025-09-01";-3.2;"A";"Данные ЦМИ";"Плодоовощная продукция, включая картофель";"Темп прироста к предыдущей неделе";"Неделя";"2";"%";"0"
"2025-09-08";-2;"A";"Данные ЦМИ";"Плодоовощная продукция, включая картофель";"Темп прироста к предыдущей неделе";"Неделя";"2";"%";"0"
"2025-09-15";-0.6;"A";"Данные ЦМИ";"Плодоовощная продукция, включая картофель";"Темп прироста к предыдущей неделе";"Неделя";"2";"%";"0"
"2025-09-22";0;"A";"Данные ЦМИ";"Плодоовощная продукция, включая картофель";"Темп прироста к предыдущей неделе";"Неделя";"2";"%";"0"
"2025-09-29";0.2;"A";"Данные ЦМИ";"Плодоовощная продукция, включая картофель";"Темп прироста к предыдущей неделе";"Неделя";"2";"%";"0"
"2025-10-06";1.1;"A";"Данные ЦМИ";"Плодоовощная продукция, включая картофель";"Темп прироста к предыдущей неделе";"Неделя";"2";"%";"0"
"2025-10-13";1.6;"A";"Данные ЦМИ";"Плодоовощная продукция, включая картофель";"Темп прироста к предыдущей неделе";"Неделя";"2";"%";"0"
"2025-10-20";1.9;"A";"Данные ЦМИ";"Плодоовощная продукция, включая картофель";"Темп прироста к предыдущей неделе";"Неделя";"2";"%";"0"
"2025-10-27";1.1;"A";"Данные ЦМИ";"Плодоовощная продукция, включая картофель";"Темп прироста к предыдущей неделе";"Неделя";"2";"%";"0"
"2025-11-05";1.4;"A";"Данные ЦМИ";"Плодоовощная продукция, включая картофель";"Темп прироста к предыдущей неделе";"Неделя";"2";"%";"0"
"2025-11-10";1.7;"A";"Данные ЦМИ";"Плодоовощная продукция, включая картофель";"Темп прироста к предыдущей неделе";"Неделя";"2";"%";"0"
"2025-11-17";1.9;"A";"Данные ЦМИ";"Плодоовощная продукция, включая картофель";"Темп прироста к предыдущей неделе";"Неделя";"2";"%";"0"
"2025-11-24";1.3;"A";"Данные ЦМИ";"Плодоовощная продукция, включая картофель";"Темп прироста к предыдущей неделе";"Неделя";"2";"%";"0"
"2025-12-01";0.8;"A";"Данные ЦМИ";"Плодоовощная продукция, включая картофель";"Темп прироста к предыдущей неделе";"Неделя";"2";"%";"0"
"2025-12-08";-0.1;"A";"Данные ЦМИ";"Плодоовощная продукция, включая картофель";"Темп прироста к предыдущей неделе";"Неделя";"2";"%";"0"
"2025-12-15";0.7;"A";"Данные ЦМИ";"Плодоовощная продукция, включая картофель";"Темп прироста к предыдущей неделе";"Неделя";"2";"%";"0"
"2025-12-22";2.3;"A";"Данные ЦМИ";"Плодоовощная продукция, включая картофель";"Темп прироста к предыдущей неделе";"Неделя";"2";"%";"0"
"2026-01-12";7.9;"A";"Данные ЦМИ";"Плодоовощная продукция, включая картофель";"Темп прироста к предыдущей неделе";"Неделя";"2";"%";"0"
"2026-01-19";2.7;"A";"Данные ЦМИ";"Плодоовощная продукция, включая картофель";"Темп прироста к предыдущей неделе";"Неделя";"2";"%";"0"
"2026-01-26";2;"A";"Данные ЦМИ";"Плодоовощная продукция, включая картофель";"Темп прироста к предыдущей неделе";"Неделя";"2";"%";"0"
"2026-02-02";2.1;"A";"Данные ЦМИ";"Плодоовощная продукция, включая картофель";"Темп прироста к предыдущей неделе";"Неделя";"2";"%";"0"
"2026-02-09";1.7;"A";"Данные ЦМИ";"Плодоовощная продукция, включая картофель";"Темп прироста к предыдущей неделе";"Неделя";"2";"%";"0"
"2026-02-16";0.7;"A";"Данные ЦМИ";"Плодоовощная продукция, включая картофель";"Темп прироста к предыдущей неделе";"Неделя";"2";"%";"0"
"2026-02-24";0.1;"A";"Данные ЦМИ";"Плодоовощная продукция, включая картофель";"Темп прироста к предыдущей неделе";"Неделя";"2";"%";"0"
"2026-03-02";-0.5;"A";"Данные ЦМИ";"Плодоовощная продукция, включая картофель";"Темп прироста к предыдущей неделе";"Неделя";"2";"%";"0"
"2026-03-10";-0.1;"A";"Данные ЦМИ";"Плодоовощная продукция, включая картофель";"Темп прироста к предыдущей неделе";"Неделя";"2";"%";"0"
"2026-03-16";-0.2;"A";"Данные ЦМИ";"Плодоовощная продукция, включая картофель";"Темп прироста к предыдущей неделе";"Неделя";"2";"%";"0"
"2026-03-23";0;"A";"Данные ЦМИ";"Плодоовощная продукция, включая картофель";"Темп прироста к предыдущей неделе";"Неделя";"2";"%";"0"
"2026-03-30";-0.2;"A";"Данные ЦМИ";"Плодоовощная продукция, включая картофель";"Темп прироста к предыдущей неделе";"Неделя";"2";"%";"0"
"2026-04-06";0.2;"A";"Данные ЦМИ";"Плодоовощная продукция, включая картофель";"Темп прироста к предыдущей неделе";"Неделя";"2";"%";"0"
"2026-04-13";-0.1;"A";"Данные ЦМИ";"Плодоовощная продукция, включая картофель";"Темп прироста к предыдущей неделе";"Неделя";"2";"%";"0"
"2026-04-20";-0.9;"A";"Данные ЦМИ";"Плодоовощная продукция, включая картофель";"Темп прироста к предыдущей неделе";"Неделя";"2";"%";"0"
"2026-04-27";-1.6;"A";"Данные ЦМИ";"Плодоовощная продукция, включая картофель";"Темп прироста к предыдущей неделе";"Неделя";"2";"%";"0"
"2026-05-04";-2.7;"A";"Данные ЦМИ";"Плодоовощная продукция, включая картофель";"Темп прироста к предыдущей неделе";"Неделя";"2";"%";"0"
"2026-05-12";-3.3;"A";"Данные ЦМИ";"Плодоовощная продукция, включая картофель";"Темп прироста к предыдущей неделе";"Неделя";"2";"%";"0"
"2026-05-18";-2.2;"A";"Данные ЦМИ";"Плодоовощная продукция, включая картофель";"Темп прироста к предыдущей неделе";"Неделя";"2";"%";"0"
"2026-05-25";-0.1;"A";"Данные ЦМИ";"Плодоовощная продукция, включая картофель";"Темп прироста к предыдущей неделе";"Неделя";"2";"%";"0"
"2026-06-01";1.1;"A";"Данные ЦМИ";"Плодоовощная продукция, включая картофель";"Темп прироста к предыдущей неделе";"Неделя";"2";"%";"0"
"2026-06-08";2.2;"A";"Данные ЦМИ";"Плодоовощная продукция, включая картофель";"Темп прироста к предыдущей неделе";"Неделя";"2";"%";"0"
"2026-06-15";1.6;"A";"Данные ЦМИ";"Плодоовощная продукция, включая картофель";"Темп прироста к предыдущей неделе";"Неделя";"2";"%";"0"
"2026-06-22";1.5;"A";"Данные ЦМИ";"Плодоовощная продукция, включая картофель";"Темп прироста к предыдущей неделе";"Неделя";"2";"%";"0"
"2026-06-29";0.7;"A";"Данные ЦМИ";"Плодоовощная продукция, включая картофель";"Темп прироста к предыдущей неделе";"Неделя";"2";"%";"0"
"2026-07-06";-0.4;"A";"Данные ЦМИ";"Плодоовощная продукция, включая картофель";"Темп прироста к предыдущей неделе";"Неделя";"2";"%";"0"
"2026-07-13";-1;"A";"Данные ЦМИ";"Плодоовощная продукция, включая картофель";"Темп прироста к предыдущей неделе";"Неделя";"2";"%";"0"
"2026-07-20";-1;"A";"Данные ЦМИ";"Плодоовощная продукция, включая картофель";"Темп прироста к предыдущей неделе";"Неделя";"2";"%";"0"
"2026-07-27";-0.8;"A";"Данные ЦМИ";"Плодоовощная продукция, включая картофель";"Темп прироста к предыдущей неделе";"Неделя";"2";"%";"0"
"2026-08-03";-0.7;"A";"Данные ЦМИ";"Плодоовощная продукция, включая картофель";"Темп прироста к предыдущей неделе";"Неделя";"2";"%";"0"
"2026-08-10";-1.1;"A";"Данные ЦМИ";"Плодоовощная продукция, включая картофель";"Темп прироста к предыдущей неделе";"Неделя";"2";"%";"0"
"2026-08-17";-2.1;"A";"Данные ЦМИ";"Плодоовощная продукция, включая картофель";"Темп прироста к предыдущей неделе";"Неделя";"2";"%";"0"
"2026-08-24";-1.9;"A";"Данные ЦМИ";"Плодоовощная продукция, включая картофель";"Темп прироста к предыдущей неделе";"Неделя";"2";"%";"0"
"2026-08-31";-1.7;"A";"Данные ЦМИ";"Плодоовощная продукция, включая картофель";"Темп прироста к предыдущей неделе";"Неделя";"2";"%";"0"
"2026-09-07";-1.8;"A";"Данные ЦМИ";"Плодоовощная продукция, включая картофель";"Темп прироста к предыдущей неделе";"Неделя";"2";"%";"0"
"2026-09-14";-1;"A";"Данные ЦМИ";"Плодоовощная продукция, включая картофель";"Темп прироста к предыдущей неделе";"Неделя";"2";"%";"0"
"2026-09-21";-1.6;"A";"Данные ЦМИ";"Плодоовощная продукция, включая картофель";"Темп прироста к предыдущей неделе";"Неделя";"2";"%";"0"
"2026-09-28";-1.2;"A";"Данные ЦМИ";"Плодоовощная продукция, включая картофель";"Темп прироста к предыдущей неделе";"Неделя";"2";"%";"0"
"2022-01-10";0;"A";"Данные ЦМИ";"Жилищно-коммунальные услуги";"Скользящее среднее за четыре недели";"Неделя";"2";"%";"0"
"2022-01-14";-0.01;"A";"Данные ЦМИ";"Жилищно-коммунальные услуги";"Скользящее среднее за четыре недели";"Неделя";"2";"%";"0"
"2022-01-21";0;"A";"Данные ЦМИ";"Жилищно-коммунальные услуги";"Скользящее среднее за четыре недели";"Неделя";"2";"%";"0"
"2022-01-28";-0.01;"A";"Данные ЦМИ";"Жилищно-коммунальные услуги";"Скользящее среднее за четыре недели";"Неделя";"2";"%";"0"
"2022-02-04";0;"A";"Данные ЦМИ";"Жилищно-коммунальные услуги";"Скользящее среднее за четыре недели";"Неделя";"2";"%";"0"
"2022-02-11";0;"A";"Данные ЦМИ";"Жилищно-коммунальные услуги";"Скользящее среднее за четыре недели";"Неделя";"2";"%";"0"
"2022-02-18";0;"A";"Данные ЦМИ";"Жилищно-коммунальные услуги";"Скользящее среднее за четыре недели";"Неделя";"2";"%";"0"
"2022-02-25";0;"A";"Данные ЦМИ";"Жилищно-коммунальные услуги";"Скользящее среднее за четыре недели";"Неделя";"2";"%";"0"
"2022-03-04";0;"A";"Данные ЦМИ";"Жилищно-коммунальные услуги";"Скользящее среднее за четыре недели";"Неделя";"2";"%";"0"
"2022-03-11";0;"A";"Данные ЦМИ";"Жилищно-коммунальные услуги";"Скользящее среднее за четыре недели";"Неделя";"2";"%";"0"
"2022-03-18";0;"A";"Данные ЦМИ";"Жилищно-коммунальные услуги";"Скользящее среднее за четыре недели";"Неделя";"2";"%";"0"
"2022-03-25";0;"A";"Данные ЦМИ";"Жилищно-коммунальные услуги";"Скользящее среднее за четыре недели";"Неделя";"2";"%";"0"
"2022-04-01";0;"A";"Данные ЦМИ";"Жилищно-коммунальные услуги";"Скользящее среднее за четыре недели";"Неделя";"2";"%";"0"
"2022-04-08";0;"A";"Данные ЦМИ";"Жилищно-коммунальные услуги";"Скользящее среднее за четыре недели";"Неделя";"2";"%";"0"
"2022-04-15";0;"A";"Данные ЦМИ";"Жилищно-коммунальные услуги";"Скользящее среднее за четыре недели";"Неделя";"2";"%";"0"
"2022-04-22";0;"A";"Данные ЦМИ";"Жилищно-коммунальные услуги";"Скользящее среднее за четыре недели";"Неделя";"2";"%";"0"
"2022-04-29";0;"A";"Данные ЦМИ";"Жилищно-коммунальные услуги";"Скользящее среднее за четыре недели";"Неделя";"2";"%";"0"
"2022-05-06";0;"A";"Данные ЦМИ";"Жилищно-коммунальные услуги";"Скользящее среднее за четыре недели";"Неделя";"2";"%";"0"
"2022-05-13";0;"A";"Данные ЦМИ";"Жилищно-коммунальные услуги";"Скользящее среднее за четыре недели";"Неделя";"2";"%";"0"
"2022-05-20";0;"A";"Данные ЦМИ";"Жилищно-коммунальные услуги";"Скользящее среднее за четыре недели";"Неделя";"2";"%";"0"
"2022-05-27";0;"A";"Данные ЦМИ";"Жилищно-коммунальные услуги";"Скользящее среднее за четыре недели";"Неделя";"2";"%";"0"
"2022-06-03";0;"A";"Данные ЦМИ";"Жилищно-коммунальные услуги";"Скользящее среднее за четыре недели";"Неделя";"2";"%";"0"
"2022-06-10";0;"A";"Данные ЦМИ";"Жилищно-коммунальные услуги";"Скользящее среднее за четыре недели";"Неделя";"2";"%";"0"
"2022-06-17";0;"A";"Данные ЦМИ";"Жилищно-коммунальные услуги";"Скользящее среднее за четыре недели";"Неделя";"2";"%";"0"
"2022-06-24";0;"A";"Данные ЦМИ";"Жилищно-коммунальные услуги";"Скользящее среднее за четыре недели";"Неделя";"2";"%";"0"
"2022-07-01";1.09;"A";"Данные ЦМИ";"Жилищно-коммунальные услуги";"Скользящее среднее за четыре недели";"Неделя";"2";"%";"0"
"2022-07-08";1.17;"A";"Данные ЦМИ";"Жилищно-коммунальные услуги";"Скользящее среднее за четыре недели";"Неделя";"2";"%";"0"
"2022-07-15";1.18;"A";"Данные ЦМИ";"Жилищно-коммунальные услуги";"Скользящее среднее за четыре недели";"Неделя";"2";"%";"0"
"2022-07-22";1.21;"A";"Данные ЦМИ";"Жилищно-коммунальные услуги";"Скользящее среднее за четыре недели";"Неделя";"2";"%";"0"
"2022-08-01";0.14;"A";"Данные ЦМИ";"Жилищно-коммунальные услуги";"Скользящее среднее за четыре недели";"Неделя";"2";"%";"0"
"2022-08-08";0.05;"A";"Данные ЦМИ";"Жилищно-коммунальные услуги";"Скользящее среднее за четыре недели";"Неделя";"2";"%";"0"
"2022-08-15";0.05;"A";"Данные ЦМИ";"Жилищно-коммунальные услуги";"Скользящее среднее за четыре недели";"Неделя";"2";"%";"0"
"2022-08-22";0.01;"A";"Данные ЦМИ";"Жилищно-коммунальные услуги";"Скользящее среднее за четыре недели";"Неделя";"2";"%";"0"
"2022-08-29";0;"A";"Данные ЦМИ";"Жилищно-коммунальные услуги";"Скользящее среднее за четыре недели";"Неделя";"2";"%";"0"
"2022-09-05";0.01;"A";"Данные ЦМИ";"Жилищно-коммунальные услуги";"Скользящее среднее за четыре недели";"Неделя";"2";"%";"0"
"2022-09-12";0.01;"A";"Данные ЦМИ";"Жилищно-коммунальные услуги";"Скользящее среднее за четыре недели";"Неделя";"2";"%";"0"
"2022-09-19";0.01;"A";"Данные ЦМИ";"Жилищно-коммунальные услуги";"Скользящее среднее за четыре недели";"Неделя";"2";"%";"0"
"2022-09-26";0;"A";"Данные ЦМИ";"Жилищно-коммунальные услуги";"Скользящее среднее за четыре недели";"Неделя";"2";"%";"0"
"2022-10-03";0;"A";"Данные ЦМИ";"Жилищно-коммунальные услуги";"Скользящее среднее за четыре недели";"Неделя";"2";"%";"0"
"2022-10-10";0;"A";"Данные ЦМИ";"Жилищно-коммунальные услуги";"Скользящее среднее за четыре недели";"Неделя";"2";"%";"0"
"2022-10-17";0;"A";"Данные ЦМИ";"Жилищно-коммунальные услуги";"Скользящее среднее за четыре недели";"Неделя";"2";"%";"0"
"2022-10-24";0;"A";"Данные ЦМИ";"Жилищно-коммунальные услуги";"Скользящее среднее за четыре недели";"Неделя";"2";"%";"0"
"2022-10-31";0;"A";"Данные ЦМИ";"Жилищно-коммунальные услуги";"Скользящее среднее за четыре недели";"Неделя";"2";"%";"0"
"2022-11-07";0;"A";"Данные ЦМИ";"Жилищно-коммунальные услуги";"Скользящее среднее за четыре недели";"Неделя";"2";"%";"0"
"2022-11-14";0;"A";"Данные ЦМИ";"Жилищно-коммунальные услуги";"Скользящее среднее за четыре недели";"Неделя";"2";"%";"0"
"2022-11-21";0;"A";"Данные ЦМИ";"Жилищно-коммунальные услуги";"Скользящее среднее за четыре недели";"Неделя";"2";"%";"0"
"2022-11-28";0;"A";"Данные ЦМИ";"Жилищно-коммунальные услуги";"Скользящее среднее за четыре недели";"Неделя";"2";"%";"0"
"2022-12-05";1.84;"A";"Данные ЦМИ";"Жилищно-коммунальные услуги";"Скользящее среднее за четыре недели";"Неделя";"2";"%";"0"
"2022-12-12";2;"A";"Данные ЦМИ";"Жилищно-коммунальные услуги";"Скользящее среднее за четыре недели";"Неделя";"2";"%";"0"
"2022-12-19";2.1;"A";"Данные ЦМИ";"Жилищно-коммунальные услуги";"Скользящее среднее за четыре недели";"Неделя";"2";"%";"0"
"2022-12-26";2.15;"A";"Данные ЦМИ";"Жилищно-коммунальные услуги";"Скользящее среднее за четыре недели";"Неделя";"2";"%";"0"
"2023-01-09";0.32;"A";"Данные ЦМИ";"Жилищно-коммунальные услуги";"Скользящее среднее за четыре недели";"Неделя";"2";"%";"0"
"2023-01-16";0.16;"A";"Данные ЦМИ";"Жилищно-коммунальные услуги";"Скользящее среднее за четыре недели";"Неделя";"2";"%";"0"
"2023-01-23";0.06;"A";"Данные ЦМИ";"Жилищно-коммунальные услуги";"Скользящее среднее за четыре недели";"Неделя";"2";"%";"0"
"2023-01-30";0.01;"A";"Данные ЦМИ";"Жилищно-коммунальные услуги";"Скользящее среднее за четыре недели";"Неделя";"2";"%";"0"
"2023-02-06";0;"A";"Данные ЦМИ";"Жилищно-коммунальные услуги";"Скользящее среднее за четыре недели";"Неделя";"2";"%";"0"
"2023-02-13";0;"A";"Данные ЦМИ";"Жилищно-коммунальные услуги";"Скользящее среднее за четыре недели";"Неделя";"2";"%";"0"
"2023-02-20";0;"A";"Данные ЦМИ";"Жилищно-коммунальные услуги";"Скользящее среднее за четыре недели";"Неделя";"2";"%";"0"
"2023-02-27";0;"A";"Данные ЦМИ";"Жилищно-коммунальные услуги";"Скользящее среднее за четыре недели";"Неделя";"2";"%";"0"
"2023-03-06";0;"A";"Данные ЦМИ";"Жилищно-коммунальные услуги";"Скользящее среднее за четыре недели";"Неделя";"2";"%";"0"
"2023-03-13";0;"A";"Данные ЦМИ";"Жилищно-коммунальные услуги";"Скользящее среднее за четыре недели";"Неделя";"2";"%";"0"
"2023-03-20";0;"A";"Данные ЦМИ";"Жилищно-коммунальные услуги";"Скользящее среднее за четыре недели";"Неделя";"2";"%";"0"
"2023-03-27";0;"A";"Данные ЦМИ";"Жилищно-коммунальные услуги";"Скользящее среднее за четыре недели";"Неделя";"2";"%";"0"
"2023-04-03";0;"A";"Данные ЦМИ";"Жилищно-коммунальные услуги";"Скользящее среднее за четыре недели";"Неделя";"2";"%";"0"
"2023-04-10";0;"A";"Данные ЦМИ";"Жилищно-коммунальные услуги";"Скользящее среднее за четыре недели";"Неделя";"2";"%";"0"
"2023-04-17";0;"A";"Данные ЦМИ";"Жилищно-коммунальные услуги";"Скользящее среднее за четыре недели";"Неделя";"2";"%";"0"
"2023-04-24";0;"A";"Данные ЦМИ";"Жилищно-коммунальные услуги";"Скользящее среднее за четыре недели";"Неделя";"2";"%";"0"
"2023-05-02";0;"A";"Данные ЦМИ";"Жилищно-коммунальные услуги";"Скользящее среднее за четыре недели";"Неделя";"2";"%";"0"
"2023-05-10";0;"A";"Данные ЦМИ";"Жилищно-коммунальные услуги";"Скользящее среднее за четыре недели";"Неделя";"2";"%";"0"
"2023-05-15";0;"A";"Данные ЦМИ";"Жилищно-коммунальные услуги";"Скользящее среднее за четыре недели";"Неделя";"2";"%";"0"
"2023-05-22";0;"A";"Данные ЦМИ";"Жилищно-коммунальные услуги";"Скользящее среднее за четыре недели";"Неделя";"2";"%";"0"
"2023-05-29";0;"A";"Данные ЦМИ";"Жилищно-коммунальные услуги";"Скользящее среднее за четыре недели";"Неделя";"2";"%";"0"
"2023-06-05";0;"A";"Данные ЦМИ";"Жилищно-коммунальные услуги";"Скользящее среднее за четыре недели";"Неделя";"2";"%";"0"
"2023-06-13";0;"A";"Данные ЦМИ";"Жилищно-коммунальные услуги";"Скользящее среднее за четыре недели";"Неделя";"2";"%";"0"
"2023-06-19";0;"A";"Данные ЦМИ";"Жилищно-коммунальные услуги";"Скользящее среднее за четыре недели";"Неделя";"2";"%";"0"
"2023-06-26";0;"A";"Данные ЦМИ";"Жилищно-коммунальные услуги";"Скользящее среднее за четыре недели";"Неделя";"2";"%";"0"
"2023-07-03";0;"A";"Данные ЦМИ";"Жилищно-коммунальные услуги";"Скользящее среднее за четыре недели";"Неделя";"2";"%";"0"
"2023-07-10";0;"A";"Данные ЦМИ";"Жилищно-коммунальные услуги";"Скользящее среднее за четыре недели";"Неделя";"2";"%";"0"
"2023-07-17";0;"A";"Данные ЦМИ";"Жилищно-коммунальные услуги";"Скользящее среднее за четыре недели";"Неделя";"2";"%";"0"
"2023-07-24";0;"A";"Данные ЦМИ";"Жилищно-коммунальные услуги";"Скользящее среднее за четыре недели";"Неделя";"2";"%";"0"
"2023-07-31";0;"A";"Данные ЦМИ";"Жилищно-коммунальные услуги";"Скользящее среднее за четыре недели";"Неделя";"2";"%";"0"
"2023-08-07";0;"A";"Данные ЦМИ";"Жилищно-коммунальные услуги";"Скользящее среднее за четыре недели";"Неделя";"2";"%";"0"
"2023-08-14";0;"A";"Данные ЦМИ";"Жилищно-коммунальные услуги";"Скользящее среднее за четыре недели";"Неделя";"2";"%";"0"
"2023-08-21";0;"A";"Данные ЦМИ";"Жилищно-коммунальные услуги";"Скользящее среднее за четыре недели";"Неделя";"2";"%";"0"
"2023-08-28";0;"A";"Данные ЦМИ";"Жилищно-коммунальные услуги";"Скользящее среднее за четыре недели";"Неделя";"2";"%";"0"
"2023-09-04";0;"A";"Данные ЦМИ";"Жилищно-коммунальные услуги";"Скользящее среднее за четыре недели";"Неделя";"2";"%";"0"
"2023-09-11";0;"A";"Данные ЦМИ";"Жилищно-коммунальные услуги";"Скользящее среднее за четыре недели";"Неделя";"2";"%";"0"
"2023-09-18";0;"A";"Данные ЦМИ";"Жилищно-коммунальные услуги";"Скользящее среднее за четыре недели";"Неделя";"2";"%";"0"
"2023-09-25";0;"A";"Данные ЦМИ";"Жилищно-коммунальные услуги";"Скользящее среднее за четыре недели";"Неделя";"2";"%";"0"
"2023-10-02";0;"A";"Данные ЦМИ";"Жилищно-коммунальные услуги";"Скользящее среднее за четыре недели";"Неделя";"2";"%";"0"
"2023-10-09";0;"A";"Данные ЦМИ";"Жилищно-коммунальные услуги";"Скользящее среднее за четыре недели";"Неделя";"2";"%";"0"
"2023-10-16";0;"A";"Данные ЦМИ";"Жилищно-коммунальные услуги";"Скользящее среднее за четыре недели";"Неделя";"2";"%";"0"
"2023-10-23";0;"A";"Данные ЦМИ";"Жилищно-коммунальные услуги";"Скользящее среднее за четыре недели";"Неделя";"2";"%";"0"
"2023-10-30";0;"A";"Данные ЦМИ";"Жилищно-коммунальные услуги";"Скользящее среднее за четыре недели";"Неделя";"2";"%";"0"
"2023-11-07";0;"A";"Данные ЦМИ";"Жилищно-коммунальные услуги";"Скользящее среднее за четыре недели";"Неделя";"2";"%";"0"
"2023-11-13";0;"A";"Данные ЦМИ";"Жилищно-коммунальные услуги";"Скользящее среднее за четыре недели";"Неделя";"2";"%";"0"
"2023-11-20";0;"A";"Данные ЦМИ";"Жилищно-коммунальные услуги";"Скользящее среднее за четыре недели";"Неделя";"2";"%";"0"
"2023-11-27";0;"A";"Данные ЦМИ";"Жилищно-коммунальные услуги";"Скользящее среднее за четыре недели";"Неделя";"2";"%";"0"
"2023-12-04";0;"A";"Данные ЦМИ";"Жилищно-коммунальные услуги";"Скользящее среднее за четыре недели";"Неделя";"2";"%";"0"
"2023-12-11";0;"A";"Данные ЦМИ";"Жилищно-коммунальные услуги";"Скользящее среднее за четыре недели";"Неделя";"2";"%";"0"
"2023-12-18";0;"A";"Данные ЦМИ";"Жилищно-коммунальные услуги";"Скользящее среднее за четыре недели";"Неделя";"2";"%";"0"
"2023-12-25";0;"A";"Данные ЦМИ";"Жилищно-коммунальные услуги";"Скользящее среднее за четыре недели";"Неделя";"2";"%";"0"
"2024-01-09";-0.02;"A";"Данные ЦМИ";"Жилищно-коммунальные услуги";"Скользящее среднее за четыре недели";"Неделя";"2";"%";"0"
"2024-01-15";0;"A";"Данные ЦМИ";"Жилищно-коммунальные услуги";"Скользящее среднее за четыре недели";"Неделя";"2";"%";"0"
"2024-01-22";0.04;"A";"Данные ЦМИ";"Жилищно-коммунальные услуги";"Скользящее среднее за четыре недели";"Неделя";"2";"%";"0"
"2024-01-29";0.1;"A";"Данные ЦМИ";"Жилищно-коммунальные услуги";"Скользящее среднее за четыре недели";"Неделя";"2";"%";"0"
"2024-02-05";0.13;"A";"Данные ЦМИ";"Жилищно-коммунальные услуги";"Скользящее среднее за четыре недели";"Неделя";"2";"%";"0"
"2024-02-12";0.12;"A";"Данные ЦМИ";"Жилищно-коммунальные услуги";"Скользящее среднее за четыре недели";"Неделя";"2";"%";"0"
"2024-02-19";0.08;"A";"Данные ЦМИ";"Жилищно-коммунальные услуги";"Скользящее среднее за четыре недели";"Неделя";"2";"%";"0"
"2024-02-26";0.03;"A";"Данные ЦМИ";"Жилищно-коммунальные услуги";"Скользящее среднее за четыре недели";"Неделя";"2";"%";"0"
"2024-03-04";0.02;"A";"Данные ЦМИ";"Жилищно-коммунальные услуги";"Скользящее среднее за четыре недели";"Неделя";"2";"%";"0"
"2024-03-11";0.02;"A";"Данные ЦМИ";"Жилищно-коммунальные услуги";"Скользящее среднее за четыре недели";"Неделя";"2";"%";"0"
"2024-03-18";0.01;"A";"Данные ЦМИ";"Жилищно-коммунальные услуги";"Скользящее среднее за четыре недели";"Неделя";"2";"%";"0"
"2024-03-25";0.03;"A";"Данные ЦМИ";"Жилищно-коммунальные услуги";"Скользящее среднее за четыре недели";"Неделя";"2";"%";"0"
"2024-04-01";0.02;"A";"Данные ЦМИ";"Жилищно-коммунальные услуги";"Скользящее среднее за четыре недели";"Неделя";"2";"%";"0"
"2024-04-08";0.04;"A";"Данные ЦМИ";"Жилищно-коммунальные услуги";"Скользящее среднее за четыре недели";"Неделя";"2";"%";"0"
"2024-04-15";0.04;"A";"Данные ЦМИ";"Жилищно-коммунальные услуги";"Скользящее среднее за четыре недели";"Неделя";"2";"%";"0"
"2024-04-22";0.02;"A";"Данные ЦМИ";"Жилищно-коммунальные услуги";"Скользящее среднее за четыре недели";"Неделя";"2";"%";"0"
"2024-05-02";0.02;"A";"Данные ЦМИ";"Жилищно-коммунальные услуги";"Скользящее среднее за четыре недели";"Неделя";"2";"%";"0"
"2024-05-06";0;"A";"Данные ЦМИ";"Жилищно-коммунальные услуги";"Скользящее среднее за четыре недели";"Неделя";"2";"%";"0"
"2024-05-13";0;"A";"Данные ЦМИ";"Жилищно-коммунальные услуги";"Скользящее среднее за четыре недели";"Неделя";"2";"%";"0"
"2024-05-20";0;"A";"Данные ЦМИ";"Жилищно-коммунальные услуги";"Скользящее среднее за четыре недели";"Неделя";"2";"%";"0"
"2024-05-27";0.01;"A";"Данные ЦМИ";"Жилищно-коммунальные услуги";"Скользящее среднее за четыре недели";"Неделя";"2";"%";"0"
"2024-06-03";0.02;"A";"Данные ЦМИ";"Жилищно-коммунальные услуги";"Скользящее среднее за четыре недели";"Неделя";"2";"%";"0"
"2024-06-10";0.02;"A";"Данные ЦМИ";"Жилищно-коммунальные услуги";"Скользящее среднее за четыре недели";"Неделя";"2";"%";"0"
"2024-06-17";0.02;"A";"Данные ЦМИ";"Жилищно-коммунальные услуги";"Скользящее среднее за четыре недели";"Неделя";"2";"%";"0"
"2024-06-24";0.02;"A";"Данные ЦМИ";"Жилищно-коммунальные услуги";"Скользящее среднее за четыре недели";"Неделя";"2";"%";"0"
"2024-07-01";1.8;"A";"Данные ЦМИ";"Жилищно-коммунальные услуги";"Скользящее среднее за четыре недели";"Неделя";"2";"%";"0"
"2024-07-08";1.86;"A";"Данные ЦМИ";"Жилищно-коммунальные услуги";"Скользящее среднее за четыре недели";"Неделя";"2";"%";"0"
"2024-07-15";1.91;"A";"Данные ЦМИ";"Жилищно-коммунальные услуги";"Скользящее среднее за четыре недели";"Неделя";"2";"%";"0"
"2024-07-22";1.94;"A";"Данные ЦМИ";"Жилищно-коммунальные услуги";"Скользящее среднее за четыре недели";"Неделя";"2";"%";"0"
"2024-07-29";0.22;"A";"Данные ЦМИ";"Жилищно-коммунальные услуги";"Скользящее среднее за четыре недели";"Неделя";"2";"%";"0"
"2024-08-05";0.16;"A";"Данные ЦМИ";"Жилищно-коммунальные услуги";"Скользящее среднее за четыре недели";"Неделя";"2";"%";"0"
"2024-08-12";0.11;"A";"Данные ЦМИ";"Жилищно-коммунальные услуги";"Скользящее среднее за четыре недели";"Неделя";"2";"%";"0"
"2024-08-19";0.08;"A";"Данные ЦМИ";"Жилищно-коммунальные услуги";"Скользящее среднее за четыре недели";"Неделя";"2";"%";"0"
"2024-08-26";0.01;"A";"Данные ЦМИ";"Жилищно-коммунальные услуги";"Скользящее среднее за четыре недели";"Неделя";"2";"%";"0"
"2024-09-02";0;"A";"Данные ЦМИ";"Жилищно-коммунальные услуги";"Скользящее среднее за четыре недели";"Неделя";"2";"%";"0"
"2024-09-09";0.01;"A";"Данные ЦМИ";"Жилищно-коммунальные услуги";"Скользящее среднее за четыре недели";"Неделя";"2";"%";"0"
"2024-09-16";0.01;"A";"Данные ЦМИ";"Жилищно-коммунальные услуги";"Скользящее среднее за четыре недели";"Неделя";"2";"%";"0"
"2024-09-23";0.01;"A";"Данные ЦМИ";"Жилищно-коммунальные услуги";"Скользящее среднее за четыре недели";"Неделя";"2";"%";"0"
"2024-09-30";0.01;"A";"Данные ЦМИ";"Жилищно-коммунальные услуги";"Скользящее среднее за четыре недели";"Неделя";"2";"%";"0"
"2024-10-07";0;"A";"Данные ЦМИ";"Жилищно-коммунальные услуги";"Скользящее среднее за четыре недели";"Неделя";"2";"%";"0"
"2024-10-14";0.01;"A";"Данные ЦМИ";"Жилищно-коммунальные услуги";"Скользящее среднее за четыре недели";"Неделя";"2";"%";"0"
"2024-10-21";0;"A";"Данные ЦМИ";"Жилищно-коммунальные услуги";"Скользящее среднее за четыре недели";"Неделя";"2";"%";"0"
"2024-10-28";0.01;"A";"Данные ЦМИ";"Жилищно-коммунальные услуги";"Скользящее среднее за четыре недели";"Неделя";"2";"%";"0"
"2024-11-05";0.01;"A";"Данные ЦМИ";"Жилищно-коммунальные услуги";"Скользящее среднее за четыре недели";"Неделя";"2";"%";"0"
"2024-11-11";0.01;"A";"Данные ЦМИ";"Жилищно-коммунальные услуги";"Скользящее среднее за четыре недели";"Неделя";"2";"%";"0"
"2024-11-18";0.02;"A";"Данные ЦМИ";"Жилищно-коммунальные услуги";"Скользящее среднее за четыре недели";"Неделя";"2";"%";"0"
"2024-11-25";0.01;"A";"Данные ЦМИ";"Жилищно-коммунальные услуги";"Скользящее среднее за четыре недели";"Неделя";"2";"%";"0"
"2024-12-02";0.01;"A";"Данные ЦМИ";"Жилищно-коммунальные услуги";"Скользящее среднее за четыре недели";"Неделя";"2";"%";"0"
"2024-12-09";0.01;"A";"Данные ЦМИ";"Жилищно-коммунальные услуги";"Скользящее среднее за четыре недели";"Неделя";"2";"%";"0"
"2024-12-16";0.01;"A";"Данные ЦМИ";"Жилищно-коммунальные услуги";"Скользящее среднее за четыре недели";"Неделя";"2";"%";"0"
"2024-12-23";0.01;"A";"Данные ЦМИ";"Жилищно-коммунальные услуги";"Скользящее среднее за четыре недели";"Неделя";"2";"%";"0"
"2025-01-09";0.04;"A";"Данные ЦМИ";"Жилищно-коммунальные услуги";"Скользящее среднее за четыре недели";"Неделя";"2";"%";"0"
"2025-01-13";0.05;"A";"Данные ЦМИ";"Жилищно-коммунальные услуги";"Скользящее среднее за четыре недели";"Неделя";"2";"%";"0"
"2025-01-20";0.07;"A";"Данные ЦМИ";"Жилищно-коммунальные услуги";"Скользящее среднее за четыре недели";"Неделя";"2";"%";"0"
"2025-01-27";0.15;"A";"Данные ЦМИ";"Жилищно-коммунальные услуги";"Скользящее среднее за четыре недели";"Неделя";"2";"%";"0"
"2025-02-03";0.13;"A";"Данные ЦМИ";"Жилищно-коммунальные услуги";"Скользящее среднее за четыре недели";"Неделя";"2";"%";"0"
"2025-02-10";0.13;"A";"Данные ЦМИ";"Жилищно-коммунальные услуги";"Скользящее среднее за четыре недели";"Неделя";"2";"%";"0"
"2025-02-17";0.11;"A";"Данные ЦМИ";"Жилищно-коммунальные услуги";"Скользящее среднее за четыре недели";"Неделя";"2";"%";"0"
"2025-02-24";0.09;"A";"Данные ЦМИ";"Жилищно-коммунальные услуги";"Скользящее среднее за четыре недели";"Неделя";"2";"%";"0"
"2025-03-03";0.09;"A";"Данные ЦМИ";"Жилищно-коммунальные услуги";"Скользящее среднее за четыре недели";"Неделя";"2";"%";"0"
"2025-03-10";0.07;"A";"Данные ЦМИ";"Жилищно-коммунальные услуги";"Скользящее среднее за четыре недели";"Неделя";"2";"%";"0"
"2025-03-17";0.07;"A";"Данные ЦМИ";"Жилищно-коммунальные услуги";"Скользящее среднее за четыре недели";"Неделя";"2";"%";"0"
"2025-03-24";0.01;"A";"Данные ЦМИ";"Жилищно-коммунальные услуги";"Скользящее среднее за четыре недели";"Неделя";"2";"%";"0"
"2025-03-31";0.03;"A";"Данные ЦМИ";"Жилищно-коммунальные услуги";"Скользящее среднее за четыре недели";"Неделя";"2";"%";"0"
"2025-04-07";0.03;"A";"Данные ЦМИ";"Жилищно-коммунальные услуги";"Скользящее среднее за четыре недели";"Неделя";"2";"%";"0"
"2025-04-14";0.03;"A";"Данные ЦМИ";"Жилищно-коммунальные услуги";"Скользящее среднее за четыре недели";"Неделя";"2";"%";"0"
"2025-04-21";0.03;"A";"Данные ЦМИ";"Жилищно-коммунальные услуги";"Скользящее среднее за четыре недели";"Неделя";"2";"%";"0"
"2025-04-28";0.01;"A";"Данные ЦМИ";"Жилищно-коммунальные услуги";"Скользящее среднее за четыре недели";"Неделя";"2";"%";"0"
"2025-05-05";0.01;"A";"Данные ЦМИ";"Жилищно-коммунальные услуги";"Скользящее среднее за четыре недели";"Неделя";"2";"%";"0"
"2025-05-12";0.01;"A";"Данные ЦМИ";"Жилищно-коммунальные услуги";"Скользящее среднее за четыре недели";"Неделя";"2";"%";"0"
"2025-05-19";0.02;"A";"Данные ЦМИ";"Жилищно-коммунальные услуги";"Скользящее среднее за четыре недели";"Неделя";"2";"%";"0"
"2025-05-26";0.03;"A";"Данные ЦМИ";"Жилищно-коммунальные услуги";"Скользящее среднее за четыре недели";"Неделя";"2";"%";"0"
"2025-06-02";0.03;"A";"Данные ЦМИ";"Жилищно-коммунальные услуги";"Скользящее среднее за четыре недели";"Неделя";"2";"%";"0"
"2025-06-09";0.03;"A";"Данные ЦМИ";"Жилищно-коммунальные услуги";"Скользящее среднее за четыре недели";"Неделя";"2";"%";"0"
"2025-06-16";0.05;"A";"Данные ЦМИ";"Жилищно-коммунальные услуги";"Скользящее среднее за четыре недели";"Неделя";"2";"%";"0"
"2025-06-23";0.03;"A";"Данные ЦМИ";"Жилищно-коммунальные услуги";"Скользящее среднее за четыре недели";"Неделя";"2";"%";"0"
"2025-06-30";0.08;"A";"Данные ЦМИ";"Жилищно-коммунальные услуги";"Скользящее среднее за четыре недели";"Неделя";"2";"%";"0"
"2025-07-07";2.75;"A";"Данные ЦМИ";"Жилищно-коммунальные услуги";"Скользящее среднее за четыре недели";"Неделя";"2";"%";"0"
"2025-07-14";2.8;"A";"Данные ЦМИ";"Жилищно-коммунальные услуги";"Скользящее среднее за четыре недели";"Неделя";"2";"%";"0"
"2025-07-21";2.8;"A";"Данные ЦМИ";"Жилищно-коммунальные услуги";"Скользящее среднее за четыре недели";"Неделя";"2";"%";"0"
"2025-07-28";2.79;"A";"Данные ЦМИ";"Жилищно-коммунальные услуги";"Скользящее среднее за четыре недели";"Неделя";"2";"%";"0"
"2025-08-04";0.13;"A";"Данные ЦМИ";"Жилищно-коммунальные услуги";"Скользящее среднее за четыре недели";"Неделя";"2";"%";"0"
"2025-08-11";0.06;"A";"Данные ЦМИ";"Жилищно-коммунальные услуги";"Скользящее среднее за четыре недели";"Неделя";"2";"%";"0"
"2025-08-18";0.06;"A";"Данные ЦМИ";"Жилищно-коммунальные услуги";"Скользящее среднее за четыре недели";"Неделя";"2";"%";"0"
"2025-08-25";0.03;"A";"Данные ЦМИ";"Жилищно-коммунальные услуги";"Скользящее среднее за четыре недели";"Неделя";"2";"%";"0"
"2025-09-01";0.03;"A";"Данные ЦМИ";"Жилищно-коммунальные услуги";"Скользящее среднее за четыре недели";"Неделя";"2";"%";"0"
"2025-09-08";0.03;"A";"Данные ЦМИ";"Жилищно-коммунальные услуги";"Скользящее среднее за четыре недели";"Неделя";"2";"%";"0"
"2025-09-15";0.02;"A";"Данные ЦМИ";"Жилищно-коммунальные услуги";"Скользящее среднее за четыре недели";"Неделя";"2";"%";"0"
"2025-09-22";0.01;"A";"Данные ЦМИ";"Жилищно-коммунальные услуги";"Скользящее среднее за четыре недели";"Неделя";"2";"%";"0"
"2025-09-29";0.01;"A";"Данные ЦМИ";"Жилищно-коммунальные услуги";"Скользящее среднее за четыре недели";"Неделя";"2";"%";"0"
"2025-10-06";0.02;"A";"Данные ЦМИ";"Жилищно-коммунальные услуги";"Скользящее среднее за четыре недели";"Неделя";"2";"%";"0"
"2025-10-13";0.02;"A";"Данные ЦМИ";"Жилищно-коммунальные услуги";"Скользящее среднее за четыре недели";"Неделя";"2";"%";"0"
"2025-10-20";0.02;"A";"Данные ЦМИ";"Жилищно-коммунальные услуги";"Скользящее среднее за четыре недели";"Неделя";"2";"%";"0"
"2025-10-27";0.04;"A";"Данные ЦМИ";"Жилищно-коммунальные услуги";"Скользящее среднее за четыре недели";"Неделя";"2";"%";"0"
"2025-11-05";0.03;"A";"Данные ЦМИ";"Жилищно-коммунальные услуги";"Скользящее среднее за четыре недели";"Неделя";"2";"%";"0"
"2025-11-10";0.03;"A";"Данные ЦМИ";"Жилищно-коммунальные услуги";"Скользящее среднее за четыре недели";"Неделя";"2";"%";"0"
"2025-11-17";0.03;"A";"Данные ЦМИ";"Жилищно-коммунальные услуги";"Скользящее среднее за четыре недели";"Неделя";"2";"%";"0"
"2025-11-24";0.01;"A";"Данные ЦМИ";"Жилищно-коммунальные услуги";"Скользящее среднее за четыре недели";"Неделя";"2";"%";"0"
"2025-12-01";0.02;"A";"Данные ЦМИ";"Жилищно-коммунальные услуги";"Скользящее среднее за четыре недели";"Неделя";"2";"%";"0"
"2025-12-08";0.02;"A";"Данные ЦМИ";"Жилищно-коммунальные услуги";"Скользящее среднее за четыре недели";"Неделя";"2";"%";"0"
"2025-12-15";0.02;"A";"Данные ЦМИ";"Жилищно-коммунальные услуги";"Скользящее среднее за четыре недели";"Неделя";"2";"%";"0"
"2025-12-22";0.06;"A";"Данные ЦМИ";"Жилищно-коммунальные услуги";"Скользящее среднее за четыре недели";"Неделя";"2";"%";"0"
"2026-01-12";0.46;"A";"Данные ЦМИ";"Жилищно-коммунальные услуги";"Скользящее среднее за четыре недели";"Неделя";"2";"%";"0"
"2026-01-19";0.52;"A";"Данные ЦМИ";"Жилищно-коммунальные услуги";"Скользящее среднее за четыре недели";"Неделя";"2";"%";"0"
"2026-01-26";0.61;"A";"Данные ЦМИ";"Жилищно-коммунальные услуги";"Скользящее среднее за четыре недели";"Неделя";"2";"%";"0"
"2026-02-02";0.61;"A";"Данные ЦМИ";"Жилищно-коммунальные услуги";"Скользящее среднее за четыре недели";"Неделя";"2";"%";"0"
"2026-02-09";0.25;"A";"Данные ЦМИ";"Жилищно-коммунальные услуги";"Скользящее среднее за четыре недели";"Неделя";"2";"%";"0"
"2026-02-16";0.19;"A";"Данные ЦМИ";"Жилищно-коммунальные услуги";"Скользящее среднее за четыре недели";"Неделя";"2";"%";"0"
"2026-02-24";0.12;"A";"Данные ЦМИ";"Жилищно-коммунальные услуги";"Скользящее среднее за четыре недели";"Неделя";"2";"%";"0"
"2026-03-02";0.08;"A";"Данные ЦМИ";"Жилищно-коммунальные услуги";"Скользящее среднее за четыре недели";"Неделя";"2";"%";"0"
"2026-03-10";0.05;"A";"Данные ЦМИ";"Жилищно-коммунальные услуги";"Скользящее среднее за четыре недели";"Неделя";"2";"%";"0"
"2026-03-16";0.05;"A";"Данные ЦМИ";"Жилищно-коммунальные услуги";"Скользящее среднее за четыре недели";"Неделя";"2";"%";"0"
"2026-03-23";0.07;"A";"Данные ЦМИ";"Жилищно-коммунальные услуги";"Скользящее среднее за четыре недели";"Неделя";"2";"%";"0"
"2026-03-30";0.07;"A";"Данные ЦМИ";"Жилищно-коммунальные услуги";"Скользящее среднее за четыре недели";"Неделя";"2";"%";"0"
"2026-04-06";0.13;"A";"Данные ЦМИ";"Жилищно-коммунальные услуги";"Скользящее среднее за четыре недели";"Неделя";"2";"%";"0"
"2026-04-13";0.13;"A";"Данные ЦМИ";"Жилищно-коммунальные услуги";"Скользящее среднее за четыре недели";"Неделя";"2";"%";"0"
"2026-04-20";0.1;"A";"Данные ЦМИ";"Жилищно-коммунальные услуги";"Скользящее среднее за четыре недели";"Неделя";"2";"%";"0"
"2026-04-27";0.09;"A";"Данные ЦМИ";"Жилищно-коммунальные услуги";"Скользящее среднее за четыре недели";"Неделя";"2";"%";"0"
"2026-05-04";0.03;"A";"Данные ЦМИ";"Жилищно-коммунальные услуги";"Скользящее среднее за четыре недели";"Неделя";"2";"%";"0"
"2026-05-12";0.02;"A";"Данные ЦМИ";"Жилищно-коммунальные услуги";"Скользящее среднее за четыре недели";"Неделя";"2";"%";"0"
"2026-05-18";0.01;"A";"Данные ЦМИ";"Жилищно-коммунальные услуги";"Скользящее среднее за четыре недели";"Неделя";"2";"%";"0"
"2026-05-25";0.02;"A";"Данные ЦМИ";"Жилищно-коммунальные услуги";"Скользящее среднее за четыре недели";"Неделя";"2";"%";"0"
"2026-06-01";0.01;"A";"Данные ЦМИ";"Жилищно-коммунальные услуги";"Скользящее среднее за четыре недели";"Неделя";"2";"%";"0"
"2026-06-08";0.02;"A";"Данные ЦМИ";"Жилищно-коммунальные услуги";"Скользящее среднее за четыре недели";"Неделя";"2";"%";"0"
"2026-06-15";0.02;"A";"Данные ЦМИ";"Жилищно-коммунальные услуги";"Скользящее среднее за четыре недели";"Неделя";"2";"%";"0"
"2026-06-22";0.01;"A";"Данные ЦМИ";"Жилищно-коммунальные услуги";"Скользящее среднее за четыре недели";"Неделя";"2";"%";"0"
"2026-06-29";0.01;"A";"Данные ЦМИ";"Жилищно-коммунальные услуги";"Скользящее среднее за четыре недели";"Неделя";"2";"%";"0"
"2026-07-06";0.06;"A";"Данные ЦМИ";"Жилищно-коммунальные услуги";"Скользящее среднее за четыре недели";"Неделя";"2";"%";"0"
"2026-07-13";0.06;"A";"Данные ЦМИ";"Жилищно-коммунальные услуги";"Скользящее среднее за четыре недели";"Неделя";"2";"%";"0"
"2026-07-20";0.07;"A";"Данные ЦМИ";"Жилищно-коммунальные услуги";"Скользящее среднее за четыре недели";"Неделя";"2";"%";"0"
"2026-07-27";0.07;"A";"Данные ЦМИ";"Жилищно-коммунальные услуги";"Скользящее среднее за четыре недели";"Неделя";"2";"%";"0"
"2026-08-03";0.06;"A";"Данные ЦМИ";"Жилищно-коммунальные услуги";"Скользящее среднее за четыре недели";"Неделя";"2";"%";"0"
"2026-08-10";0.07;"A";"Данные ЦМИ";"Жилищно-коммунальные услуги";"Скользящее среднее за четыре недели";"Неделя";"2";"%";"0"
"2026-08-17";0.07;"A";"Данные ЦМИ";"Жилищно-коммунальные услуги";"Скользящее среднее за четыре недели";"Неделя";"2";"%";"0"
"2026-08-24";0.06;"A";"Данные ЦМИ";"Жилищно-коммунальные услуги";"Скользящее среднее за четыре недели";"Неделя";"2";"%";"0"
"2026-08-31";0.02;"A";"Данные ЦМИ";"Жилищно-коммунальные услуги";"Скользящее среднее за четыре недели";"Неделя";"2";"%";"0"
"2026-09-07";0.01;"A";"Данные ЦМИ";"Жилищно-коммунальные услуги";"Скользящее среднее за четыре недели";"Неделя";"2";"%";"0"
"2026-09-14";0.01;"A";"Данные ЦМИ";"Жилищно-коммунальные услуги";"Скользящее среднее за четыре недели";"Неделя";"2";"%";"0"
"2026-09-21";0;"A";"Данные ЦМИ";"Жилищно-коммунальные услуги";"Скользящее среднее за четыре недели";"Неделя";"2";"%";"0"
"2026-09-28";0.01;"A";"Данные ЦМИ";"Жилищно-коммунальные услуги";"Скользящее среднее за четыре недели";"Неделя";"2";"%";"0"
"2022-01-10";0.46;"A";"Данные ЦМИ";"Легковые автомобили";"Скользящее среднее за четыре недели";"Неделя";"2";"%";"0"
"2022-01-14";0.47;"A";"Данные ЦМИ";"Легковые автомобили";"Скользящее среднее за четыре недели";"Неделя";"2";"%";"0"
"2022-01-21";0.52;"A";"Данные ЦМИ";"Легковые автомобили";"Скользящее среднее за четыре недели";"Неделя";"2";"%";"0"
"2022-01-28";0.55;"A";"Данные ЦМИ";"Легковые автомобили";"Скользящее среднее за четыре недели";"Неделя";"2";"%";"0"
"2022-02-04";0.36;"A";"Данные ЦМИ";"Легковые автомобили";"Скользящее среднее за четыре недели";"Неделя";"2";"%";"0"
"2022-02-11";0.41;"A";"Данные ЦМИ";"Легковые автомобили";"Скользящее среднее за четыре недели";"Неделя";"2";"%";"0"
"2022-02-18";0.34;"A";"Данные ЦМИ";"Легковые автомобили";"Скользящее среднее за четыре недели";"Неделя";"2";"%";"0"
"2022-02-25";0.34;"A";"Данные ЦМИ";"Легковые автомобили";"Скользящее среднее за четыре недели";"Неделя";"2";"%";"0"
"2022-03-04";4.03;"A";"Данные ЦМИ";"Легковые автомобили";"Скользящее среднее за четыре недели";"Неделя";"2";"%";"0"
"2022-03-11";5.46;"A";"Данные ЦМИ";"Легковые автомобили";"Скользящее среднее за четыре недели";"Неделя";"2";"%";"0"
"2022-03-18";6.32;"A";"Данные ЦМИ";"Легковые автомобили";"Скользящее среднее за четыре недели";"Неделя";"2";"%";"0"
"2022-03-25";7.15;"A";"Данные ЦМИ";"Легковые автомобили";"Скользящее среднее за четыре недели";"Неделя";"2";"%";"0"
"2022-04-01";3.61;"A";"Данные ЦМИ";"Легковые автомобили";"Скользящее среднее за четыре недели";"Неделя";"2";"%";"0"
"2022-04-08";2.59;"A";"Данные ЦМИ";"Легковые автомобили";"Скользящее среднее за четыре недели";"Неделя";"2";"%";"0"
"2022-04-15";1.7;"A";"Данные ЦМИ";"Легковые автомобили";"Скользящее среднее за четыре недели";"Неделя";"2";"%";"0"
"2022-04-22";0.93;"A";"Данные ЦМИ";"Легковые автомобили";"Скользящее среднее за четыре недели";"Неделя";"2";"%";"0"
"2022-04-29";0.65;"A";"Данные ЦМИ";"Легковые автомобили";"Скользящее среднее за четыре недели";"Неделя";"2";"%";"0"
"2022-05-06";0.18;"A";"Данные ЦМИ";"Легковые автомобили";"Скользящее среднее за четыре недели";"Неделя";"2";"%";"0"
"2022-05-13";0.16;"A";"Данные ЦМИ";"Легковые автомобили";"Скользящее среднее за четыре недели";"Неделя";"2";"%";"0"
"2022-05-20";0.13;"A";"Данные ЦМИ";"Легковые автомобили";"Скользящее среднее за четыре недели";"Неделя";"2";"%";"0"
"2022-05-27";0.09;"A";"Данные ЦМИ";"Легковые автомобили";"Скользящее среднее за четыре недели";"Неделя";"2";"%";"0"
"2022-06-03";0.06;"A";"Данные ЦМИ";"Легковые автомобили";"Скользящее среднее за четыре недели";"Неделя";"2";"%";"0"
"2022-06-10";0.07;"A";"Данные ЦМИ";"Легковые автомобили";"Скользящее среднее за четыре недели";"Неделя";"2";"%";"0"
"2022-06-17";-0.01;"A";"Данные ЦМИ";"Легковые автомобили";"Скользящее среднее за четыре недели";"Неделя";"2";"%";"0"
"2022-06-24";0.01;"A";"Данные ЦМИ";"Легковые автомобили";"Скользящее среднее за четыре недели";"Неделя";"2";"%";"0"
"2022-07-01";0.01;"A";"Данные ЦМИ";"Легковые автомобили";"Скользящее среднее за четыре недели";"Неделя";"2";"%";"0"
"2022-07-08";-0.01;"A";"Данные ЦМИ";"Легковые автомобили";"Скользящее среднее за четыре недели";"Неделя";"2";"%";"0"
"2022-07-15";0.01;"A";"Данные ЦМИ";"Легковые автомобили";"Скользящее среднее за четыре недели";"Неделя";"2";"%";"0"
"2022-07-22";0;"A";"Данные ЦМИ";"Легковые автомобили";"Скользящее среднее за четыре недели";"Неделя";"2";"%";"0"
"2022-08-01";0.01;"A";"Данные ЦМИ";"Легковые автомобили";"Скользящее среднее за четыре недели";"Неделя";"2";"%";"0"
"2022-08-08";0.03;"A";"Данные ЦМИ";"Легковые автомобили";"Скользящее среднее за четыре недели";"Неделя";"2";"%";"0"
"2022-08-15";0.03;"A";"Данные ЦМИ";"Легковые автомобили";"Скользящее среднее за четыре недели";"Неделя";"2";"%";"0"
"2022-08-22";0.03;"A";"Данные ЦМИ";"Легковые автомобили";"Скользящее среднее за четыре недели";"Неделя";"2";"%";"0"
"2022-08-29";0.04;"A";"Данные ЦМИ";"Легковые автомобили";"Скользящее среднее за четыре недели";"Неделя";"2";"%";"0"
"2022-09-05";0.03;"A";"Данные ЦМИ";"Легковые автомобили";"Скользящее среднее за четыре недели";"Неделя";"2";"%";"0"
"2022-09-12";0.02;"A";"Данные ЦМИ";"Легковые автомобили";"Скользящее среднее за четыре недели";"Неделя";"2";"%";"0"
"2022-09-19";0.02;"A";"Данные ЦМИ";"Легковые автомобили";"Скользящее среднее за четыре недели";"Неделя";"2";"%";"0"
"2022-09-26";0.01;"A";"Данные ЦМИ";"Легковые автомобили";"Скользящее среднее за четыре недели";"Неделя";"2";"%";"0"
"2022-10-03";0.02;"A";"Данные ЦМИ";"Легковые автомобили";"Скользящее среднее за четыре недели";"Неделя";"2";"%";"0"
"2022-10-10";0.03;"A";"Данные ЦМИ";"Легковые автомобили";"Скользящее среднее за четыре недели";"Неделя";"2";"%";"0"
"2022-10-17";0.02;"A";"Данные ЦМИ";"Легковые автомобили";"Скользящее среднее за четыре недели";"Неделя";"2";"%";"0"
"2022-10-24";0;"A";"Данные ЦМИ";"Легковые автомобили";"Скользящее среднее за четыре недели";"Неделя";"2";"%";"0"
"2022-10-31";0;"A";"Данные ЦМИ";"Легковые автомобили";"Скользящее среднее за четыре недели";"Неделя";"2";"%";"0"
"2022-11-07";-0.01;"A";"Данные ЦМИ";"Легковые автомобили";"Скользящее среднее за четыре недели";"Неделя";"2";"%";"0"
"2022-11-14";0.01;"A";"Данные ЦМИ";"Легковые автомобили";"Скользящее среднее за четыре недели";"Неделя";"2";"%";"0"
"2022-11-21";0.01;"A";"Данные ЦМИ";"Легковые автомобили";"Скользящее среднее за четыре недели";"Неделя";"2";"%";"0"
"2022-11-28";0;"A";"Данные ЦМИ";"Легковые автомобили";"Скользящее среднее за четыре недели";"Неделя";"2";"%";"0"
"2022-12-05";0;"A";"Данные ЦМИ";"Легковые автомобили";"Скользящее среднее за четыре недели";"Неделя";"2";"%";"0"
"2022-12-12";-0.01;"A";"Данные ЦМИ";"Легковые автомобили";"Скользящее среднее за четыре недели";"Неделя";"2";"%";"0"
"2022-12-19";-0.01;"A";"Данные ЦМИ";"Легковые автомобили";"Скользящее среднее за четыре недели";"Неделя";"2";"%";"0"
"2022-12-26";-0.01;"A";"Данные ЦМИ";"Легковые автомобили";"Скользящее среднее за четыре недели";"Неделя";"2";"%";"0"
"2023-01-09";-0.03;"A";"Данные ЦМИ";"Легковые автомобили";"Скользящее среднее за четыре недели";"Неделя";"2";"%";"0"
"2023-01-16";-0.06;"A";"Данные ЦМИ";"Легковые автомобили";"Скользящее среднее за четыре недели";"Неделя";"2";"%";"0"
"2023-01-23";-0.05;"A";"Данные ЦМИ";"Легковые автомобили";"Скользящее среднее за четыре недели";"Неделя";"2";"%";"0"
"2023-01-30";-0.04;"A";"Данные ЦМИ";"Легковые автомобили";"Скользящее среднее за четыре недели";"Неделя";"2";"%";"0"
"2023-02-06";0.01;"A";"Данные ЦМИ";"Легковые автомобили";"Скользящее среднее за четыре недели";"Неделя";"2";"%";"0"
"2023-02-13";0.05;"A";"Данные ЦМИ";"Легковые автомобили";"Скользящее среднее за четыре недели";"Неделя";"2";"%";"0"
"2023-02-20";0;"A";"Данные ЦМИ";"Легковые автомобили";"Скользящее среднее за четыре недели";"Неделя";"2";"%";"0"
"2023-02-27";0;"A";"Данные ЦМИ";"Легковые автомобили";"Скользящее среднее за четыре недели";"Неделя";"2";"%";"0"
"2023-03-06";0.07;"A";"Данные ЦМИ";"Легковые автомобили";"Скользящее среднее за четыре недели";"Неделя";"2";"%";"0"
"2023-03-13";0.06;"A";"Данные ЦМИ";"Легковые автомобили";"Скользящее среднее за четыре недели";"Неделя";"2";"%";"0"
"2023-03-20";0.09;"A";"Данные ЦМИ";"Легковые автомобили";"Скользящее среднее за четыре недели";"Неделя";"2";"%";"0"
"2023-03-27";0.09;"A";"Данные ЦМИ";"Легковые автомобили";"Скользящее среднее за четыре недели";"Неделя";"2";"%";"0"
"2023-04-03";0.01;"A";"Данные ЦМИ";"Легковые автомобили";"Скользящее среднее за четыре недели";"Неделя";"2";"%";"0"
"2023-04-10";0.03;"A";"Данные ЦМИ";"Легковые автомобили";"Скользящее среднее за четыре недели";"Неделя";"2";"%";"0"
"2023-04-17";0.06;"A";"Данные ЦМИ";"Легковые автомобили";"Скользящее среднее за четыре недели";"Неделя";"2";"%";"0"
"2023-04-24";0.09;"A";"Данные ЦМИ";"Легковые автомобили";"Скользящее среднее за четыре недели";"Неделя";"2";"%";"0"
"2023-05-02";0.25;"A";"Данные ЦМИ";"Легковые автомобили";"Скользящее среднее за четыре недели";"Неделя";"2";"%";"0"
"2023-05-10";0.25;"A";"Данные ЦМИ";"Легковые автомобили";"Скользящее среднее за четыре недели";"Неделя";"2";"%";"0"
"2023-05-15";0.23;"A";"Данные ЦМИ";"Легковые автомобили";"Скользящее среднее за четыре недели";"Неделя";"2";"%";"0"
"2023-05-22";0.21;"A";"Данные ЦМИ";"Легковые автомобили";"Скользящее среднее за четыре недели";"Неделя";"2";"%";"0"
"2023-05-29";0.05;"A";"Данные ЦМИ";"Легковые автомобили";"Скользящее среднее за четыре недели";"Неделя";"2";"%";"0"
"2023-06-05";0.24;"A";"Данные ЦМИ";"Легковые автомобили";"Скользящее среднее за четыре недели";"Неделя";"2";"%";"0"
"2023-06-13";0.3;"A";"Данные ЦМИ";"Легковые автомобили";"Скользящее среднее за четыре недели";"Неделя";"2";"%";"0"
"2023-06-19";0.31;"A";"Данные ЦМИ";"Легковые автомобили";"Скользящее среднее за четыре недели";"Неделя";"2";"%";"0"
"2023-06-26";0.32;"A";"Данные ЦМИ";"Легковые автомобили";"Скользящее среднее за четыре недели";"Неделя";"2";"%";"0"
"2023-07-03";0.12;"A";"Данные ЦМИ";"Легковые автомобили";"Скользящее среднее за четыре недели";"Неделя";"2";"%";"0"
"2023-07-10";0.08;"A";"Данные ЦМИ";"Легковые автомобили";"Скользящее среднее за четыре недели";"Неделя";"2";"%";"0"
"2023-07-17";0.12;"A";"Данные ЦМИ";"Легковые автомобили";"Скользящее среднее за четыре недели";"Неделя";"2";"%";"0"
"2023-07-24";0.23;"A";"Данные ЦМИ";"Легковые автомобили";"Скользящее среднее за четыре недели";"Неделя";"2";"%";"0"
"2023-07-31";0.37;"A";"Данные ЦМИ";"Легковые автомобили";"Скользящее среднее за четыре недели";"Неделя";"2";"%";"0"
"2023-08-07";0.39;"A";"Данные ЦМИ";"Легковые автомобили";"Скользящее среднее за четыре недели";"Неделя";"2";"%";"0"
"2023-08-14";0.39;"A";"Данные ЦМИ";"Легковые автомобили";"Скользящее среднее за четыре недели";"Неделя";"2";"%";"0"
"2023-08-21";0.35;"A";"Данные ЦМИ";"Легковые автомобили";"Скользящее среднее за четыре недели";"Неделя";"2";"%";"0"
"2023-08-28";0.23;"A";"Данные ЦМИ";"Легковые автомобили";"Скользящее среднее за четыре недели";"Неделя";"2";"%";"0"
"2023-09-04";0.37;"A";"Данные ЦМИ";"Легковые автомобили";"Скользящее среднее за четыре недели";"Неделя";"2";"%";"0"
"2023-09-11";0.37;"A";"Данные ЦМИ";"Легковые автомобили";"Скользящее среднее за четыре недели";"Неделя";"2";"%";"0"
"2023-09-18";0.27;"A";"Данные ЦМИ";"Легковые автомобили";"Скользящее среднее за четыре недели";"Неделя";"2";"%";"0"
"2023-09-25";0.26;"A";"Данные ЦМИ";"Легковые автомобили";"Скользящее среднее за четыре недели";"Неделя";"2";"%";"0"
"2023-10-02";0.1;"A";"Данные ЦМИ";"Легковые автомобили";"Скользящее среднее за четыре недели";"Неделя";"2";"%";"0"
"2023-10-09";0.17;"A";"Данные ЦМИ";"Легковые автомобили";"Скользящее среднее за четыре недели";"Неделя";"2";"%";"0"
"2023-10-16";0.18;"A";"Данные ЦМИ";"Легковые автомобили";"Скользящее среднее за четыре недели";"Неделя";"2";"%";"0"
"2023-10-23";0.18;"A";"Данные ЦМИ";"Легковые автомобили";"Скользящее среднее за четыре недели";"Неделя";"2";"%";"0"
"2023-10-30";0.18;"A";"Данные ЦМИ";"Легковые автомобили";"Скользящее среднее за четыре недели";"Неделя";"2";"%";"0"
"2023-11-07";0.77;"A";"Данные ЦМИ";"Легковые автомобили";"Скользящее среднее за четыре недели";"Неделя";"2";"%";"0"
"2023-11-13";0.8;"A";"Данные ЦМИ";"Легковые автомобили";"Скользящее среднее за четыре недели";"Неделя";"2";"%";"0"
"2023-11-20";0.8;"A";"Данные ЦМИ";"Легковые автомобили";"Скользящее среднее за четыре недели";"Неделя";"2";"%";"0"
"2023-11-27";0.78;"A";"Данные ЦМИ";"Легковые автомобили";"Скользящее среднее за четыре недели";"Неделя";"2";"%";"0"
"2023-12-04";0.04;"A";"Данные ЦМИ";"Легковые автомобили";"Скользящее среднее за четыре недели";"Неделя";"2";"%";"0"
"2023-12-11";-0.01;"A";"Данные ЦМИ";"Легковые автомобили";"Скользящее среднее за четыре недели";"Неделя";"2";"%";"0"
"2023-12-18";-0.03;"A";"Данные ЦМИ";"Легковые автомобили";"Скользящее среднее за четыре недели";"Неделя";"2";"%";"0"
"2023-12-25";0.21;"A";"Данные ЦМИ";"Легковые автомобили";"Скользящее среднее за четыре недели";"Неделя";"2";"%";"0"
"2024-01-09";0.24;"A";"Данные ЦМИ";"Легковые автомобили";"Скользящее среднее за четыре недели";"Неделя";"2";"%";"0"
"2024-01-15";0.25;"A";"Данные ЦМИ";"Легковые автомобили";"Скользящее среднее за четыре недели";"Неделя";"2";"%";"0"
"2024-01-22";0.25;"A";"Данные ЦМИ";"Легковые автомобили";"Скользящее среднее за четыре недели";"Неделя";"2";"%";"0"
"2024-01-29";0.03;"A";"Данные ЦМИ";"Легковые автомобили";"Скользящее среднее за четыре недели";"Неделя";"2";"%";"0"
"2024-02-05";0.01;"A";"Данные ЦМИ";"Легковые автомобили";"Скользящее среднее за четыре недели";"Неделя";"2";"%";"0"
"2024-02-12";0;"A";"Данные ЦМИ";"Легковые автомобили";"Скользящее среднее за четыре недели";"Неделя";"2";"%";"0"
"2024-02-19";0;"A";"Данные ЦМИ";"Легковые автомобили";"Скользящее среднее за четыре недели";"Неделя";"2";"%";"0"
"2024-02-26";-0.02;"A";"Данные ЦМИ";"Легковые автомобили";"Скользящее среднее за четыре недели";"Неделя";"2";"%";"0"
"2024-03-04";-0.01;"A";"Данные ЦМИ";"Легковые автомобили";"Скользящее среднее за четыре недели";"Неделя";"2";"%";"0"
"2024-03-11";-0.26;"A";"Данные ЦМИ";"Легковые автомобили";"Скользящее среднее за четыре недели";"Неделя";"2";"%";"0"
"2024-03-18";-0.25;"A";"Данные ЦМИ";"Легковые автомобили";"Скользящее среднее за четыре недели";"Неделя";"2";"%";"0"
"2024-03-25";-0.25;"A";"Данные ЦМИ";"Легковые автомобили";"Скользящее среднее за четыре недели";"Неделя";"2";"%";"0"
"2024-04-01";-0.21;"A";"Данные ЦМИ";"Легковые автомобили";"Скользящее среднее за четыре недели";"Неделя";"2";"%";"0"
"2024-04-08";0.08;"A";"Данные ЦМИ";"Легковые автомобили";"Скользящее среднее за четыре недели";"Неделя";"2";"%";"0"
"2024-04-15";0.07;"A";"Данные ЦМИ";"Легковые автомобили";"Скользящее среднее за четыре недели";"Неделя";"2";"%";"0"
"2024-04-22";0.07;"A";"Данные ЦМИ";"Легковые автомобили";"Скользящее среднее за четыре недели";"Неделя";"2";"%";"0"
"2024-05-02";0.02;"A";"Данные ЦМИ";"Легковые автомобили";"Скользящее среднее за четыре недели";"Неделя";"2";"%";"0"
"2024-05-06";-0.02;"A";"Данные ЦМИ";"Легковые автомобили";"Скользящее среднее за четыре недели";"Неделя";"2";"%";"0"
"2024-05-13";0.4;"A";"Данные ЦМИ";"Легковые автомобили";"Скользящее среднее за четыре недели";"Неделя";"2";"%";"0"
"2024-05-20";0.52;"A";"Данные ЦМИ";"Легковые автомобили";"Скользящее среднее за четыре недели";"Неделя";"2";"%";"0"
"2024-05-27";0.53;"A";"Данные ЦМИ";"Легковые автомобили";"Скользящее среднее за четыре недели";"Неделя";"2";"%";"0"
"2024-06-03";0.55;"A";"Данные ЦМИ";"Легковые автомобили";"Скользящее среднее за четыре недели";"Неделя";"2";"%";"0"
"2024-06-10";0.17;"A";"Данные ЦМИ";"Легковые автомобили";"Скользящее среднее за четыре недели";"Неделя";"2";"%";"0"
"2024-06-17";0.06;"A";"Данные ЦМИ";"Легковые автомобили";"Скользящее среднее за четыре недели";"Неделя";"2";"%";"0"
"2024-06-24";0.06;"A";"Данные ЦМИ";"Легковые автомобили";"Скользящее среднее за четыре недели";"Неделя";"2";"%";"0"
"2024-07-01";0.05;"A";"Данные ЦМИ";"Легковые автомобили";"Скользящее среднее за четыре недели";"Неделя";"2";"%";"0"
"2024-07-08";0.03;"A";"Данные ЦМИ";"Легковые автомобили";"Скользящее среднее за четыре недели";"Неделя";"2";"%";"0"
"2024-07-15";0.02;"A";"Данные ЦМИ";"Легковые автомобили";"Скользящее среднее за четыре недели";"Неделя";"2";"%";"0"
"2024-07-22";0.02;"A";"Данные ЦМИ";"Легковые автомобили";"Скользящее среднее за четыре недели";"Неделя";"2";"%";"0"
"2024-07-29";0.02;"A";"Данные ЦМИ";"Легковые автомобили";"Скользящее среднее за четыре недели";"Неделя";"2";"%";"0"
"2024-08-05";0.03;"A";"Данные ЦМИ";"Легковые автомобили";"Скользящее среднее за четыре недели";"Неделя";"2";"%";"0"
"2024-08-12";0.03;"A";"Данные ЦМИ";"Легковые автомобили";"Скользящее среднее за четыре недели";"Неделя";"2";"%";"0"
"2024-08-19";0.22;"A";"Данные ЦМИ";"Легковые автомобили";"Скользящее среднее за четыре недели";"Неделя";"2";"%";"0"
"2024-08-26";0.24;"A";"Данные ЦМИ";"Легковые автомобили";"Скользящее среднее за четыре недели";"Неделя";"2";"%";"0"
"2024-09-02";0.22;"A";"Данные ЦМИ";"Легковые автомобили";"Скользящее среднее за четыре недели";"Неделя";"2";"%";"0"
"2024-09-09";0.22;"A";"Данные ЦМИ";"Легковые автомобили";"Скользящее среднее за четыре недели";"Неделя";"2";"%";"0"
"2024-09-16";0.03;"A";"Данные ЦМИ";"Легковые автомобили";"Скользящее среднее за четыре недели";"Неделя";"2";"%";"0"
"2024-09-23";0.02;"A";"Данные ЦМИ";"Легковые автомобили";"Скользящее среднее за четыре недели";"Неделя";"2";"%";"0"
"2024-09-30";0.01;"A";"Данные ЦМИ";"Легковые автомобили";"Скользящее среднее за четыре недели";"Неделя";"2";"%";"0"
"2024-10-07";0.06;"A";"Данные ЦМИ";"Легковые автомобили";"Скользящее среднее за четыре недели";"Неделя";"2";"%";"0"
"2024-10-14";0.11;"A";"Данные ЦМИ";"Легковые автомобили";"Скользящее среднее за четыре недели";"Неделя";"2";"%";"0"
"2024-10-21";0.13;"A";"Данные ЦМИ";"Легковые автомобили";"Скользящее среднее за четыре недели";"Неделя";"2";"%";"0"
"2024-10-28";0.14;"A";"Данные ЦМИ";"Легковые автомобили";"Скользящее среднее за четыре недели";"Неделя";"2";"%";"0"
"2024-11-05";-0.01;"A";"Данные ЦМИ";"Легковые автомобили";"Скользящее среднее за четыре недели";"Неделя";"2";"%";"0"
"2024-11-11";-0.07;"A";"Данные ЦМИ";"Легковые автомобили";"Скользящее среднее за четыре недели";"Неделя";"2";"%";"0"
"2024-11-18";-0.06;"A";"Данные ЦМИ";"Легковые автомобили";"Скользящее среднее за четыре недели";"Неделя";"2";"%";"0"
"2024-11-25";-0.06;"A";"Данные ЦМИ";"Легковые автомобили";"Скользящее среднее за четыре недели";"Неделя";"2";"%";"0"
"2024-12-02";0.04;"A";"Данные ЦМИ";"Легковые автомобили";"Скользящее среднее за четыре недели";"Неделя";"2";"%";"0"
"2024-12-09";0.15;"A";"Данные ЦМИ";"Легковые автомобили";"Скользящее среднее за четыре недели";"Неделя";"2";"%";"0"
"2024-12-16";0.17;"A";"Данные ЦМИ";"Легковые автомобили";"Скользящее среднее за четыре недели";"Неделя";"2";"%";"0"
"2024-12-23";0.16;"A";"Данные ЦМИ";"Легковые автомобили";"Скользящее среднее за четыре недели";"Неделя";"2";"%";"0"
"2025-01-09";0.23;"A";"Данные ЦМИ";"Легковые автомобили";"Скользящее среднее за четыре недели";"Неделя";"2";"%";"0"
"2025-01-13";0.14;"A";"Данные ЦМИ";"Легковые автомобили";"Скользящее среднее за четыре недели";"Неделя";"2";"%";"0"
"2025-01-20";0.34;"A";"Данные ЦМИ";"Легковые автомобили";"Скользящее среднее за четыре недели";"Неделя";"2";"%";"0"
"2025-01-27";0.31;"A";"Данные ЦМИ";"Легковые автомобили";"Скользящее среднее за четыре недели";"Неделя";"2";"%";"0"
"2025-02-03";0.21;"A";"Данные ЦМИ";"Легковые автомобили";"Скользящее среднее за четыре недели";"Неделя";"2";"%";"0"
"2025-02-10";0.22;"A";"Данные ЦМИ";"Легковые автомобили";"Скользящее среднее за четыре недели";"Неделя";"2";"%";"0"
"2025-02-17";0;"A";"Данные ЦМИ";"Легковые автомобили";"Скользящее среднее за четыре недели";"Неделя";"2";"%";"0"
"2025-02-24";0.05;"A";"Данные ЦМИ";"Легковые автомобили";"Скользящее среднее за четыре недели";"Неделя";"2";"%";"0"
"2025-03-03";0.04;"A";"Данные ЦМИ";"Легковые автомобили";"Скользящее среднее за четыре недели";"Неделя";"2";"%";"0"
"2025-03-10";0.04;"A";"Данные ЦМИ";"Легковые автомобили";"Скользящее среднее за четыре недели";"Неделя";"2";"%";"0"
"2025-03-17";0.02;"A";"Данные ЦМИ";"Легковые автомобили";"Скользящее среднее за четыре недели";"Неделя";"2";"%";"0"
"2025-03-24";-0.01;"A";"Данные ЦМИ";"Легковые автомобили";"Скользящее среднее за четыре недели";"Неделя";"2";"%";"0"
"2025-03-31";0;"A";"Данные ЦМИ";"Легковые автомобили";"Скользящее среднее за четыре недели";"Неделя";"2";"%";"0"
"2025-04-07";-0.03;"A";"Данные ЦМИ";"Легковые автомобили";"Скользящее среднее за четыре недели";"Неделя";"2";"%";"0"
"2025-04-14";-0.03;"A";"Данные ЦМИ";"Легковые автомобили";"Скользящее среднее за четыре недели";"Неделя";"2";"%";"0"
"2025-04-21";-0.02;"A";"Данные ЦМИ";"Легковые автомобили";"Скользящее среднее за четыре недели";"Неделя";"2";"%";"0"
"2025-04-28";0;"A";"Данные ЦМИ";"Легковые автомобили";"Скользящее среднее за четыре недели";"Неделя";"2";"%";"0"
"2025-05-05";0.07;"A";"Данные ЦМИ";"Легковые автомобили";"Скользящее среднее за четыре недели";"Неделя";"2";"%";"0"
"2025-05-12";0.07;"A";"Данные ЦМИ";"Легковые автомобили";"Скользящее среднее за четыре недели";"Неделя";"2";"%";"0"
"2025-05-19";0.08;"A";"Данные ЦМИ";"Легковые автомобили";"Скользящее среднее за четыре недели";"Неделя";"2";"%";"0"
"2025-05-26";0.06;"A";"Данные ЦМИ";"Легковые автомобили";"Скользящее среднее за четыре недели";"Неделя";"2";"%";"0"
"2025-06-02";0.02;"A";"Данные ЦМИ";"Легковые автомобили";"Скользящее среднее за четыре недели";"Неделя";"2";"%";"0"
"2025-06-09";0.02;"A";"Данные ЦМИ";"Легковые автомобили";"Скользящее среднее за четыре недели";"Неделя";"2";"%";"0"
"2025-06-16";0.01;"A";"Данные ЦМИ";"Легковые автомобили";"Скользящее среднее за четыре недели";"Неделя";"2";"%";"0"
"2025-06-23";0.01;"A";"Данные ЦМИ";"Легковые автомобили";"Скользящее среднее за четыре недели";"Неделя";"2";"%";"0"
"2025-06-30";0.01;"A";"Данные ЦМИ";"Легковые автомобили";"Скользящее среднее за четыре недели";"Неделя";"2";"%";"0"
"2025-07-07";-0.15;"A";"Данные ЦМИ";"Легковые автомобили";"Скользящее среднее за четыре недели";"Неделя";"2";"%";"0"
"2025-07-14";-0.13;"A";"Данные ЦМИ";"Легковые автомобили";"Скользящее среднее за четыре недели";"Неделя";"2";"%";"0"
"2025-07-21";-0.13;"A";"Данные ЦМИ";"Легковые автомобили";"Скользящее среднее за четыре недели";"Неделя";"2";"%";"0"
"2025-07-28";-0.16;"A";"Данные ЦМИ";"Легковые автомобили";"Скользящее среднее за четыре недели";"Неделя";"2";"%";"0"
"2025-08-04";-0.1;"A";"Данные ЦМИ";"Легковые автомобили";"Скользящее среднее за четыре недели";"Неделя";"2";"%";"0"
"2025-08-11";-0.11;"A";"Данные ЦМИ";"Легковые автомобили";"Скользящее среднее за четыре недели";"Неделя";"2";"%";"0"
"2025-08-18";-0.11;"A";"Данные ЦМИ";"Легковые автомобили";"Скользящее среднее за четыре недели";"Неделя";"2";"%";"0"
"2025-08-25";-0.08;"A";"Данные ЦМИ";"Легковые автомобили";"Скользящее среднее за четыре недели";"Неделя";"2";"%";"0"
"2025-09-01";0.03;"A";"Данные ЦМИ";"Легковые автомобили";"Скользящее среднее за четыре недели";"Неделя";"2";"%";"0"
"2025-09-08";0.02;"A";"Данные ЦМИ";"Легковые автомобили";"Скользящее среднее за четыре недели";"Неделя";"2";"%";"0"
"2025-09-15";0.03;"A";"Данные ЦМИ";"Легковые автомобили";"Скользящее среднее за четыре недели";"Неделя";"2";"%";"0"
"2025-09-22";0.03;"A";"Данные ЦМИ";"Легковые автомобили";"Скользящее среднее за четыре недели";"Неделя";"2";"%";"0"
"2025-09-29";0;"A";"Данные ЦМИ";"Легковые автомобили";"Скользящее среднее за четыре недели";"Неделя";"2";"%";"0"
"2025-10-06";0.06;"A";"Данные ЦМИ";"Легковые автомобили";"Скользящее среднее за четыре недели";"Неделя";"2";"%";"0"
"2025-10-13";0.06;"A";"Данные ЦМИ";"Легковые автомобили";"Скользящее среднее за четыре недели";"Неделя";"2";"%";"0"
"2025-10-20";0.08;"A";"Данные ЦМИ";"Легковые автомобили";"Скользящее среднее за четыре недели";"Неделя";"2";"%";"0"
"2025-10-27";0.1;"A";"Данные ЦМИ";"Легковые автомобили";"Скользящее среднее за четыре недели";"Неделя";"2";"%";"0"
"2025-11-05";0.08;"A";"Данные ЦМИ";"Легковые автомобили";"Скользящее среднее за четыре недели";"Неделя";"2";"%";"0"
"2025-11-10";0.06;"A";"Данные ЦМИ";"Легковые автомобили";"Скользящее среднее за четыре недели";"Неделя";"2";"%";"0"
"2025-11-17";0.05;"A";"Данные ЦМИ";"Легковые автомобили";"Скользящее среднее за четыре недели";"Неделя";"2";"%";"0"
"2025-11-24";0.03;"A";"Данные ЦМИ";"Легковые автомобили";"Скользящее среднее за четыре недели";"Неделя";"2";"%";"0"
"2025-12-01";0.03;"A";"Данные ЦМИ";"Легковые автомобили";"Скользящее среднее за четыре недели";"Неделя";"2";"%";"0"
"2025-12-08";0.04;"A";"Данные ЦМИ";"Легковые автомобили";"Скользящее среднее за четыре недели";"Неделя";"2";"%";"0"
"2025-12-15";0.04;"A";"Данные ЦМИ";"Легковые автомобили";"Скользящее среднее за четыре недели";"Неделя";"2";"%";"0"
"2025-12-22";0.26;"A";"Данные ЦМИ";"Легковые автомобили";"Скользящее среднее за четыре недели";"Неделя";"2";"%";"0"
"2026-01-12";0.61;"A";"Данные ЦМИ";"Легковые автомобили";"Скользящее среднее за четыре недели";"Неделя";"2";"%";"0"
"2026-01-19";0.6;"A";"Данные ЦМИ";"Легковые автомобили";"Скользящее среднее за четыре недели";"Неделя";"2";"%";"0"
"2026-01-26";0.6;"A";"Данные ЦМИ";"Легковые автомобили";"Скользящее среднее за четыре недели";"Неделя";"2";"%";"0"
"2026-02-02";0.39;"A";"Данные ЦМИ";"Легковые автомобили";"Скользящее среднее за четыре недели";"Неделя";"2";"%";"0"
"2026-02-09";0.04;"A";"Данные ЦМИ";"Легковые автомобили";"Скользящее среднее за четыре недели";"Неделя";"2";"%";"0"
"2026-02-16";0.03;"A";"Данные ЦМИ";"Легковые автомобили";"Скользящее среднее за четыре недели";"Неделя";"2";"%";"0"
"2026-02-24";0.04;"A";"Данные ЦМИ";"Легковые автомобили";"Скользящее среднее за четыре недели";"Неделя";"2";"%";"0"
"2026-03-02";0.02;"A";"Данные ЦМИ";"Легковые автомобили";"Скользящее среднее за четыре недели";"Неделя";"2";"%";"0"
"2026-03-10";0.04;"A";"Данные ЦМИ";"Легковые автомобили";"Скользящее среднее за четыре недели";"Неделя";"2";"%";"0"
"2026-03-16";0.05;"A";"Данные ЦМИ";"Легковые автомобили";"Скользящее среднее за четыре недели";"Неделя";"2";"%";"0"
"2026-03-23";0.05;"A";"Данные ЦМИ";"Легковые автомобили";"Скользящее среднее за четыре недели";"Неделя";"2";"%";"0"
"2026-03-30";0.07;"A";"Данные ЦМИ";"Легковые автомобили";"Скользящее среднее за четыре недели";"Неделя";"2";"%";"0"
"2026-04-06";0.05;"A";"Данные ЦМИ";"Легковые автомобили";"Скользящее среднее за четыре недели";"Неделя";"2";"%";"0"
"2026-04-13";0.07;"A";"Данные ЦМИ";"Легковые автомобили";"Скользящее среднее за четыре недели";"Неделя";"2";"%";"0"
"2026-04-20";0.08;"A";"Данные ЦМИ";"Легковые автомобили";"Скользящее среднее за четыре недели";"Неделя";"2";"%";"0"
"2026-04-27";0.05;"A";"Данные ЦМИ";"Легковые автомобили";"Скользящее среднее за четыре недели";"Неделя";"2";"%";"0"
"2026-05-04";0.04;"A";"Данные ЦМИ";"Легковые автомобили";"Скользящее среднее за четыре недели";"Неделя";"2";"%";"0"
"2026-05-12";0.06;"A";"Данные ЦМИ";"Легковые автомобили";"Скользящее среднее за четыре недели";"Неделя";"2";"%";"0"
"2026-05-18";0.05;"A";"Данные ЦМИ";"Легковые автомобили";"Скользящее среднее за четыре недели";"Неделя";"2";"%";"0"
"2026-05-25";0.05;"A";"Данные ЦМИ";"Легковые автомобили";"Скользящее среднее за четыре недели";"Неделя";"2";"%";"0"
"2026-06-01";0.04;"A";"Данные ЦМИ";"Легковые автомобили";"Скользящее среднее за четыре недели";"Неделя";"2";"%";"0"
"2026-06-08";0;"A";"Данные ЦМИ";"Легковые автомобили";"Скользящее среднее за четыре недели";"Неделя";"2";"%";"0"
"2026-06-15";0;"A";"Данные ЦМИ";"Легковые автомобили";"Скользящее среднее за четыре недели";"Неделя";"2";"%";"0"
"2026-06-22";0;"A";"Данные ЦМИ";"Легковые автомобили";"Скользящее среднее за четыре недели";"Неделя";"2";"%";"0"
"2026-06-29";0;"A";"Данные ЦМИ";"Легковые автомобили";"Скользящее среднее за четыре недели";"Неделя";"2";"%";"0"
"2026-07-06";0;"A";"Данные ЦМИ";"Легковые автомобили";"Скользящее среднее за четыре недели";"Неделя";"2";"%";"0"
"2026-07-13";0;"A";"Данные ЦМИ";"Легковые автомобили";"Скользящее среднее за четыре недели";"Неделя";"2";"%";"0"
"2026-07-20";0;"A";"Данные ЦМИ";"Легковые автомобили";"Скользящее среднее за четыре недели";"Неделя";"2";"%";"0"
"2026-07-27";0;"A";"Данные ЦМИ";"Легковые автомобили";"Скользящее среднее за четыре недели";"Неделя";"2";"%";"0"
"2026-08-03";0.01;"A";"Данные ЦМИ";"Легковые автомобили";"Скользящее среднее за четыре недели";"Неделя";"2";"%";"0"
"2026-08-10";0.01;"A";"Данные ЦМИ";"Легковые автомобили";"Скользящее среднее за четыре недели";"Неделя";"2";"%";"0"
"2026-08-17";0.04;"A";"Данные ЦМИ";"Легковые автомобили";"Скользящее среднее за четыре недели";"Неделя";"2";"%";"0"
"2026-08-24";0.09;"A";"Данные ЦМИ";"Легковые автомобили";"Скользящее среднее за четыре недели";"Неделя";"2";"%";"0"
"2026-08-31";0.08;"A";"Данные ЦМИ";"Легковые автомобили";"Скользящее среднее за четыре недели";"Неделя";"2";"%";"0"
"2026-09-07";0.22;"A";"Данные ЦМИ";"Легковые автомобили";"Скользящее среднее за четыре недели";"Неделя";"2";"%";"0"
"2026-09-14";0.19;"A";"Данные ЦМИ";"Легковые автомобили";"Скользящее среднее за четыре недели";"Неделя";"2";"%";"0"
"2026-09-21";0.15;"A";"Данные ЦМИ";"Легковые автомобили";"Скользящее среднее за четыре недели";"Неделя";"2";"%";"0"
"2026-09-28";0.14;"A";"Данные ЦМИ";"Легковые автомобили";"Скользящее среднее за четыре недели";"Неделя";"2";"%";"0"