"period";"value";"obs_status";"source";"ipa_type";"age";"ref_area";"freq";"decimals";"unit_measure";"unit_mult"
"2021-01-10";74.6640629355;"A";"Данные СберИндекса";"Категории товаров";"15 - 24 лет";"Россия";"Неделя";"1";"индекс";"0"
"2021-01-17";64.135;"A";"Данные СберИндекса";"Категории товаров";"15 - 24 лет";"Россия";"Неделя";"1";"индекс";"0"
"2021-01-24";75.0110795292;"A";"Данные СберИндекса";"Категории товаров";"15 - 24 лет";"Россия";"Неделя";"1";"индекс";"0"
"2021-01-31";71.2602587034;"A";"Данные СберИндекса";"Категории товаров";"15 - 24 лет";"Россия";"Неделя";"1";"индекс";"0"
"2021-02-07";68.5179070503;"A";"Данные СберИндекса";"Категории товаров";"15 - 24 лет";"Россия";"Неделя";"1";"индекс";"0"
"2021-02-14";73.1357224364;"A";"Данные СберИндекса";"Категории товаров";"15 - 24 лет";"Россия";"Неделя";"1";"индекс";"0"
"2021-02-21";72.0695037305;"A";"Данные СберИндекса";"Категории товаров";"15 - 24 лет";"Россия";"Неделя";"1";"индекс";"0"
"2021-02-28";70.3258438255;"A";"Данные СберИндекса";"Категории товаров";"15 - 24 лет";"Россия";"Неделя";"1";"индекс";"0"
"2021-03-07";72.3669201599;"A";"Данные СберИндекса";"Категории товаров";"15 - 24 лет";"Россия";"Неделя";"1";"индекс";"0"
"2021-03-14";70.2672316651;"A";"Данные СберИндекса";"Категории товаров";"15 - 24 лет";"Россия";"Неделя";"1";"индекс";"0"
"2021-03-21";68.3309651191;"A";"Данные СберИндекса";"Категории товаров";"15 - 24 лет";"Россия";"Неделя";"1";"индекс";"0"
"2021-03-28";65.1517797549;"A";"Данные СберИндекса";"Категории товаров";"15 - 24 лет";"Россия";"Неделя";"1";"индекс";"0"
"2021-04-04";66.9730083076;"A";"Данные СберИндекса";"Категории товаров";"15 - 24 лет";"Россия";"Неделя";"1";"индекс";"0"
"2021-04-11";67.7279771897;"A";"Данные СберИндекса";"Категории товаров";"15 - 24 лет";"Россия";"Неделя";"1";"индекс";"0"
"2021-04-18";69.2732666051;"A";"Данные СберИндекса";"Категории товаров";"15 - 24 лет";"Россия";"Неделя";"1";"индекс";"0"
"2021-04-25";67.5013052151;"A";"Данные СберИндекса";"Категории товаров";"15 - 24 лет";"Россия";"Неделя";"1";"индекс";"0"
"2021-05-02";68.4079043329;"A";"Данные СберИндекса";"Категории товаров";"15 - 24 лет";"Россия";"Неделя";"1";"индекс";"0"
"2021-05-09";66.6631464303;"A";"Данные СберИндекса";"Категории товаров";"15 - 24 лет";"Россия";"Неделя";"1";"индекс";"0"
"2021-05-16";65.4869192878;"A";"Данные СберИндекса";"Категории товаров";"15 - 24 лет";"Россия";"Неделя";"1";"индекс";"0"
"2021-05-23";64.2448851183;"A";"Данные СберИндекса";"Категории товаров";"15 - 24 лет";"Россия";"Неделя";"1";"индекс";"0"
"2021-05-30";64.5189619407;"A";"Данные СберИндекса";"Категории товаров";"15 - 24 лет";"Россия";"Неделя";"1";"индекс";"0"
"2021-06-06";66.3947693115;"A";"Данные СберИндекса";"Категории товаров";"15 - 24 лет";"Россия";"Неделя";"1";"индекс";"0"
"2021-06-13";70.7099495439;"A";"Данные СберИндекса";"Категории товаров";"15 - 24 лет";"Россия";"Неделя";"1";"индекс";"0"
"2021-06-20";69.2230240339;"A";"Данные СберИндекса";"Категории товаров";"15 - 24 лет";"Россия";"Неделя";"1";"индекс";"0"
"2021-06-27";71.7409063548;"A";"Данные СберИндекса";"Категории товаров";"15 - 24 лет";"Россия";"Неделя";"1";"индекс";"0"
"2021-07-04";72.6109931736;"A";"Данные СберИндекса";"Категории товаров";"15 - 24 лет";"Россия";"Неделя";"1";"индекс";"0"
"2021-07-11";75.5633032023;"A";"Данные СберИндекса";"Категории товаров";"15 - 24 лет";"Россия";"Неделя";"1";"индекс";"0"
"2021-07-18";77.4074645221;"A";"Данные СберИндекса";"Категории товаров";"15 - 24 лет";"Россия";"Неделя";"1";"индекс";"0"
"2021-07-25";77.2063529857;"A";"Данные СберИндекса";"Категории товаров";"15 - 24 лет";"Россия";"Неделя";"1";"индекс";"0"
"2021-08-01";72.8732140615;"A";"Данные СберИндекса";"Категории товаров";"15 - 24 лет";"Россия";"Неделя";"1";"индекс";"0"
"2021-08-08";79.0327272742;"A";"Данные СберИндекса";"Категории товаров";"15 - 24 лет";"Россия";"Неделя";"1";"индекс";"0"
"2021-08-15";83.9715436098;"A";"Данные СберИндекса";"Категории товаров";"15 - 24 лет";"Россия";"Неделя";"1";"индекс";"0"
"2021-08-22";83.0466247452;"A";"Данные СберИндекса";"Категории товаров";"15 - 24 лет";"Россия";"Неделя";"1";"индекс";"0"
"2021-08-29";84.0088535975;"A";"Данные СберИндекса";"Категории товаров";"15 - 24 лет";"Россия";"Неделя";"1";"индекс";"0"
"2021-09-05";79.7691594175;"A";"Данные СберИндекса";"Категории товаров";"15 - 24 лет";"Россия";"Неделя";"1";"индекс";"0"
"2021-09-12";74.9867708666;"A";"Данные СберИндекса";"Категории товаров";"15 - 24 лет";"Россия";"Неделя";"1";"индекс";"0"
"2021-09-19";77.0189142133;"A";"Данные СберИндекса";"Категории товаров";"15 - 24 лет";"Россия";"Неделя";"1";"индекс";"0"
"2021-09-26";75.1317436236;"A";"Данные СберИндекса";"Категории товаров";"15 - 24 лет";"Россия";"Неделя";"1";"индекс";"0"
"2021-10-03";72.4283745907;"A";"Данные СберИндекса";"Категории товаров";"15 - 24 лет";"Россия";"Неделя";"1";"индекс";"0"
"2021-10-10";72.3118919459;"A";"Данные СберИндекса";"Категории товаров";"15 - 24 лет";"Россия";"Неделя";"1";"индекс";"0"
"2021-10-17";75.5320293811;"A";"Данные СберИндекса";"Категории товаров";"15 - 24 лет";"Россия";"Неделя";"1";"индекс";"0"
"2021-10-24";73.7588115932;"A";"Данные СберИндекса";"Категории товаров";"15 - 24 лет";"Россия";"Неделя";"1";"индекс";"0"
"2021-10-31";70.8724113841;"A";"Данные СберИндекса";"Категории товаров";"15 - 24 лет";"Россия";"Неделя";"1";"индекс";"0"
"2021-11-07";66.3956038315;"A";"Данные СберИндекса";"Категории товаров";"15 - 24 лет";"Россия";"Неделя";"1";"индекс";"0"
"2021-11-14";84.3930782297;"A";"Данные СберИндекса";"Категории товаров";"15 - 24 лет";"Россия";"Неделя";"1";"индекс";"0"
"2021-11-21";76.560525646;"A";"Данные СберИндекса";"Категории товаров";"15 - 24 лет";"Россия";"Неделя";"1";"индекс";"0"
"2021-11-28";78.6424700671;"A";"Данные СберИндекса";"Категории товаров";"15 - 24 лет";"Россия";"Неделя";"1";"индекс";"0"
"2021-12-05";73.9689834467;"A";"Данные СберИндекса";"Категории товаров";"15 - 24 лет";"Россия";"Неделя";"1";"индекс";"0"
"2021-12-12";77.0946995396;"A";"Данные СберИндекса";"Категории товаров";"15 - 24 лет";"Россия";"Неделя";"1";"индекс";"0"
"2021-12-19";79.0634232613;"A";"Данные СберИндекса";"Категории товаров";"15 - 24 лет";"Россия";"Неделя";"1";"индекс";"0"
"2021-12-26";84.8973880692;"A";"Данные СберИндекса";"Категории товаров";"15 - 24 лет";"Россия";"Неделя";"1";"индекс";"0"
"2022-01-02";82.0449884122;"A";"Данные СберИндекса";"Категории товаров";"15 - 24 лет";"Россия";"Неделя";"1";"индекс";"0"
"2022-01-09";75.4182283679;"A";"Данные СберИндекса";"Категории товаров";"15 - 24 лет";"Россия";"Неделя";"1";"индекс";"0"
"2022-01-16";72.8720714261;"A";"Данные СберИндекса";"Категории товаров";"15 - 24 лет";"Россия";"Неделя";"1";"индекс";"0"
"2022-01-23";71.2809035032;"A";"Данные СберИндекса";"Категории товаров";"15 - 24 лет";"Россия";"Неделя";"1";"индекс";"0"
"2022-01-30";70.9989640174;"A";"Данные СберИндекса";"Категории товаров";"15 - 24 лет";"Россия";"Неделя";"1";"индекс";"0"
"2022-02-06";73.3938231411;"A";"Данные СберИндекса";"Категории товаров";"15 - 24 лет";"Россия";"Неделя";"1";"индекс";"0"
"2022-02-13";76.1261420322;"A";"Данные СберИндекса";"Категории товаров";"15 - 24 лет";"Россия";"Неделя";"1";"индекс";"0"
"2022-02-20";78.4176660582;"A";"Данные СберИндекса";"Категории товаров";"15 - 24 лет";"Россия";"Неделя";"1";"индекс";"0"
"2022-02-27";77.3441258329;"A";"Данные СберИндекса";"Категории товаров";"15 - 24 лет";"Россия";"Неделя";"1";"индекс";"0"
"2022-03-06";75.5259001068;"A";"Данные СберИндекса";"Категории товаров";"15 - 24 лет";"Россия";"Неделя";"1";"индекс";"0"
"2022-03-13";70.3045907916;"A";"Данные СберИндекса";"Категории товаров";"15 - 24 лет";"Россия";"Неделя";"1";"индекс";"0"
"2022-03-20";67.6549695399;"A";"Данные СберИндекса";"Категории товаров";"15 - 24 лет";"Россия";"Неделя";"1";"индекс";"0"
"2022-03-27";61.0286388938;"A";"Данные СберИндекса";"Категории товаров";"15 - 24 лет";"Россия";"Неделя";"1";"индекс";"0"
"2022-04-03";58.8798626;"A";"Данные СберИндекса";"Категории товаров";"15 - 24 лет";"Россия";"Неделя";"1";"индекс";"0"
"2022-04-10";60.7579967863;"A";"Данные СберИндекса";"Категории товаров";"15 - 24 лет";"Россия";"Неделя";"1";"индекс";"0"
"2022-04-17";63.8309673169;"A";"Данные СберИндекса";"Категории товаров";"15 - 24 лет";"Россия";"Неделя";"1";"индекс";"0"
"2022-04-24";58.0559881333;"A";"Данные СберИндекса";"Категории товаров";"15 - 24 лет";"Россия";"Неделя";"1";"индекс";"0"
"2022-05-01";59.9681735921;"A";"Данные СберИндекса";"Категории товаров";"15 - 24 лет";"Россия";"Неделя";"1";"индекс";"0"
"2022-05-08";59.1106469992;"A";"Данные СберИндекса";"Категории товаров";"15 - 24 лет";"Россия";"Неделя";"1";"индекс";"0"
"2022-05-15";57.6889808021;"A";"Данные СберИндекса";"Категории товаров";"15 - 24 лет";"Россия";"Неделя";"1";"индекс";"0"
"2022-05-22";60.7317325323;"A";"Данные СберИндекса";"Категории товаров";"15 - 24 лет";"Россия";"Неделя";"1";"индекс";"0"
"2022-05-29";58.9364046519;"A";"Данные СберИндекса";"Категории товаров";"15 - 24 лет";"Россия";"Неделя";"1";"индекс";"0"
"2022-06-05";62.962109971;"A";"Данные СберИндекса";"Категории товаров";"15 - 24 лет";"Россия";"Неделя";"1";"индекс";"0"
"2022-06-12";64.2144285003;"A";"Данные СберИндекса";"Категории товаров";"15 - 24 лет";"Россия";"Неделя";"1";"индекс";"0"
"2022-06-19";65.978968879;"A";"Данные СберИндекса";"Категории товаров";"15 - 24 лет";"Россия";"Неделя";"1";"индекс";"0"
"2022-06-26";63.6079268476;"A";"Данные СберИндекса";"Категории товаров";"15 - 24 лет";"Россия";"Неделя";"1";"индекс";"0"
"2022-07-03";68.2399701603;"A";"Данные СберИндекса";"Категории товаров";"15 - 24 лет";"Россия";"Неделя";"1";"индекс";"0"
"2022-07-10";70.1141304103;"A";"Данные СберИндекса";"Категории товаров";"15 - 24 лет";"Россия";"Неделя";"1";"индекс";"0"
"2022-07-17";72.3109452724;"A";"Данные СберИндекса";"Категории товаров";"15 - 24 лет";"Россия";"Неделя";"1";"индекс";"0"
"2022-07-24";71.0340403517;"A";"Данные СберИндекса";"Категории товаров";"15 - 24 лет";"Россия";"Неделя";"1";"индекс";"0"
"2022-07-31";70.4419340938;"A";"Данные СберИндекса";"Категории товаров";"15 - 24 лет";"Россия";"Неделя";"1";"индекс";"0"
"2022-08-07";72.6417570825;"A";"Данные СберИндекса";"Категории товаров";"15 - 24 лет";"Россия";"Неделя";"1";"индекс";"0"
"2022-08-14";76.0049303385;"A";"Данные СберИндекса";"Категории товаров";"15 - 24 лет";"Россия";"Неделя";"1";"индекс";"0"
"2022-08-21";78.382726249;"A";"Данные СберИндекса";"Категории товаров";"15 - 24 лет";"Россия";"Неделя";"1";"индекс";"0"
"2022-08-28";75.769818645;"A";"Данные СберИндекса";"Категории товаров";"15 - 24 лет";"Россия";"Неделя";"1";"индекс";"0"
"2022-09-04";73.7549674181;"A";"Данные СберИндекса";"Категории товаров";"15 - 24 лет";"Россия";"Неделя";"1";"индекс";"0"
"2022-09-11";72.763888901;"A";"Данные СберИндекса";"Категории товаров";"15 - 24 лет";"Россия";"Неделя";"1";"индекс";"0"
"2022-09-18";72.7049473214;"A";"Данные СберИндекса";"Категории товаров";"15 - 24 лет";"Россия";"Неделя";"1";"индекс";"0"
"2022-09-25";72.5908179894;"A";"Данные СберИндекса";"Категории товаров";"15 - 24 лет";"Россия";"Неделя";"1";"индекс";"0"
"2022-10-02";66.7826975089;"A";"Данные СберИндекса";"Категории товаров";"15 - 24 лет";"Россия";"Неделя";"1";"индекс";"0"
"2022-10-09";68.272205192;"A";"Данные СберИндекса";"Категории товаров";"15 - 24 лет";"Россия";"Неделя";"1";"индекс";"0"
"2022-10-16";71.1768104764;"A";"Данные СберИндекса";"Категории товаров";"15 - 24 лет";"Россия";"Неделя";"1";"индекс";"0"
"2022-10-23";69.3281763304;"A";"Данные СберИндекса";"Категории товаров";"15 - 24 лет";"Россия";"Неделя";"1";"индекс";"0"
"2022-10-30";69.3901098189;"A";"Данные СберИндекса";"Категории товаров";"15 - 24 лет";"Россия";"Неделя";"1";"индекс";"0"
"2022-11-06";71.4631164437;"A";"Данные СберИндекса";"Категории товаров";"15 - 24 лет";"Россия";"Неделя";"1";"индекс";"0"
"2022-11-13";76.1184171333;"A";"Данные СберИндекса";"Категории товаров";"15 - 24 лет";"Россия";"Неделя";"1";"индекс";"0"
"2022-11-20";76.4096566026;"A";"Данные СберИндекса";"Категории товаров";"15 - 24 лет";"Россия";"Неделя";"1";"индекс";"0"
"2022-11-27";78.0408433288;"A";"Данные СберИндекса";"Категории товаров";"15 - 24 лет";"Россия";"Неделя";"1";"индекс";"0"
"2022-12-04";74.8104316456;"A";"Данные СберИндекса";"Категории товаров";"15 - 24 лет";"Россия";"Неделя";"1";"индекс";"0"
"2022-12-11";72.3157247722;"A";"Данные СберИндекса";"Категории товаров";"15 - 24 лет";"Россия";"Неделя";"1";"индекс";"0"
"2022-12-18";75.9541723845;"A";"Данные СберИндекса";"Категории товаров";"15 - 24 лет";"Россия";"Неделя";"1";"индекс";"0"
"2022-12-25";77.1820806534;"A";"Данные СберИндекса";"Категории товаров";"15 - 24 лет";"Россия";"Неделя";"1";"индекс";"0"
"2023-01-01";82.8238966856;"A";"Данные СберИндекса";"Категории товаров";"15 - 24 лет";"Россия";"Неделя";"1";"индекс";"0"
"2023-01-08";76.8374655371;"A";"Данные СберИндекса";"Категории товаров";"15 - 24 лет";"Россия";"Неделя";"1";"индекс";"0"
"2023-01-15";72.6914918778;"A";"Данные СберИндекса";"Категории товаров";"15 - 24 лет";"Россия";"Неделя";"1";"индекс";"0"
"2023-01-22";69.4123452185;"A";"Данные СберИндекса";"Категории товаров";"15 - 24 лет";"Россия";"Неделя";"1";"индекс";"0"
"2023-01-29";71.3055891141;"A";"Данные СберИндекса";"Категории товаров";"15 - 24 лет";"Россия";"Неделя";"1";"индекс";"0"
"2023-02-05";70.1530787802;"A";"Данные СберИндекса";"Категории товаров";"15 - 24 лет";"Россия";"Неделя";"1";"индекс";"0"
"2023-02-12";70.5732976282;"A";"Данные СберИндекса";"Категории товаров";"15 - 24 лет";"Россия";"Неделя";"1";"индекс";"0"
"2023-02-19";72.2148969796;"A";"Данные СберИндекса";"Категории товаров";"15 - 24 лет";"Россия";"Неделя";"1";"индекс";"0"
"2023-02-26";70.5412129243;"A";"Данные СберИндекса";"Категории товаров";"15 - 24 лет";"Россия";"Неделя";"1";"индекс";"0"
"2023-03-05";72.3180550611;"A";"Данные СберИндекса";"Категории товаров";"15 - 24 лет";"Россия";"Неделя";"1";"индекс";"0"
"2023-03-12";73.4470509912;"A";"Данные СберИндекса";"Категории товаров";"15 - 24 лет";"Россия";"Неделя";"1";"индекс";"0"
"2023-03-19";71.8071941342;"A";"Данные СберИндекса";"Категории товаров";"15 - 24 лет";"Россия";"Неделя";"1";"индекс";"0"
"2023-03-26";69.7774950046;"A";"Данные СберИндекса";"Категории товаров";"15 - 24 лет";"Россия";"Неделя";"1";"индекс";"0"
"2023-04-02";67.4944475811;"A";"Данные СберИндекса";"Категории товаров";"15 - 24 лет";"Россия";"Неделя";"1";"индекс";"0"
"2023-04-09";67.2621319778;"A";"Данные СберИндекса";"Категории товаров";"15 - 24 лет";"Россия";"Неделя";"1";"индекс";"0"
"2023-04-16";72.4395995867;"A";"Данные СберИндекса";"Категории товаров";"15 - 24 лет";"Россия";"Неделя";"1";"индекс";"0"
"2023-04-23";70.4821183249;"A";"Данные СберИндекса";"Категории товаров";"15 - 24 лет";"Россия";"Неделя";"1";"индекс";"0"
"2023-04-30";71.1702749537;"A";"Данные СберИндекса";"Категории товаров";"15 - 24 лет";"Россия";"Неделя";"1";"индекс";"0"
"2023-05-07";68.3676995072;"A";"Данные СберИндекса";"Категории товаров";"15 - 24 лет";"Россия";"Неделя";"1";"индекс";"0"
"2023-05-14";67.8503991595;"A";"Данные СберИндекса";"Категории товаров";"15 - 24 лет";"Россия";"Неделя";"1";"индекс";"0"
"2023-05-21";69.4858989824;"A";"Данные СберИндекса";"Категории товаров";"15 - 24 лет";"Россия";"Неделя";"1";"индекс";"0"
"2023-05-28";67.5387382632;"A";"Данные СберИндекса";"Категории товаров";"15 - 24 лет";"Россия";"Неделя";"1";"индекс";"0"
"2023-06-04";68.3290844998;"A";"Данные СберИндекса";"Категории товаров";"15 - 24 лет";"Россия";"Неделя";"1";"индекс";"0"
"2023-06-11";70.5619573346;"A";"Данные СберИндекса";"Категории товаров";"15 - 24 лет";"Россия";"Неделя";"1";"индекс";"0"
"2023-06-18";71.8838255364;"A";"Данные СберИндекса";"Категории товаров";"15 - 24 лет";"Россия";"Неделя";"1";"индекс";"0"
"2023-06-25";72.6824193751;"A";"Данные СберИндекса";"Категории товаров";"15 - 24 лет";"Россия";"Неделя";"1";"индекс";"0"
"2023-07-02";76.2084456789;"A";"Данные СберИндекса";"Категории товаров";"15 - 24 лет";"Россия";"Неделя";"1";"индекс";"0"
"2023-07-09";80.2234138007;"A";"Данные СберИндекса";"Категории товаров";"15 - 24 лет";"Россия";"Неделя";"1";"индекс";"0"
"2023-07-16";83.9480709166;"A";"Данные СберИндекса";"Категории товаров";"15 - 24 лет";"Россия";"Неделя";"1";"индекс";"0"
"2023-07-23";80.659322781;"A";"Данные СберИндекса";"Категории товаров";"15 - 24 лет";"Россия";"Неделя";"1";"индекс";"0"
"2023-07-30";79.9761250826;"A";"Данные СберИндекса";"Категории товаров";"15 - 24 лет";"Россия";"Неделя";"1";"индекс";"0"
"2023-08-06";85.0718709205;"A";"Данные СберИндекса";"Категории товаров";"15 - 24 лет";"Россия";"Неделя";"1";"индекс";"0"
"2023-08-13";89.5314261159;"A";"Данные СберИндекса";"Категории товаров";"15 - 24 лет";"Россия";"Неделя";"1";"индекс";"0"
"2023-08-20";93.1478290553;"A";"Данные СберИндекса";"Категории товаров";"15 - 24 лет";"Россия";"Неделя";"1";"индекс";"0"
"2023-08-27";89.1887979975;"A";"Данные СберИндекса";"Категории товаров";"15 - 24 лет";"Россия";"Неделя";"1";"индекс";"0"
"2023-09-03";84.5732553467;"A";"Данные СберИндекса";"Категории товаров";"15 - 24 лет";"Россия";"Неделя";"1";"индекс";"0"
"2023-09-10";75.8761903088;"A";"Данные СберИндекса";"Категории товаров";"15 - 24 лет";"Россия";"Неделя";"1";"индекс";"0"
"2023-09-17";77.8320026724;"A";"Данные СберИндекса";"Категории товаров";"15 - 24 лет";"Россия";"Неделя";"1";"индекс";"0"
"2023-09-24";77.4875717722;"A";"Данные СберИндекса";"Категории товаров";"15 - 24 лет";"Россия";"Неделя";"1";"индекс";"0"
"2023-10-01";77.2172926617;"A";"Данные СберИндекса";"Категории товаров";"15 - 24 лет";"Россия";"Неделя";"1";"индекс";"0"
"2023-10-08";75.9777380325;"A";"Данные СберИндекса";"Категории товаров";"15 - 24 лет";"Россия";"Неделя";"1";"индекс";"0"
"2023-10-15";81.0257824561;"A";"Данные СберИндекса";"Категории товаров";"15 - 24 лет";"Россия";"Неделя";"1";"индекс";"0"
"2023-10-22";77.661136014;"A";"Данные СберИндекса";"Категории товаров";"15 - 24 лет";"Россия";"Неделя";"1";"индекс";"0"
"2023-10-29";78.5370962562;"A";"Данные СберИндекса";"Категории товаров";"15 - 24 лет";"Россия";"Неделя";"1";"индекс";"0"
"2023-11-05";76.9853402588;"A";"Данные СберИндекса";"Категории товаров";"15 - 24 лет";"Россия";"Неделя";"1";"индекс";"0"
"2023-11-12";79.2310970793;"A";"Данные СберИндекса";"Категории товаров";"15 - 24 лет";"Россия";"Неделя";"1";"индекс";"0"
"2023-11-19";77.7862128622;"A";"Данные СберИндекса";"Категории товаров";"15 - 24 лет";"Россия";"Неделя";"1";"индекс";"0"
"2023-11-26";81.872585199;"A";"Данные СберИндекса";"Категории товаров";"15 - 24 лет";"Россия";"Неделя";"1";"индекс";"0"
"2023-12-03";75.8835047011;"A";"Данные СберИндекса";"Категории товаров";"15 - 24 лет";"Россия";"Неделя";"1";"индекс";"0"
"2023-12-10";78.1736293858;"A";"Данные СберИндекса";"Категории товаров";"15 - 24 лет";"Россия";"Неделя";"1";"индекс";"0"
"2023-12-17";80.8254962596;"A";"Данные СберИндекса";"Категории товаров";"15 - 24 лет";"Россия";"Неделя";"1";"индекс";"0"
"2023-12-24";83.7621772385;"A";"Данные СберИндекса";"Категории товаров";"15 - 24 лет";"Россия";"Неделя";"1";"индекс";"0"
"2023-12-31";89.9560454967;"A";"Данные СберИндекса";"Категории товаров";"15 - 24 лет";"Россия";"Неделя";"1";"индекс";"0"
"2024-01-07";79.5255359637;"A";"Данные СберИндекса";"Категории товаров";"15 - 24 лет";"Россия";"Неделя";"1";"индекс";"0"
"2024-01-14";77.5013644884;"A";"Данные СберИндекса";"Категории товаров";"15 - 24 лет";"Россия";"Неделя";"1";"индекс";"0"
"2024-01-21";77.0189894375;"A";"Данные СберИндекса";"Категории товаров";"15 - 24 лет";"Россия";"Неделя";"1";"индекс";"0"
"2024-01-28";74.4579796472;"A";"Данные СберИндекса";"Категории товаров";"15 - 24 лет";"Россия";"Неделя";"1";"индекс";"0"
"2024-02-04";74.09406322;"A";"Данные СберИндекса";"Категории товаров";"15 - 24 лет";"Россия";"Неделя";"1";"индекс";"0"
"2024-02-11";75.5577419436;"A";"Данные СберИндекса";"Категории товаров";"15 - 24 лет";"Россия";"Неделя";"1";"индекс";"0"
"2024-02-18";79.2056515625;"A";"Данные СберИндекса";"Категории товаров";"15 - 24 лет";"Россия";"Неделя";"1";"индекс";"0"
"2024-02-25";77.83150903;"A";"Данные СберИндекса";"Категории товаров";"15 - 24 лет";"Россия";"Неделя";"1";"индекс";"0"
"2024-03-03";78.7615439323;"A";"Данные СберИндекса";"Категории товаров";"15 - 24 лет";"Россия";"Неделя";"1";"индекс";"0"
"2024-03-10";82.7105704861;"A";"Данные СберИндекса";"Категории товаров";"15 - 24 лет";"Россия";"Неделя";"1";"индекс";"0"
"2024-03-17";77.357031268;"A";"Данные СберИндекса";"Категории товаров";"15 - 24 лет";"Россия";"Неделя";"1";"индекс";"0"
"2024-03-24";76.7046878669;"A";"Данные СберИндекса";"Категории товаров";"15 - 24 лет";"Россия";"Неделя";"1";"индекс";"0"
"2024-03-31";74.3331969819;"A";"Данные СберИндекса";"Категории товаров";"15 - 24 лет";"Россия";"Неделя";"1";"индекс";"0"
"2024-04-07";71.1634685062;"A";"Данные СберИндекса";"Категории товаров";"15 - 24 лет";"Россия";"Неделя";"1";"индекс";"0"
"2024-04-14";74.5362449466;"A";"Данные СберИндекса";"Категории товаров";"15 - 24 лет";"Россия";"Неделя";"1";"индекс";"0"
"2024-04-21";74.3229358331;"A";"Данные СберИндекса";"Категории товаров";"15 - 24 лет";"Россия";"Неделя";"1";"индекс";"0"
"2024-04-28";74.6039893763;"A";"Данные СберИндекса";"Категории товаров";"15 - 24 лет";"Россия";"Неделя";"1";"индекс";"0"
"2024-05-05";71.5660443134;"A";"Данные СберИндекса";"Категории товаров";"15 - 24 лет";"Россия";"Неделя";"1";"индекс";"0"
"2024-05-12";70.5382850106;"A";"Данные СберИндекса";"Категории товаров";"15 - 24 лет";"Россия";"Неделя";"1";"индекс";"0"
"2024-05-19";80.6686616626;"A";"Данные СберИндекса";"Категории товаров";"15 - 24 лет";"Россия";"Неделя";"1";"индекс";"0"
"2024-05-26";78.1188999009;"A";"Данные СберИндекса";"Категории товаров";"15 - 24 лет";"Россия";"Неделя";"1";"индекс";"0"
"2024-06-02";79.7703919142;"A";"Данные СберИндекса";"Категории товаров";"15 - 24 лет";"Россия";"Неделя";"1";"индекс";"0"
"2024-06-09";78.1598471886;"A";"Данные СберИндекса";"Категории товаров";"15 - 24 лет";"Россия";"Неделя";"1";"индекс";"0"
"2024-06-16";84.1846597401;"A";"Данные СберИндекса";"Категории товаров";"15 - 24 лет";"Россия";"Неделя";"1";"индекс";"0"
"2024-06-23";82.6623202873;"A";"Данные СберИндекса";"Категории товаров";"15 - 24 лет";"Россия";"Неделя";"1";"индекс";"0"
"2024-06-30";86.4166051805;"A";"Данные СберИндекса";"Категории товаров";"15 - 24 лет";"Россия";"Неделя";"1";"индекс";"0"
"2024-07-07";87.687261789;"A";"Данные СберИндекса";"Категории товаров";"15 - 24 лет";"Россия";"Неделя";"1";"индекс";"0"
"2024-07-14";92.828413689;"A";"Данные СберИндекса";"Категории товаров";"15 - 24 лет";"Россия";"Неделя";"1";"индекс";"0"
"2024-07-21";94.5067311371;"A";"Данные СберИндекса";"Категории товаров";"15 - 24 лет";"Россия";"Неделя";"1";"индекс";"0"
"2024-07-28";88.4758318197;"A";"Данные СберИндекса";"Категории товаров";"15 - 24 лет";"Россия";"Неделя";"1";"индекс";"0"
"2024-08-04";90.2285261512;"A";"Данные СберИндекса";"Категории товаров";"15 - 24 лет";"Россия";"Неделя";"1";"индекс";"0"
"2024-08-11";90.2030223171;"A";"Данные СберИндекса";"Категории товаров";"15 - 24 лет";"Россия";"Неделя";"1";"индекс";"0"
"2024-08-18";94.9816692367;"A";"Данные СберИндекса";"Категории товаров";"15 - 24 лет";"Россия";"Неделя";"1";"индекс";"0"
"2024-08-25";93.7947879568;"A";"Данные СберИндекса";"Категории товаров";"15 - 24 лет";"Россия";"Неделя";"1";"индекс";"0"
"2024-09-01";90.8440694425;"A";"Данные СберИндекса";"Категории товаров";"15 - 24 лет";"Россия";"Неделя";"1";"индекс";"0"
"2024-09-08";82.5596816751;"A";"Данные СберИндекса";"Категории товаров";"15 - 24 лет";"Россия";"Неделя";"1";"индекс";"0"
"2024-09-15";84.0630992742;"A";"Данные СберИндекса";"Категории товаров";"15 - 24 лет";"Россия";"Неделя";"1";"индекс";"0"
"2024-09-22";82.5707935156;"A";"Данные СберИндекса";"Категории товаров";"15 - 24 лет";"Россия";"Неделя";"1";"индекс";"0"
"2024-09-29";84.4912419312;"A";"Данные СберИндекса";"Категории товаров";"15 - 24 лет";"Россия";"Неделя";"1";"индекс";"0"
"2024-10-06";82.4179139203;"A";"Данные СберИндекса";"Категории товаров";"15 - 24 лет";"Россия";"Неделя";"1";"индекс";"0"
"2024-10-13";84.8951077135;"A";"Данные СберИндекса";"Категории товаров";"15 - 24 лет";"Россия";"Неделя";"1";"индекс";"0"
"2024-10-20";87.0522269877;"A";"Данные СберИндекса";"Категории товаров";"15 - 24 лет";"Россия";"Неделя";"1";"индекс";"0"
"2024-10-27";80.7430830528;"A";"Данные СберИндекса";"Категории товаров";"15 - 24 лет";"Россия";"Неделя";"1";"индекс";"0"
"2024-11-03";80.5763836114;"A";"Данные СберИндекса";"Категории товаров";"15 - 24 лет";"Россия";"Неделя";"1";"индекс";"0"
"2024-11-10";80.608307908;"A";"Данные СберИндекса";"Категории товаров";"15 - 24 лет";"Россия";"Неделя";"1";"индекс";"0"
"2024-11-17";85.3524744725;"A";"Данные СберИндекса";"Категории товаров";"15 - 24 лет";"Россия";"Неделя";"1";"индекс";"0"
"2024-11-24";79.768773017;"A";"Данные СберИндекса";"Категории товаров";"15 - 24 лет";"Россия";"Неделя";"1";"индекс";"0"
"2024-12-01";80.8726142023;"A";"Данные СберИндекса";"Категории товаров";"15 - 24 лет";"Россия";"Неделя";"1";"индекс";"0"
"2024-12-08";78.2277977963;"A";"Данные СберИндекса";"Категории товаров";"15 - 24 лет";"Россия";"Неделя";"1";"индекс";"0"
"2024-12-15";85.4987466773;"A";"Данные СберИндекса";"Категории товаров";"15 - 24 лет";"Россия";"Неделя";"1";"индекс";"0"
"2024-12-22";86.0253248281;"A";"Данные СберИндекса";"Категории товаров";"15 - 24 лет";"Россия";"Неделя";"1";"индекс";"0"
"2024-12-29";97.823302118;"A";"Данные СберИндекса";"Категории товаров";"15 - 24 лет";"Россия";"Неделя";"1";"индекс";"0"
"2025-01-05";83.3239453669;"A";"Данные СберИндекса";"Категории товаров";"15 - 24 лет";"Россия";"Неделя";"1";"индекс";"0"
"2025-01-12";79.8305456289;"A";"Данные СберИндекса";"Категории товаров";"15 - 24 лет";"Россия";"Неделя";"1";"индекс";"0"
"2025-01-19";79.768434429;"A";"Данные СберИндекса";"Категории товаров";"15 - 24 лет";"Россия";"Неделя";"1";"индекс";"0"
"2025-01-26";79.8009280827;"A";"Данные СберИндекса";"Категории товаров";"15 - 24 лет";"Россия";"Неделя";"1";"индекс";"0"
"2025-02-02";80.2890599283;"A";"Данные СберИндекса";"Категории товаров";"15 - 24 лет";"Россия";"Неделя";"1";"индекс";"0"
"2025-02-09";80.3564335536;"A";"Данные СберИндекса";"Категории товаров";"15 - 24 лет";"Россия";"Неделя";"1";"индекс";"0"
"2025-02-16";86.4199644587;"A";"Данные СберИндекса";"Категории товаров";"15 - 24 лет";"Россия";"Неделя";"1";"индекс";"0"
"2025-02-23";82.1179079591;"A";"Данные СберИндекса";"Категории товаров";"15 - 24 лет";"Россия";"Неделя";"1";"индекс";"0"
"2025-03-02";80.1898632772;"A";"Данные СберИндекса";"Категории товаров";"15 - 24 лет";"Россия";"Неделя";"1";"индекс";"0"
"2025-03-09";84.9972511269;"A";"Данные СберИндекса";"Категории товаров";"15 - 24 лет";"Россия";"Неделя";"1";"индекс";"0"
"2025-03-16";83.9553676212;"A";"Данные СберИндекса";"Категории товаров";"15 - 24 лет";"Россия";"Неделя";"1";"индекс";"0"
"2025-03-23";78.420403764;"A";"Данные СберИндекса";"Категории товаров";"15 - 24 лет";"Россия";"Неделя";"1";"индекс";"0"
"2025-03-30";77.3631100154;"A";"Данные СберИндекса";"Категории товаров";"15 - 24 лет";"Россия";"Неделя";"1";"индекс";"0"
"2025-04-06";74.9846809338;"A";"Данные СберИндекса";"Категории товаров";"15 - 24 лет";"Россия";"Неделя";"1";"индекс";"0"
"2025-04-13";77.3047159843;"A";"Данные СберИндекса";"Категории товаров";"15 - 24 лет";"Россия";"Неделя";"1";"индекс";"0"
"2025-04-20";78.0616085815;"A";"Данные СберИндекса";"Категории товаров";"15 - 24 лет";"Россия";"Неделя";"1";"индекс";"0"
"2025-04-27";77.3434931714;"A";"Данные СберИндекса";"Категории товаров";"15 - 24 лет";"Россия";"Неделя";"1";"индекс";"0"
"2025-05-04";76.5855872021;"A";"Данные СберИндекса";"Категории товаров";"15 - 24 лет";"Россия";"Неделя";"1";"индекс";"0"
"2025-05-11";71.0867856024;"A";"Данные СберИндекса";"Категории товаров";"15 - 24 лет";"Россия";"Неделя";"1";"индекс";"0"
"2025-05-18";79.7753153758;"A";"Данные СберИндекса";"Категории товаров";"15 - 24 лет";"Россия";"Неделя";"1";"индекс";"0"
"2025-05-25";74.6125571757;"A";"Данные СберИндекса";"Категории товаров";"15 - 24 лет";"Россия";"Неделя";"1";"индекс";"0"
"2025-06-01";74.1940701083;"A";"Данные СберИндекса";"Категории товаров";"15 - 24 лет";"Россия";"Неделя";"1";"индекс";"0"
"2025-06-08";76.8523994019;"A";"Данные СберИндекса";"Категории товаров";"15 - 24 лет";"Россия";"Неделя";"1";"индекс";"0"
"2025-06-15";82.7973614387;"A";"Данные СберИндекса";"Категории товаров";"15 - 24 лет";"Россия";"Неделя";"1";"индекс";"0"
"2025-06-22";83.1596580427;"A";"Данные СберИндекса";"Категории товаров";"15 - 24 лет";"Россия";"Неделя";"1";"индекс";"0"
"2025-06-29";83.8505554414;"A";"Данные СберИндекса";"Категории товаров";"15 - 24 лет";"Россия";"Неделя";"1";"индекс";"0"
"2025-07-06";85.9847338164;"A";"Данные СберИндекса";"Категории товаров";"15 - 24 лет";"Россия";"Неделя";"1";"индекс";"0"
"2025-07-13";87.7226542635;"A";"Данные СберИндекса";"Категории товаров";"15 - 24 лет";"Россия";"Неделя";"1";"индекс";"0"
"2025-07-20";92.2531803909;"A";"Данные СберИндекса";"Категории товаров";"15 - 24 лет";"Россия";"Неделя";"1";"индекс";"0"
"2025-07-27";88.1007675547;"A";"Данные СберИндекса";"Категории товаров";"15 - 24 лет";"Россия";"Неделя";"1";"индекс";"0"
"2025-08-03";86.1482133468;"A";"Данные СберИндекса";"Категории товаров";"15 - 24 лет";"Россия";"Неделя";"1";"индекс";"0"
"2025-08-10";91.480973032;"A";"Данные СберИндекса";"Категории товаров";"15 - 24 лет";"Россия";"Неделя";"1";"индекс";"0"
"2025-08-17";97.0557536122;"A";"Данные СберИндекса";"Категории товаров";"15 - 24 лет";"Россия";"Неделя";"1";"индекс";"0"
"2025-08-24";96.520419912;"A";"Данные СберИндекса";"Категории товаров";"15 - 24 лет";"Россия";"Неделя";"1";"индекс";"0"
"2025-08-31";96.4788098736;"A";"Данные СберИндекса";"Категории товаров";"15 - 24 лет";"Россия";"Неделя";"1";"индекс";"0"
"2025-09-07";79.274570416;"A";"Данные СберИндекса";"Категории товаров";"15 - 24 лет";"Россия";"Неделя";"1";"индекс";"0"
"2025-09-14";83.2131018908;"A";"Данные СберИндекса";"Категории товаров";"15 - 24 лет";"Россия";"Неделя";"1";"индекс";"0"
"2025-09-21";83.9311703333;"A";"Данные СберИндекса";"Категории товаров";"15 - 24 лет";"Россия";"Неделя";"1";"индекс";"0"
"2025-09-28";81.4465933326;"A";"Данные СберИндекса";"Категории товаров";"15 - 24 лет";"Россия";"Неделя";"1";"индекс";"0"
"2025-10-05";84.2104775816;"A";"Данные СберИндекса";"Категории товаров";"15 - 24 лет";"Россия";"Неделя";"1";"индекс";"0"
"2025-10-12";84.7462543506;"A";"Данные СберИндекса";"Категории товаров";"15 - 24 лет";"Россия";"Неделя";"1";"индекс";"0"
"2025-10-19";85.9494115041;"A";"Данные СберИндекса";"Категории товаров";"15 - 24 лет";"Россия";"Неделя";"1";"индекс";"0"
"2025-10-26";83.2921113143;"A";"Данные СберИндекса";"Категории товаров";"15 - 24 лет";"Россия";"Неделя";"1";"индекс";"0"
"2025-11-02";81.4856473467;"A";"Данные СберИндекса";"Категории товаров";"15 - 24 лет";"Россия";"Неделя";"1";"индекс";"0"
"2025-11-09";78.6556086727;"A";"Данные СберИндекса";"Категории товаров";"15 - 24 лет";"Россия";"Неделя";"1";"индекс";"0"
"2025-11-16";86.9793734472;"A";"Данные СберИндекса";"Категории товаров";"15 - 24 лет";"Россия";"Неделя";"1";"индекс";"0"
"2025-11-23";80.743232424;"A";"Данные СберИндекса";"Категории товаров";"15 - 24 лет";"Россия";"Неделя";"1";"индекс";"0"
"2025-11-30";84.0489946279;"A";"Данные СберИндекса";"Категории товаров";"15 - 24 лет";"Россия";"Неделя";"1";"индекс";"0"
"2025-12-07";81.0751300579;"A";"Данные СберИндекса";"Категории товаров";"15 - 24 лет";"Россия";"Неделя";"1";"индекс";"0"
"2025-12-14";83.7114100314;"A";"Данные СберИндекса";"Категории товаров";"15 - 24 лет";"Россия";"Неделя";"1";"индекс";"0"
"2025-12-21";87.2803876568;"A";"Данные СберИндекса";"Категории товаров";"15 - 24 лет";"Россия";"Неделя";"1";"индекс";"0"
"2025-12-28";98.4515338713;"A";"Данные СберИндекса";"Категории товаров";"15 - 24 лет";"Россия";"Неделя";"1";"индекс";"0"
"2026-01-04";92.7917986713;"A";"Данные СберИндекса";"Категории товаров";"15 - 24 лет";"Россия";"Неделя";"1";"индекс";"0"
"2026-01-11";82.9163644781;"A";"Данные СберИндекса";"Категории товаров";"15 - 24 лет";"Россия";"Неделя";"1";"индекс";"0"
"2026-01-18";84.5400990743;"A";"Данные СберИндекса";"Категории товаров";"15 - 24 лет";"Россия";"Неделя";"1";"индекс";"0"
"2026-01-25";79.3981788266;"A";"Данные СберИндекса";"Категории товаров";"15 - 24 лет";"Россия";"Неделя";"1";"индекс";"0"
"2026-02-01";81.2470108561;"A";"Данные СберИндекса";"Категории товаров";"15 - 24 лет";"Россия";"Неделя";"1";"индекс";"0"
"2026-02-08";81.4918970259;"A";"Данные СберИндекса";"Категории товаров";"15 - 24 лет";"Россия";"Неделя";"1";"индекс";"0"
"2026-02-15";85.8550552495;"A";"Данные СберИндекса";"Категории товаров";"15 - 24 лет";"Россия";"Неделя";"1";"индекс";"0"
"2026-02-22";79.5373560583;"A";"Данные СберИндекса";"Категории товаров";"15 - 24 лет";"Россия";"Неделя";"1";"индекс";"0"
"2026-03-01";79.4151685592;"A";"Данные СберИндекса";"Категории товаров";"15 - 24 лет";"Россия";"Неделя";"1";"индекс";"0"
"2026-03-08";82.8177295214;"A";"Данные СберИндекса";"Категории товаров";"15 - 24 лет";"Россия";"Неделя";"1";"индекс";"0"
"2026-03-15";83.3862521179;"A";"Данные СберИндекса";"Категории товаров";"15 - 24 лет";"Россия";"Неделя";"1";"индекс";"0"
"2026-03-22";75.9172463632;"A";"Данные СберИндекса";"Категории товаров";"15 - 24 лет";"Россия";"Неделя";"1";"индекс";"0"
"2026-03-29";76.0732359085;"A";"Данные СберИндекса";"Категории товаров";"15 - 24 лет";"Россия";"Неделя";"1";"индекс";"0"
"2026-04-05";74.8127720447;"A";"Данные СберИндекса";"Категории товаров";"15 - 24 лет";"Россия";"Неделя";"1";"индекс";"0"
"2026-04-12";75.1804122114;"A";"Данные СберИндекса";"Категории товаров";"15 - 24 лет";"Россия";"Неделя";"1";"индекс";"0"
"2026-04-19";80.2302291876;"A";"Данные СберИндекса";"Категории товаров";"15 - 24 лет";"Россия";"Неделя";"1";"индекс";"0"
"2026-04-26";76.1703312802;"A";"Данные СберИндекса";"Категории товаров";"15 - 24 лет";"Россия";"Неделя";"1";"индекс";"0"
"2026-05-03";74.6424693848;"A";"Данные СберИндекса";"Категории товаров";"15 - 24 лет";"Россия";"Неделя";"1";"индекс";"0"
"2026-05-10";72.2953065569;"A";"Данные СберИндекса";"Категории товаров";"15 - 24 лет";"Россия";"Неделя";"1";"индекс";"0"
"2026-05-17";79.3979977538;"A";"Данные СберИндекса";"Категории товаров";"15 - 24 лет";"Россия";"Неделя";"1";"индекс";"0"
"2026-05-24";75.6056077158;"A";"Данные СберИндекса";"Категории товаров";"15 - 24 лет";"Россия";"Неделя";"1";"индекс";"0"
"2026-05-31";76.2428984575;"A";"Данные СберИндекса";"Категории товаров";"15 - 24 лет";"Россия";"Неделя";"1";"индекс";"0"
"2026-06-07";76.5845984455;"A";"Данные СберИндекса";"Категории товаров";"15 - 24 лет";"Россия";"Неделя";"1";"индекс";"0"
"2026-06-14";81.7318067463;"A";"Данные СберИндекса";"Категории товаров";"15 - 24 лет";"Россия";"Неделя";"1";"индекс";"0"
"2026-06-21";83.8951511396;"A";"Данные СберИндекса";"Категории товаров";"15 - 24 лет";"Россия";"Неделя";"1";"индекс";"0"
"2026-06-28";83.5470263017;"A";"Данные СберИндекса";"Категории товаров";"15 - 24 лет";"Россия";"Неделя";"1";"индекс";"0"
"2026-07-05";89.3695779289;"A";"Данные СберИндекса";"Категории товаров";"15 - 24 лет";"Россия";"Неделя";"1";"индекс";"0"
"2026-07-12";89.8506556203;"A";"Данные СберИндекса";"Категории товаров";"15 - 24 лет";"Россия";"Неделя";"1";"индекс";"0"
"2026-07-19";92.7384677186;"A";"Данные СберИндекса";"Категории товаров";"15 - 24 лет";"Россия";"Неделя";"1";"индекс";"0"
"2026-07-26";91.0322390682;"A";"Данные СберИндекса";"Категории товаров";"15 - 24 лет";"Россия";"Неделя";"1";"индекс";"0"
"2026-08-02";89.0385624256;"A";"Данные СберИндекса";"Категории товаров";"15 - 24 лет";"Россия";"Неделя";"1";"индекс";"0"
"2026-08-09";88.6849433792;"A";"Данные СберИндекса";"Категории товаров";"15 - 24 лет";"Россия";"Неделя";"1";"индекс";"0"
"2026-08-16";100.8774200753;"A";"Данные СберИндекса";"Категории товаров";"15 - 24 лет";"Россия";"Неделя";"1";"индекс";"0"
"2026-08-23";98.7443224731;"A";"Данные СберИндекса";"Категории товаров";"15 - 24 лет";"Россия";"Неделя";"1";"индекс";"0"
"2026-08-30";99.9630161767;"A";"Данные СберИндекса";"Категории товаров";"15 - 24 лет";"Россия";"Неделя";"1";"индекс";"0"
"2026-09-06";87.0190262308;"A";"Данные СберИндекса";"Категории товаров";"15 - 24 лет";"Россия";"Неделя";"1";"индекс";"0"
"2026-09-13";87.3722313803;"A";"Данные СберИндекса";"Категории товаров";"15 - 24 лет";"Россия";"Неделя";"1";"индекс";"0"
"2026-09-20";88.2237227829;"A";"Данные СберИндекса";"Категории товаров";"15 - 24 лет";"Россия";"Неделя";"1";"индекс";"0"
"2026-09-27";84.2488547214;"A";"Данные СберИндекса";"Категории товаров";"15 - 24 лет";"Россия";"Неделя";"1";"индекс";"0"
"2021-01-10";96.0736065085;"A";"Данные СберИндекса";"Категории товаров";"Все возрасты";"Россия";"Неделя";"1";"индекс";"0"
"2021-01-17";100;"A";"Данные СберИндекса";"Категории товаров";"Все возрасты";"Россия";"Неделя";"1";"индекс";"0"
"2021-01-24";95.8914889518;"A";"Данные СберИндекса";"Категории товаров";"Все возрасты";"Россия";"Неделя";"1";"индекс";"0"
"2021-01-31";91.5132630436;"A";"Данные СберИндекса";"Категории товаров";"Все возрасты";"Россия";"Неделя";"1";"индекс";"0"
"2021-02-07";90.6517417478;"A";"Данные СберИндекса";"Категории товаров";"Все возрасты";"Россия";"Неделя";"1";"индекс";"0"
"2021-02-14";95.109856541;"A";"Данные СберИндекса";"Категории товаров";"Все возрасты";"Россия";"Неделя";"1";"индекс";"0"
"2021-02-21";97.1497419203;"A";"Данные СберИндекса";"Категории товаров";"Все возрасты";"Россия";"Неделя";"1";"индекс";"0"
"2021-02-28";94.7536790103;"A";"Данные СберИндекса";"Категории товаров";"Все возрасты";"Россия";"Неделя";"1";"индекс";"0"
"2021-03-07";98.9522938741;"A";"Данные СберИндекса";"Категории товаров";"Все возрасты";"Россия";"Неделя";"1";"индекс";"0"
"2021-03-14";96.2326544953;"A";"Данные СберИндекса";"Категории товаров";"Все возрасты";"Россия";"Неделя";"1";"индекс";"0"
"2021-03-21";99.7677172069;"A";"Данные СберИндекса";"Категории товаров";"Все возрасты";"Россия";"Неделя";"1";"индекс";"0"
"2021-03-28";99.5903151354;"A";"Данные СберИндекса";"Категории товаров";"Все возрасты";"Россия";"Неделя";"1";"индекс";"0"
"2021-04-04";100.7687038023;"A";"Данные СберИндекса";"Категории товаров";"Все возрасты";"Россия";"Неделя";"1";"индекс";"0"
"2021-04-11";101.8497315393;"A";"Данные СберИндекса";"Категории товаров";"Все возрасты";"Россия";"Неделя";"1";"индекс";"0"
"2021-04-18";105.271933189;"A";"Данные СберИндекса";"Категории товаров";"Все возрасты";"Россия";"Неделя";"1";"индекс";"0"
"2021-04-25";102.5684824657;"A";"Данные СберИндекса";"Категории товаров";"Все возрасты";"Россия";"Неделя";"1";"индекс";"0"
"2021-05-02";95.2237868474;"A";"Данные СберИндекса";"Категории товаров";"Все возрасты";"Россия";"Неделя";"1";"индекс";"0"
"2021-05-09";96.4870907611;"A";"Данные СберИндекса";"Категории товаров";"Все возрасты";"Россия";"Неделя";"1";"индекс";"0"
"2021-05-16";98.9451666921;"A";"Данные СберИндекса";"Категории товаров";"Все возрасты";"Россия";"Неделя";"1";"индекс";"0"
"2021-05-23";102.2763556513;"A";"Данные СберИндекса";"Категории товаров";"Все возрасты";"Россия";"Неделя";"1";"индекс";"0"
"2021-05-30";102.2754425177;"A";"Данные СберИндекса";"Категории товаров";"Все возрасты";"Россия";"Неделя";"1";"индекс";"0"
"2021-06-06";102.2723067071;"A";"Данные СберИндекса";"Категории товаров";"Все возрасты";"Россия";"Неделя";"1";"индекс";"0"
"2021-06-13";102.9659492462;"A";"Данные СберИндекса";"Категории товаров";"Все возрасты";"Россия";"Неделя";"1";"индекс";"0"
"2021-06-20";101.0354250673;"A";"Данные СберИндекса";"Категории товаров";"Все возрасты";"Россия";"Неделя";"1";"индекс";"0"
"2021-06-27";100.5166592049;"A";"Данные СберИндекса";"Категории товаров";"Все возрасты";"Россия";"Неделя";"1";"индекс";"0"
"2021-07-04";101.6351137169;"A";"Данные СберИндекса";"Категории товаров";"Все возрасты";"Россия";"Неделя";"1";"индекс";"0"
"2021-07-11";101.3516651154;"A";"Данные СберИндекса";"Категории товаров";"Все возрасты";"Россия";"Неделя";"1";"индекс";"0"
"2021-07-18";103.9689304093;"A";"Данные СберИндекса";"Категории товаров";"Все возрасты";"Россия";"Неделя";"1";"индекс";"0"
"2021-07-25";103.7457441462;"A";"Данные СберИндекса";"Категории товаров";"Все возрасты";"Россия";"Неделя";"1";"индекс";"0"
"2021-08-01";102.5019755389;"A";"Данные СберИндекса";"Категории товаров";"Все возрасты";"Россия";"Неделя";"1";"индекс";"0"
"2021-08-08";108.7604190966;"A";"Данные СберИндекса";"Категории товаров";"Все возрасты";"Россия";"Неделя";"1";"индекс";"0"
"2021-08-15";112.6121213674;"A";"Данные СберИндекса";"Категории товаров";"Все возрасты";"Россия";"Неделя";"1";"индекс";"0"
"2021-08-22";112.0800585186;"A";"Данные СберИндекса";"Категории товаров";"Все возрасты";"Россия";"Неделя";"1";"индекс";"0"
"2021-08-29";111.9925171636;"A";"Данные СберИндекса";"Категории товаров";"Все возрасты";"Россия";"Неделя";"1";"индекс";"0"
"2021-09-05";110.0554178847;"A";"Данные СберИндекса";"Категории товаров";"Все возрасты";"Россия";"Неделя";"1";"индекс";"0"
"2021-09-12";107.6064477009;"A";"Данные СберИндекса";"Категории товаров";"Все возрасты";"Россия";"Неделя";"1";"индекс";"0"
"2021-09-19";108.3141844416;"A";"Данные СберИндекса";"Категории товаров";"Все возрасты";"Россия";"Неделя";"1";"индекс";"0"
"2021-09-26";109.0621650967;"A";"Данные СберИндекса";"Категории товаров";"Все возрасты";"Россия";"Неделя";"1";"индекс";"0"
"2021-10-03";106.982364524;"A";"Данные СберИндекса";"Категории товаров";"Все возрасты";"Россия";"Неделя";"1";"индекс";"0"
"2021-10-10";105.8807820275;"A";"Данные СберИндекса";"Категории товаров";"Все возрасты";"Россия";"Неделя";"1";"индекс";"0"
"2021-10-17";106.4700594445;"A";"Данные СберИндекса";"Категории товаров";"Все возрасты";"Россия";"Неделя";"1";"индекс";"0"
"2021-10-24";108.005064186;"A";"Данные СберИндекса";"Категории товаров";"Все возрасты";"Россия";"Неделя";"1";"индекс";"0"
"2021-10-31";98.98600405;"A";"Данные СберИндекса";"Категории товаров";"Все возрасты";"Россия";"Неделя";"1";"индекс";"0"
"2021-11-07";85.3889852385;"A";"Данные СберИндекса";"Категории товаров";"Все возрасты";"Россия";"Неделя";"1";"индекс";"0"
"2021-11-14";115.9839982164;"A";"Данные СберИндекса";"Категории товаров";"Все возрасты";"Россия";"Неделя";"1";"индекс";"0"
"2021-11-21";109.0830329105;"A";"Данные СберИндекса";"Категории товаров";"Все возрасты";"Россия";"Неделя";"1";"индекс";"0"
"2021-11-28";113.1475843776;"A";"Данные СберИндекса";"Категории товаров";"Все возрасты";"Россия";"Неделя";"1";"индекс";"0"
"2021-12-05";106.2212071239;"A";"Данные СберИндекса";"Категории товаров";"Все возрасты";"Россия";"Неделя";"1";"индекс";"0"
"2021-12-12";108.3602528543;"A";"Данные СберИндекса";"Категории товаров";"Все возрасты";"Россия";"Неделя";"1";"индекс";"0"
"2021-12-19";112.0334807375;"A";"Данные СберИндекса";"Категории товаров";"Все возрасты";"Россия";"Неделя";"1";"индекс";"0"
"2021-12-26";114.117139467;"A";"Данные СберИндекса";"Категории товаров";"Все возрасты";"Россия";"Неделя";"1";"индекс";"0"
"2022-01-02";98.6984362362;"A";"Данные СберИндекса";"Категории товаров";"Все возрасты";"Россия";"Неделя";"1";"индекс";"0"
"2022-01-09";96.6233619397;"A";"Данные СберИндекса";"Категории товаров";"Все возрасты";"Россия";"Неделя";"1";"индекс";"0"
"2022-01-16";98.5872425543;"A";"Данные СберИндекса";"Категории товаров";"Все возрасты";"Россия";"Неделя";"1";"индекс";"0"
"2022-01-23";97.2931158856;"A";"Данные СберИндекса";"Категории товаров";"Все возрасты";"Россия";"Неделя";"1";"индекс";"0"
"2022-01-30";93.1269996906;"A";"Данные СберИндекса";"Категории товаров";"Все возрасты";"Россия";"Неделя";"1";"индекс";"0"
"2022-02-06";94.7965798164;"A";"Данные СберИндекса";"Категории товаров";"Все возрасты";"Россия";"Неделя";"1";"индекс";"0"
"2022-02-13";100.6979782428;"A";"Данные СберИндекса";"Категории товаров";"Все возрасты";"Россия";"Неделя";"1";"индекс";"0"
"2022-02-20";106.9440973585;"A";"Данные СберИндекса";"Категории товаров";"Все возрасты";"Россия";"Неделя";"1";"индекс";"0"
"2022-02-27";110.9673592653;"A";"Данные СберИндекса";"Категории товаров";"Все возрасты";"Россия";"Неделя";"1";"индекс";"0"
"2022-03-06";117.937842648;"A";"Данные СберИндекса";"Категории товаров";"Все возрасты";"Россия";"Неделя";"1";"индекс";"0"
"2022-03-13";104.6118419482;"A";"Данные СберИндекса";"Категории товаров";"Все возрасты";"Россия";"Неделя";"1";"индекс";"0"
"2022-03-20";99.4752843425;"A";"Данные СберИндекса";"Категории товаров";"Все возрасты";"Россия";"Неделя";"1";"индекс";"0"
"2022-03-27";93.4458521374;"A";"Данные СберИндекса";"Категории товаров";"Все возрасты";"Россия";"Неделя";"1";"индекс";"0"
"2022-04-03";89.9021538857;"A";"Данные СберИндекса";"Категории товаров";"Все возрасты";"Россия";"Неделя";"1";"индекс";"0"
"2022-04-10";93.8537014487;"A";"Данные СберИндекса";"Категории товаров";"Все возрасты";"Россия";"Неделя";"1";"индекс";"0"
"2022-04-17";95.06240084;"A";"Данные СберИндекса";"Категории товаров";"Все возрасты";"Россия";"Неделя";"1";"индекс";"0"
"2022-04-24";84.1088608699;"A";"Данные СберИндекса";"Категории товаров";"Все возрасты";"Россия";"Неделя";"1";"индекс";"0"
"2022-05-01";87.8568501045;"A";"Данные СберИндекса";"Категории товаров";"Все возрасты";"Россия";"Неделя";"1";"индекс";"0"
"2022-05-08";83.2922547498;"A";"Данные СберИндекса";"Категории товаров";"Все возрасты";"Россия";"Неделя";"1";"индекс";"0"
"2022-05-15";83.6507636236;"A";"Данные СберИндекса";"Категории товаров";"Все возрасты";"Россия";"Неделя";"1";"индекс";"0"
"2022-05-22";91.2162555838;"A";"Данные СберИндекса";"Категории товаров";"Все возрасты";"Россия";"Неделя";"1";"индекс";"0"
"2022-05-29";89.77510606;"A";"Данные СберИндекса";"Категории товаров";"Все возрасты";"Россия";"Неделя";"1";"индекс";"0"
"2022-06-05";91.863183993;"A";"Данные СберИндекса";"Категории товаров";"Все возрасты";"Россия";"Неделя";"1";"индекс";"0"
"2022-06-12";94.6035268717;"A";"Данные СберИндекса";"Категории товаров";"Все возрасты";"Россия";"Неделя";"1";"индекс";"0"
"2022-06-19";94.5405273532;"A";"Данные СберИндекса";"Категории товаров";"Все возрасты";"Россия";"Неделя";"1";"индекс";"0"
"2022-06-26";93.0363305896;"A";"Данные СберИндекса";"Категории товаров";"Все возрасты";"Россия";"Неделя";"1";"индекс";"0"
"2022-07-03";94.999678114;"A";"Данные СберИндекса";"Категории товаров";"Все возрасты";"Россия";"Неделя";"1";"индекс";"0"
"2022-07-10";97.3734350126;"A";"Данные СберИндекса";"Категории товаров";"Все возрасты";"Россия";"Неделя";"1";"индекс";"0"
"2022-07-17";98.481691599;"A";"Данные СберИндекса";"Категории товаров";"Все возрасты";"Россия";"Неделя";"1";"индекс";"0"
"2022-07-24";97.4589132461;"A";"Данные СберИндекса";"Категории товаров";"Все возрасты";"Россия";"Неделя";"1";"индекс";"0"
"2022-07-31";95.6874453885;"A";"Данные СберИндекса";"Категории товаров";"Все возрасты";"Россия";"Неделя";"1";"индекс";"0"
"2022-08-07";97.2062968372;"A";"Данные СберИндекса";"Категории товаров";"Все возрасты";"Россия";"Неделя";"1";"индекс";"0"
"2022-08-14";101.4940836947;"A";"Данные СберИндекса";"Категории товаров";"Все возрасты";"Россия";"Неделя";"1";"индекс";"0"
"2022-08-21";103.3937215587;"A";"Данные СберИндекса";"Категории товаров";"Все возрасты";"Россия";"Неделя";"1";"индекс";"0"
"2022-08-28";100.9199024806;"A";"Данные СберИндекса";"Категории товаров";"Все возрасты";"Россия";"Неделя";"1";"индекс";"0"
"2022-09-04";100.8145725754;"A";"Данные СберИндекса";"Категории товаров";"Все возрасты";"Россия";"Неделя";"1";"индекс";"0"
"2022-09-11";103.4402263539;"A";"Данные СберИндекса";"Категории товаров";"Все возрасты";"Россия";"Неделя";"1";"индекс";"0"
"2022-09-18";102.1607208425;"A";"Данные СберИндекса";"Категории товаров";"Все возрасты";"Россия";"Неделя";"1";"индекс";"0"
"2022-09-25";100.420846544;"A";"Данные СберИндекса";"Категории товаров";"Все возрасты";"Россия";"Неделя";"1";"индекс";"0"
"2022-10-02";92.4513280896;"A";"Данные СберИндекса";"Категории товаров";"Все возрасты";"Россия";"Неделя";"1";"индекс";"0"
"2022-10-09";92.5254487805;"A";"Данные СберИндекса";"Категории товаров";"Все возрасты";"Россия";"Неделя";"1";"индекс";"0"
"2022-10-16";96.517735222;"A";"Данные СберИндекса";"Категории товаров";"Все возрасты";"Россия";"Неделя";"1";"индекс";"0"
"2022-10-23";96.45174445;"A";"Данные СберИндекса";"Категории товаров";"Все возрасты";"Россия";"Неделя";"1";"индекс";"0"
"2022-10-30";97.3757257644;"A";"Данные СберИндекса";"Категории товаров";"Все возрасты";"Россия";"Неделя";"1";"индекс";"0"
"2022-11-06";100.0899076299;"A";"Данные СберИндекса";"Категории товаров";"Все возрасты";"Россия";"Неделя";"1";"индекс";"0"
"2022-11-13";103.5689667366;"A";"Данные СберИндекса";"Категории товаров";"Все возрасты";"Россия";"Неделя";"1";"индекс";"0"
"2022-11-20";104.6950882907;"A";"Данные СберИндекса";"Категории товаров";"Все возрасты";"Россия";"Неделя";"1";"индекс";"0"
"2022-11-27";107.7846859529;"A";"Данные СберИндекса";"Категории товаров";"Все возрасты";"Россия";"Неделя";"1";"индекс";"0"
"2022-12-04";101.2194503798;"A";"Данные СберИндекса";"Категории товаров";"Все возрасты";"Россия";"Неделя";"1";"индекс";"0"
"2022-12-11";96.6142588109;"A";"Данные СберИндекса";"Категории товаров";"Все возрасты";"Россия";"Неделя";"1";"индекс";"0"
"2022-12-18";97.8576909474;"A";"Данные СберИндекса";"Категории товаров";"Все возрасты";"Россия";"Неделя";"1";"индекс";"0"
"2022-12-25";99.6363880574;"A";"Данные СберИндекса";"Категории товаров";"Все возрасты";"Россия";"Неделя";"1";"индекс";"0"
"2023-01-01";95.3198257497;"A";"Данные СберИндекса";"Категории товаров";"Все возрасты";"Россия";"Неделя";"1";"индекс";"0"
"2023-01-08";90.780263969;"A";"Данные СберИндекса";"Категории товаров";"Все возрасты";"Россия";"Неделя";"1";"индекс";"0"
"2023-01-15";92.0743803121;"A";"Данные СберИндекса";"Категории товаров";"Все возрасты";"Россия";"Неделя";"1";"индекс";"0"
"2023-01-22";90.5834981736;"A";"Данные СберИндекса";"Категории товаров";"Все возрасты";"Россия";"Неделя";"1";"индекс";"0"
"2023-01-29";92.5469791033;"A";"Данные СберИндекса";"Категории товаров";"Все возрасты";"Россия";"Неделя";"1";"индекс";"0"
"2023-02-05";92.3141890202;"A";"Данные СберИндекса";"Категории товаров";"Все возрасты";"Россия";"Неделя";"1";"индекс";"0"
"2023-02-12";92.2699550655;"A";"Данные СберИндекса";"Категории товаров";"Все возрасты";"Россия";"Неделя";"1";"индекс";"0"
"2023-02-19";96.7803798157;"A";"Данные СберИндекса";"Категории товаров";"Все возрасты";"Россия";"Неделя";"1";"индекс";"0"
"2023-02-26";94.2504126978;"A";"Данные СберИндекса";"Категории товаров";"Все возрасты";"Россия";"Неделя";"1";"индекс";"0"
"2023-03-05";98.5307999285;"A";"Данные СберИндекса";"Категории товаров";"Все возрасты";"Россия";"Неделя";"1";"индекс";"0"
"2023-03-12";97.7956113019;"A";"Данные СберИндекса";"Категории товаров";"Все возрасты";"Россия";"Неделя";"1";"индекс";"0"
"2023-03-19";98.3782091747;"A";"Данные СберИндекса";"Категории товаров";"Все возрасты";"Россия";"Неделя";"1";"индекс";"0"
"2023-03-26";98.6271619692;"A";"Данные СберИндекса";"Категории товаров";"Все возрасты";"Россия";"Неделя";"1";"индекс";"0"
"2023-04-02";98.2776446761;"A";"Данные СберИндекса";"Категории товаров";"Все возрасты";"Россия";"Неделя";"1";"индекс";"0"
"2023-04-09";97.6875696535;"A";"Данные СберИндекса";"Категории товаров";"Все возрасты";"Россия";"Неделя";"1";"индекс";"0"
"2023-04-16";96.3826212247;"A";"Данные СберИндекса";"Категории товаров";"Все возрасты";"Россия";"Неделя";"1";"индекс";"0"
"2023-04-23";101.3055963823;"A";"Данные СберИндекса";"Категории товаров";"Все возрасты";"Россия";"Неделя";"1";"индекс";"0"
"2023-04-30";102.3351616741;"A";"Данные СберИндекса";"Категории товаров";"Все возрасты";"Россия";"Неделя";"1";"индекс";"0"
"2023-05-07";95.0046307118;"A";"Данные СберИндекса";"Категории товаров";"Все возрасты";"Россия";"Неделя";"1";"индекс";"0"
"2023-05-14";92.8896537181;"A";"Данные СберИндекса";"Категории товаров";"Все возрасты";"Россия";"Неделя";"1";"индекс";"0"
"2023-05-21";102.2051872771;"A";"Данные СберИндекса";"Категории товаров";"Все возрасты";"Россия";"Неделя";"1";"индекс";"0"
"2023-05-28";100.6928979179;"A";"Данные СберИндекса";"Категории товаров";"Все возрасты";"Россия";"Неделя";"1";"индекс";"0"
"2023-06-04";99.0818971203;"A";"Данные СберИндекса";"Категории товаров";"Все возрасты";"Россия";"Неделя";"1";"индекс";"0"
"2023-06-11";101.0137595584;"A";"Данные СберИндекса";"Категории товаров";"Все возрасты";"Россия";"Неделя";"1";"индекс";"0"
"2023-06-18";100.9042243015;"A";"Данные СберИндекса";"Категории товаров";"Все возрасты";"Россия";"Неделя";"1";"индекс";"0"
"2023-06-25";102.8292631405;"A";"Данные СберИндекса";"Категории товаров";"Все возрасты";"Россия";"Неделя";"1";"индекс";"0"
"2023-07-02";105.5772304848;"A";"Данные СберИндекса";"Категории товаров";"Все возрасты";"Россия";"Неделя";"1";"индекс";"0"
"2023-07-09";107.3629086234;"A";"Данные СберИндекса";"Категории товаров";"Все возрасты";"Россия";"Неделя";"1";"индекс";"0"
"2023-07-16";111.2208634676;"A";"Данные СберИндекса";"Категории товаров";"Все возрасты";"Россия";"Неделя";"1";"индекс";"0"
"2023-07-23";107.4582710537;"A";"Данные СберИндекса";"Категории товаров";"Все возрасты";"Россия";"Неделя";"1";"индекс";"0"
"2023-07-30";109.4246158123;"A";"Данные СберИндекса";"Категории товаров";"Все возрасты";"Россия";"Неделя";"1";"индекс";"0"
"2023-08-06";111.1824165343;"A";"Данные СберИндекса";"Категории товаров";"Все возрасты";"Россия";"Неделя";"1";"индекс";"0"
"2023-08-13";115.6883901891;"A";"Данные СберИндекса";"Категории товаров";"Все возрасты";"Россия";"Неделя";"1";"индекс";"0"
"2023-08-20";119.5136245246;"A";"Данные СберИндекса";"Категории товаров";"Все возрасты";"Россия";"Неделя";"1";"индекс";"0"
"2023-08-27";117.3326619616;"A";"Данные СберИндекса";"Категории товаров";"Все возрасты";"Россия";"Неделя";"1";"индекс";"0"
"2023-09-03";114.5948460215;"A";"Данные СберИндекса";"Категории товаров";"Все возрасты";"Россия";"Неделя";"1";"индекс";"0"
"2023-09-10";107.9634499853;"A";"Данные СберИндекса";"Категории товаров";"Все возрасты";"Россия";"Неделя";"1";"индекс";"0"
"2023-09-17";109.9129806008;"A";"Данные СберИндекса";"Категории товаров";"Все возрасты";"Россия";"Неделя";"1";"индекс";"0"
"2023-09-24";107.8888169552;"A";"Данные СберИндекса";"Категории товаров";"Все возрасты";"Россия";"Неделя";"1";"индекс";"0"
"2023-10-01";109.2979299034;"A";"Данные СберИндекса";"Категории товаров";"Все возрасты";"Россия";"Неделя";"1";"индекс";"0"
"2023-10-08";109.8693332034;"A";"Данные СберИндекса";"Категории товаров";"Все возрасты";"Россия";"Неделя";"1";"индекс";"0"
"2023-10-15";114.0341281834;"A";"Данные СберИндекса";"Категории товаров";"Все возрасты";"Россия";"Неделя";"1";"индекс";"0"
"2023-10-22";112.9311822413;"A";"Данные СберИндекса";"Категории товаров";"Все возрасты";"Россия";"Неделя";"1";"индекс";"0"
"2023-10-29";114.5904454637;"A";"Данные СберИндекса";"Категории товаров";"Все возрасты";"Россия";"Неделя";"1";"индекс";"0"
"2023-11-05";110.5844678864;"A";"Данные СберИндекса";"Категории товаров";"Все возрасты";"Россия";"Неделя";"1";"индекс";"0"
"2023-11-12";113.9913782524;"A";"Данные СберИндекса";"Категории товаров";"Все возрасты";"Россия";"Неделя";"1";"индекс";"0"
"2023-11-19";112.1837292357;"A";"Данные СберИндекса";"Категории товаров";"Все возрасты";"Россия";"Неделя";"1";"индекс";"0"
"2023-11-26";116.890984247;"A";"Данные СберИндекса";"Категории товаров";"Все возрасты";"Россия";"Неделя";"1";"индекс";"0"
"2023-12-03";108.5273244523;"A";"Данные СберИндекса";"Категории товаров";"Все возрасты";"Россия";"Неделя";"1";"индекс";"0"
"2023-12-10";107.4361677231;"A";"Данные СберИндекса";"Категории товаров";"Все возрасты";"Россия";"Неделя";"1";"индекс";"0"
"2023-12-17";108.4675585672;"A";"Данные СберИндекса";"Категории товаров";"Все возрасты";"Россия";"Неделя";"1";"индекс";"0"
"2023-12-24";109.5617208093;"A";"Данные СберИндекса";"Категории товаров";"Все возрасты";"Россия";"Неделя";"1";"индекс";"0"
"2023-12-31";110.8876158181;"A";"Данные СберИндекса";"Категории товаров";"Все возрасты";"Россия";"Неделя";"1";"индекс";"0"
"2024-01-07";93.6974838272;"A";"Данные СберИндекса";"Категории товаров";"Все возрасты";"Россия";"Неделя";"1";"индекс";"0"
"2024-01-14";101.0916471606;"A";"Данные СберИндекса";"Категории товаров";"Все возрасты";"Россия";"Неделя";"1";"индекс";"0"
"2024-01-21";99.4292521243;"A";"Данные СберИндекса";"Категории товаров";"Все возрасты";"Россия";"Неделя";"1";"индекс";"0"
"2024-01-28";99.8450702129;"A";"Данные СберИндекса";"Категории товаров";"Все возрасты";"Россия";"Неделя";"1";"индекс";"0"
"2024-02-04";99.9906050718;"A";"Данные СберИндекса";"Категории товаров";"Все возрасты";"Россия";"Неделя";"1";"индекс";"0"
"2024-02-11";101.4175931392;"A";"Данные СберИндекса";"Категории товаров";"Все возрасты";"Россия";"Неделя";"1";"индекс";"0"
"2024-02-18";105.0622010578;"A";"Данные СберИндекса";"Категории товаров";"Все возрасты";"Россия";"Неделя";"1";"индекс";"0"
"2024-02-25";103.6937746559;"A";"Данные СберИндекса";"Категории товаров";"Все возрасты";"Россия";"Неделя";"1";"индекс";"0"
"2024-03-03";107.8438038886;"A";"Данные СберИндекса";"Категории товаров";"Все возрасты";"Россия";"Неделя";"1";"индекс";"0"
"2024-03-10";108.6246867508;"A";"Данные СберИндекса";"Категории товаров";"Все возрасты";"Россия";"Неделя";"1";"индекс";"0"
"2024-03-17";106.0280479107;"A";"Данные СберИндекса";"Категории товаров";"Все возрасты";"Россия";"Неделя";"1";"индекс";"0"
"2024-03-24";105.8674908009;"A";"Данные СберИндекса";"Категории товаров";"Все возрасты";"Россия";"Неделя";"1";"индекс";"0"
"2024-03-31";106.3854549691;"A";"Данные СберИндекса";"Категории товаров";"Все возрасты";"Россия";"Неделя";"1";"индекс";"0"
"2024-04-07";104.7186537995;"A";"Данные СберИндекса";"Категории товаров";"Все возрасты";"Россия";"Неделя";"1";"индекс";"0"
"2024-04-14";106.9009450739;"A";"Данные СберИндекса";"Категории товаров";"Все возрасты";"Россия";"Неделя";"1";"индекс";"0"
"2024-04-21";107.2084990876;"A";"Данные СберИндекса";"Категории товаров";"Все возрасты";"Россия";"Неделя";"1";"индекс";"0"
"2024-04-28";109.2683714;"A";"Данные СберИндекса";"Категории товаров";"Все возрасты";"Россия";"Неделя";"1";"индекс";"0"
"2024-05-05";96.3254740209;"A";"Данные СберИндекса";"Категории товаров";"Все возрасты";"Россия";"Неделя";"1";"индекс";"0"
"2024-05-12";98.9077090832;"A";"Данные СберИндекса";"Категории товаров";"Все возрасты";"Россия";"Неделя";"1";"индекс";"0"
"2024-05-19";112.3404011472;"A";"Данные СберИндекса";"Категории товаров";"Все возрасты";"Россия";"Неделя";"1";"индекс";"0"
"2024-05-26";112.4850340127;"A";"Данные СберИндекса";"Категории товаров";"Все возрасты";"Россия";"Неделя";"1";"индекс";"0"
"2024-06-02";110.7899667971;"A";"Данные СберИндекса";"Категории товаров";"Все возрасты";"Россия";"Неделя";"1";"индекс";"0"
"2024-06-09";112.4023457165;"A";"Данные СберИндекса";"Категории товаров";"Все возрасты";"Россия";"Неделя";"1";"индекс";"0"
"2024-06-16";113.9661103551;"A";"Данные СберИндекса";"Категории товаров";"Все возрасты";"Россия";"Неделя";"1";"индекс";"0"
"2024-06-23";114.0659854113;"A";"Данные СберИндекса";"Категории товаров";"Все возрасты";"Россия";"Неделя";"1";"индекс";"0"
"2024-06-30";119.0347986285;"A";"Данные СберИндекса";"Категории товаров";"Все возрасты";"Россия";"Неделя";"1";"индекс";"0"
"2024-07-07";116.2006424617;"A";"Данные СберИндекса";"Категории товаров";"Все возрасты";"Россия";"Неделя";"1";"индекс";"0"
"2024-07-14";121.9701390336;"A";"Данные СберИндекса";"Категории товаров";"Все возрасты";"Россия";"Неделя";"1";"индекс";"0"
"2024-07-21";120.8566394496;"A";"Данные СберИндекса";"Категории товаров";"Все возрасты";"Россия";"Неделя";"1";"индекс";"0"
"2024-07-28";119.0446831072;"A";"Данные СберИндекса";"Категории товаров";"Все возрасты";"Россия";"Неделя";"1";"индекс";"0"
"2024-08-04";117.6323854494;"A";"Данные СберИндекса";"Категории товаров";"Все возрасты";"Россия";"Неделя";"1";"индекс";"0"
"2024-08-11";118.2712914793;"A";"Данные СберИндекса";"Категории товаров";"Все возрасты";"Россия";"Неделя";"1";"индекс";"0"
"2024-08-18";121.8514249457;"A";"Данные СберИндекса";"Категории товаров";"Все возрасты";"Россия";"Неделя";"1";"индекс";"0"
"2024-08-25";119.772262337;"A";"Данные СберИндекса";"Категории товаров";"Все возрасты";"Россия";"Неделя";"1";"индекс";"0"
"2024-09-01";119.5527609197;"A";"Данные СберИндекса";"Категории товаров";"Все возрасты";"Россия";"Неделя";"1";"индекс";"0"
"2024-09-08";111.7386676714;"A";"Данные СберИндекса";"Категории товаров";"Все возрасты";"Россия";"Неделя";"1";"индекс";"0"
"2024-09-15";116.7727484787;"A";"Данные СберИндекса";"Категории товаров";"Все возрасты";"Россия";"Неделя";"1";"индекс";"0"
"2024-09-22";117.7717934321;"A";"Данные СберИндекса";"Категории товаров";"Все возрасты";"Россия";"Неделя";"1";"индекс";"0"
"2024-09-29";119.5758315601;"A";"Данные СберИндекса";"Категории товаров";"Все возрасты";"Россия";"Неделя";"1";"индекс";"0"
"2024-10-06";119.6827268072;"A";"Данные СберИндекса";"Категории товаров";"Все возрасты";"Россия";"Неделя";"1";"индекс";"0"
"2024-10-13";122.1769318641;"A";"Данные СберИндекса";"Категории товаров";"Все возрасты";"Россия";"Неделя";"1";"индекс";"0"
"2024-10-20";122.8089642223;"A";"Данные СберИндекса";"Категории товаров";"Все возрасты";"Россия";"Неделя";"1";"индекс";"0"
"2024-10-27";118.2331576757;"A";"Данные СберИндекса";"Категории товаров";"Все возрасты";"Россия";"Неделя";"1";"индекс";"0"
"2024-11-03";114.9439037868;"A";"Данные СберИндекса";"Категории товаров";"Все возрасты";"Россия";"Неделя";"1";"индекс";"0"
"2024-11-10";114.187895032;"A";"Данные СберИндекса";"Категории товаров";"Все возрасты";"Россия";"Неделя";"1";"индекс";"0"
"2024-11-17";116.7500040683;"A";"Данные СберИндекса";"Категории товаров";"Все возрасты";"Россия";"Неделя";"1";"индекс";"0"
"2024-11-24";110.0060136643;"A";"Данные СберИндекса";"Категории товаров";"Все возрасты";"Россия";"Неделя";"1";"индекс";"0"
"2024-12-01";116.8597217391;"A";"Данные СберИндекса";"Категории товаров";"Все возрасты";"Россия";"Неделя";"1";"индекс";"0"
"2024-12-08";115.064424439;"A";"Данные СберИндекса";"Категории товаров";"Все возрасты";"Россия";"Неделя";"1";"индекс";"0"
"2024-12-15";118.6530639653;"A";"Данные СберИндекса";"Категории товаров";"Все возрасты";"Россия";"Неделя";"1";"индекс";"0"
"2024-12-22";116.817497605;"A";"Данные СберИндекса";"Категории товаров";"Все возрасты";"Россия";"Неделя";"1";"индекс";"0"
"2024-12-29";124.8173220562;"A";"Данные СберИндекса";"Категории товаров";"Все возрасты";"Россия";"Неделя";"1";"индекс";"0"
"2025-01-05";94.5102163425;"A";"Данные СберИндекса";"Категории товаров";"Все возрасты";"Россия";"Неделя";"1";"индекс";"0"
"2025-01-12";101.709156042;"A";"Данные СберИндекса";"Категории товаров";"Все возрасты";"Россия";"Неделя";"1";"индекс";"0"
"2025-01-19";107.8019435965;"A";"Данные СберИндекса";"Категории товаров";"Все возрасты";"Россия";"Неделя";"1";"индекс";"0"
"2025-01-26";106.8270230538;"A";"Данные СберИндекса";"Категории товаров";"Все возрасты";"Россия";"Неделя";"1";"индекс";"0"
"2025-02-02";104.8622021382;"A";"Данные СберИндекса";"Категории товаров";"Все возрасты";"Россия";"Неделя";"1";"индекс";"0"
"2025-02-09";104.4056538259;"A";"Данные СберИндекса";"Категории товаров";"Все возрасты";"Россия";"Неделя";"1";"индекс";"0"
"2025-02-16";113.284322553;"A";"Данные СберИндекса";"Категории товаров";"Все возрасты";"Россия";"Неделя";"1";"индекс";"0"
"2025-02-23";106.8490002312;"A";"Данные СберИндекса";"Категории товаров";"Все возрасты";"Россия";"Неделя";"1";"индекс";"0"
"2025-03-02";107.9873265836;"A";"Данные СберИндекса";"Категории товаров";"Все возрасты";"Россия";"Неделя";"1";"индекс";"0"
"2025-03-09";112.7503521802;"A";"Данные СберИндекса";"Категории товаров";"Все возрасты";"Россия";"Неделя";"1";"индекс";"0"
"2025-03-16";115.2504238718;"A";"Данные СберИндекса";"Категории товаров";"Все возрасты";"Россия";"Неделя";"1";"индекс";"0"
"2025-03-23";111.376087837;"A";"Данные СберИндекса";"Категории товаров";"Все возрасты";"Россия";"Неделя";"1";"индекс";"0"
"2025-03-30";111.1048318659;"A";"Данные СберИндекса";"Категории товаров";"Все возрасты";"Россия";"Неделя";"1";"индекс";"0"
"2025-04-06";109.5436303966;"A";"Данные СберИндекса";"Категории товаров";"Все возрасты";"Россия";"Неделя";"1";"индекс";"0"
"2025-04-13";110.1384840472;"A";"Данные СберИндекса";"Категории товаров";"Все возрасты";"Россия";"Неделя";"1";"индекс";"0"
"2025-04-20";106.0112016394;"A";"Данные СберИндекса";"Категории товаров";"Все возрасты";"Россия";"Неделя";"1";"индекс";"0"
"2025-04-27";112.403170476;"A";"Данные СберИндекса";"Категории товаров";"Все возрасты";"Россия";"Неделя";"1";"индекс";"0"
"2025-05-04";103.5798471568;"A";"Данные СберИндекса";"Категории товаров";"Все возрасты";"Россия";"Неделя";"1";"индекс";"0"
"2025-05-11";99.5753804866;"A";"Данные СберИндекса";"Категории товаров";"Все возрасты";"Россия";"Неделя";"1";"индекс";"0"
"2025-05-18";112.6551337335;"A";"Данные СберИндекса";"Категории товаров";"Все возрасты";"Россия";"Неделя";"1";"индекс";"0"
"2025-05-25";110.2013690028;"A";"Данные СберИндекса";"Категории товаров";"Все возрасты";"Россия";"Неделя";"1";"индекс";"0"
"2025-06-01";109.7365507936;"A";"Данные СберИндекса";"Категории товаров";"Все возрасты";"Россия";"Неделя";"1";"индекс";"0"
"2025-06-08";109.4668192201;"A";"Данные СберИндекса";"Категории товаров";"Все возрасты";"Россия";"Неделя";"1";"индекс";"0"
"2025-06-15";109.3795024444;"A";"Данные СберИндекса";"Категории товаров";"Все возрасты";"Россия";"Неделя";"1";"индекс";"0"
"2025-06-22";112.562187498;"A";"Данные СберИндекса";"Категории товаров";"Все возрасты";"Россия";"Неделя";"1";"индекс";"0"
"2025-06-29";113.5302318922;"A";"Данные СберИндекса";"Категории товаров";"Все возрасты";"Россия";"Неделя";"1";"индекс";"0"
"2025-07-06";115.9471144788;"A";"Данные СберИндекса";"Категории товаров";"Все возрасты";"Россия";"Неделя";"1";"индекс";"0"
"2025-07-13";115.8625788765;"A";"Данные СберИндекса";"Категории товаров";"Все возрасты";"Россия";"Неделя";"1";"индекс";"0"
"2025-07-20";120.8998390768;"A";"Данные СберИндекса";"Категории товаров";"Все возрасты";"Россия";"Неделя";"1";"индекс";"0"
"2025-07-27";114.6932117099;"A";"Данные СберИндекса";"Категории товаров";"Все возрасты";"Россия";"Неделя";"1";"индекс";"0"
"2025-08-03";114.8582749323;"A";"Данные СберИндекса";"Категории товаров";"Все возрасты";"Россия";"Неделя";"1";"индекс";"0"
"2025-08-10";119.6370356821;"A";"Данные СберИндекса";"Категории товаров";"Все возрасты";"Россия";"Неделя";"1";"индекс";"0"
"2025-08-17";124.5583353311;"A";"Данные СберИндекса";"Категории товаров";"Все возрасты";"Россия";"Неделя";"1";"индекс";"0"
"2025-08-24";124.7831327334;"A";"Данные СберИндекса";"Категории товаров";"Все возрасты";"Россия";"Неделя";"1";"индекс";"0"
"2025-08-31";126.049239547;"A";"Данные СберИндекса";"Категории товаров";"Все возрасты";"Россия";"Неделя";"1";"индекс";"0"
"2025-09-07";114.4953720156;"A";"Данные СберИндекса";"Категории товаров";"Все возрасты";"Россия";"Неделя";"1";"индекс";"0"
"2025-09-14";116.6938023473;"A";"Данные СберИндекса";"Категории товаров";"Все возрасты";"Россия";"Неделя";"1";"индекс";"0"
"2025-09-21";120.2327881725;"A";"Данные СберИндекса";"Категории товаров";"Все возрасты";"Россия";"Неделя";"1";"индекс";"0"
"2025-09-28";118.9471904819;"A";"Данные СберИндекса";"Категории товаров";"Все возрасты";"Россия";"Неделя";"1";"индекс";"0"
"2025-10-05";124.3117455573;"A";"Данные СберИндекса";"Категории товаров";"Все возрасты";"Россия";"Неделя";"1";"индекс";"0"
"2025-10-12";122.4097229844;"A";"Данные СберИндекса";"Категории товаров";"Все возрасты";"Россия";"Неделя";"1";"индекс";"0"
"2025-10-19";124.0039917043;"A";"Данные СберИндекса";"Категории товаров";"Все возрасты";"Россия";"Неделя";"1";"индекс";"0"
"2025-10-26";119.9395182762;"A";"Данные СберИндекса";"Категории товаров";"Все возрасты";"Россия";"Неделя";"1";"индекс";"0"
"2025-11-02";117.5431858028;"A";"Данные СберИндекса";"Категории товаров";"Все возрасты";"Россия";"Неделя";"1";"индекс";"0"
"2025-11-09";113.6673733351;"A";"Данные СберИндекса";"Категории товаров";"Все возрасты";"Россия";"Неделя";"1";"индекс";"0"
"2025-11-16";125.3423550868;"A";"Данные СберИндекса";"Категории товаров";"Все возрасты";"Россия";"Неделя";"1";"индекс";"0"
"2025-11-23";119.5503576893;"A";"Данные СберИндекса";"Категории товаров";"Все возрасты";"Россия";"Неделя";"1";"индекс";"0"
"2025-11-30";121.6627775836;"A";"Данные СберИндекса";"Категории товаров";"Все возрасты";"Россия";"Неделя";"1";"индекс";"0"
"2025-12-07";117.957441267;"A";"Данные СберИндекса";"Категории товаров";"Все возрасты";"Россия";"Неделя";"1";"индекс";"0"
"2025-12-14";119.8043727392;"A";"Данные СберИндекса";"Категории товаров";"Все возрасты";"Россия";"Неделя";"1";"индекс";"0"
"2025-12-21";119.4209185618;"A";"Данные СберИндекса";"Категории товаров";"Все возрасты";"Россия";"Неделя";"1";"индекс";"0"
"2025-12-28";125.0620388965;"A";"Данные СберИндекса";"Категории товаров";"Все возрасты";"Россия";"Неделя";"1";"индекс";"0"
"2026-01-04";106.0362582803;"A";"Данные СберИндекса";"Категории товаров";"Все возрасты";"Россия";"Неделя";"1";"индекс";"0"
"2026-01-11";101.6046618248;"A";"Данные СберИндекса";"Категории товаров";"Все возрасты";"Россия";"Неделя";"1";"индекс";"0"
"2026-01-18";110.2907289911;"A";"Данные СберИндекса";"Категории товаров";"Все возрасты";"Россия";"Неделя";"1";"индекс";"0"
"2026-01-25";107.1280853808;"A";"Данные СберИндекса";"Категории товаров";"Все возрасты";"Россия";"Неделя";"1";"индекс";"0"
"2026-02-01";108.2475012173;"A";"Данные СберИндекса";"Категории товаров";"Все возрасты";"Россия";"Неделя";"1";"индекс";"0"
"2026-02-08";109.2518190652;"A";"Данные СберИндекса";"Категории товаров";"Все возрасты";"Россия";"Неделя";"1";"индекс";"0"
"2026-02-15";113.5157149025;"A";"Данные СберИндекса";"Категории товаров";"Все возрасты";"Россия";"Неделя";"1";"индекс";"0"
"2026-02-22";108.6925607266;"A";"Данные СберИндекса";"Категории товаров";"Все возрасты";"Россия";"Неделя";"1";"индекс";"0"
"2026-03-01";107.5116789363;"A";"Данные СберИндекса";"Категории товаров";"Все возрасты";"Россия";"Неделя";"1";"индекс";"0"
"2026-03-08";111.7676945833;"A";"Данные СберИндекса";"Категории товаров";"Все возрасты";"Россия";"Неделя";"1";"индекс";"0"
"2026-03-15";113.5173298129;"A";"Данные СберИндекса";"Категории товаров";"Все возрасты";"Россия";"Неделя";"1";"индекс";"0"
"2026-03-22";111.8568538239;"A";"Данные СберИндекса";"Категории товаров";"Все возрасты";"Россия";"Неделя";"1";"индекс";"0"
"2026-03-29";111.362261508;"A";"Данные СберИндекса";"Категории товаров";"Все возрасты";"Россия";"Неделя";"1";"индекс";"0"
"2026-04-05";112.4432056234;"A";"Данные СберИндекса";"Категории товаров";"Все возрасты";"Россия";"Неделя";"1";"индекс";"0"
"2026-04-12";106.0117580005;"A";"Данные СберИндекса";"Категории товаров";"Все возрасты";"Россия";"Неделя";"1";"индекс";"0"
"2026-04-19";116.7297765482;"A";"Данные СберИндекса";"Категории товаров";"Все возрасты";"Россия";"Неделя";"1";"индекс";"0"
"2026-04-26";112.2610815828;"A";"Данные СберИндекса";"Категории товаров";"Все возрасты";"Россия";"Неделя";"1";"индекс";"0"
"2026-05-03";107.0654215378;"A";"Данные СберИндекса";"Категории товаров";"Все возрасты";"Россия";"Неделя";"1";"индекс";"0"
"2026-05-10";104.6839171929;"A";"Данные СберИндекса";"Категории товаров";"Все возрасты";"Россия";"Неделя";"1";"индекс";"0"
"2026-05-17";113.9150355363;"A";"Данные СберИндекса";"Категории товаров";"Все возрасты";"Россия";"Неделя";"1";"индекс";"0"
"2026-05-24";114.0564439808;"A";"Данные СберИндекса";"Категории товаров";"Все возрасты";"Россия";"Неделя";"1";"индекс";"0"
"2026-05-31";114.8842057083;"A";"Данные СберИндекса";"Категории товаров";"Все возрасты";"Россия";"Неделя";"1";"индекс";"0"
"2026-06-07";113.3751875352;"A";"Данные СберИндекса";"Категории товаров";"Все возрасты";"Россия";"Неделя";"1";"индекс";"0"
"2026-06-14";113.9554998155;"A";"Данные СберИндекса";"Категории товаров";"Все возрасты";"Россия";"Неделя";"1";"индекс";"0"
"2026-06-21";117.8555493061;"A";"Данные СберИндекса";"Категории товаров";"Все возрасты";"Россия";"Неделя";"1";"индекс";"0"
"2026-06-28";115.3917394005;"A";"Данные СберИндекса";"Категории товаров";"Все возрасты";"Россия";"Неделя";"1";"индекс";"0"
"2026-07-05";117.5141309772;"A";"Данные СберИндекса";"Категории товаров";"Все возрасты";"Россия";"Неделя";"1";"индекс";"0"
"2026-07-12";118.1117520959;"A";"Данные СберИндекса";"Категории товаров";"Все возрасты";"Россия";"Неделя";"1";"индекс";"0"
"2026-07-19";121.09586501;"A";"Данные СберИндекса";"Категории товаров";"Все возрасты";"Россия";"Неделя";"1";"индекс";"0"
"2026-07-26";118.0019009511;"A";"Данные СберИндекса";"Категории товаров";"Все возрасты";"Россия";"Неделя";"1";"индекс";"0"
"2026-08-02";118.0009518692;"A";"Данные СберИндекса";"Категории товаров";"Все возрасты";"Россия";"Неделя";"1";"индекс";"0"
"2026-08-09";120.4327172684;"A";"Данные СберИндекса";"Категории товаров";"Все возрасты";"Россия";"Неделя";"1";"индекс";"0"
"2026-08-16";129.4281768899;"A";"Данные СберИндекса";"Категории товаров";"Все возрасты";"Россия";"Неделя";"1";"индекс";"0"
"2026-08-23";128.3863921169;"A";"Данные СберИндекса";"Категории товаров";"Все возрасты";"Россия";"Неделя";"1";"индекс";"0"
"2026-08-30";128.7098737522;"A";"Данные СберИндекса";"Категории товаров";"Все возрасты";"Россия";"Неделя";"1";"индекс";"0"
"2026-09-06";122.2182936723;"A";"Данные СберИндекса";"Категории товаров";"Все возрасты";"Россия";"Неделя";"1";"индекс";"0"
"2026-09-13";122.3213327303;"A";"Данные СберИндекса";"Категории товаров";"Все возрасты";"Россия";"Неделя";"1";"индекс";"0"
"2026-09-20";124.3362478004;"A";"Данные СберИндекса";"Категории товаров";"Все возрасты";"Россия";"Неделя";"1";"индекс";"0"
"2026-09-27";124.8897460131;"A";"Данные СберИндекса";"Категории товаров";"Все возрасты";"Россия";"Неделя";"1";"индекс";"0"
"2021-01-10";125.9703589012;"A";"Данные СберИндекса";"Категории товаров";"35 - 64 лет";"Россия";"Неделя";"1";"индекс";"0"
"2021-01-17";111.282;"A";"Данные СберИндекса";"Категории товаров";"35 - 64 лет";"Россия";"Неделя";"1";"индекс";"0"
"2021-01-24";124.8195903301;"A";"Данные СберИндекса";"Категории товаров";"35 - 64 лет";"Россия";"Неделя";"1";"индекс";"0"
"2021-01-31";119.8031531991;"A";"Данные СберИндекса";"Категории товаров";"35 - 64 лет";"Россия";"Неделя";"1";"индекс";"0"
"2021-02-07";119.1040802698;"A";"Данные СберИндекса";"Категории товаров";"35 - 64 лет";"Россия";"Неделя";"1";"индекс";"0"
"2021-02-14";123.9313899256;"A";"Данные СберИндекса";"Категории товаров";"35 - 64 лет";"Россия";"Неделя";"1";"индекс";"0"
"2021-02-21";126.6615066465;"A";"Данные СберИндекса";"Категории товаров";"35 - 64 лет";"Россия";"Неделя";"1";"индекс";"0"
"2021-02-28";124.2003936598;"A";"Данные СберИндекса";"Категории товаров";"35 - 64 лет";"Россия";"Неделя";"1";"индекс";"0"
"2021-03-07";128.5702722422;"A";"Данные СберИндекса";"Категории товаров";"35 - 64 лет";"Россия";"Неделя";"1";"индекс";"0"
"2021-03-14";124.8382444783;"A";"Данные СберИндекса";"Категории товаров";"35 - 64 лет";"Россия";"Неделя";"1";"индекс";"0"
"2021-03-21";131.2095102428;"A";"Данные СберИндекса";"Категории товаров";"35 - 64 лет";"Россия";"Неделя";"1";"индекс";"0"
"2021-03-28";132.9041063244;"A";"Данные СберИндекса";"Категории товаров";"35 - 64 лет";"Россия";"Неделя";"1";"индекс";"0"
"2021-04-04";133.883302643;"A";"Данные СберИндекса";"Категории товаров";"35 - 64 лет";"Россия";"Неделя";"1";"индекс";"0"
"2021-04-11";134.5157546089;"A";"Данные СберИндекса";"Категории товаров";"35 - 64 лет";"Россия";"Неделя";"1";"индекс";"0"
"2021-04-18";138.6787377476;"A";"Данные СберИндекса";"Категории товаров";"35 - 64 лет";"Россия";"Неделя";"1";"индекс";"0"
"2021-04-25";136.36993458;"A";"Данные СберИндекса";"Категории товаров";"35 - 64 лет";"Россия";"Неделя";"1";"индекс";"0"
"2021-05-02";124.8443689305;"A";"Данные СберИндекса";"Категории товаров";"35 - 64 лет";"Россия";"Неделя";"1";"индекс";"0"
"2021-05-09";124.9222621681;"A";"Данные СберИндекса";"Категории товаров";"35 - 64 лет";"Россия";"Неделя";"1";"индекс";"0"
"2021-05-16";130.1582550046;"A";"Данные СберИндекса";"Категории товаров";"35 - 64 лет";"Россия";"Неделя";"1";"индекс";"0"
"2021-05-23";136.805768169;"A";"Данные СберИндекса";"Категории товаров";"35 - 64 лет";"Россия";"Неделя";"1";"индекс";"0"
"2021-05-30";137.4859654616;"A";"Данные СберИндекса";"Категории товаров";"35 - 64 лет";"Россия";"Неделя";"1";"индекс";"0"
"2021-06-06";137.0751278629;"A";"Данные СберИндекса";"Категории товаров";"35 - 64 лет";"Россия";"Неделя";"1";"индекс";"0"
"2021-06-13";135.3104431924;"A";"Данные СберИндекса";"Категории товаров";"35 - 64 лет";"Россия";"Неделя";"1";"индекс";"0"
"2021-06-20";131.4856220999;"A";"Данные СберИндекса";"Категории товаров";"35 - 64 лет";"Россия";"Неделя";"1";"индекс";"0"
"2021-06-27";132.2169289063;"A";"Данные СберИндекса";"Категории товаров";"35 - 64 лет";"Россия";"Неделя";"1";"индекс";"0"
"2021-07-04";132.4314186303;"A";"Данные СберИндекса";"Категории товаров";"35 - 64 лет";"Россия";"Неделя";"1";"индекс";"0"
"2021-07-11";133.0785181835;"A";"Данные СберИндекса";"Категории товаров";"35 - 64 лет";"Россия";"Неделя";"1";"индекс";"0"
"2021-07-18";136.1746390494;"A";"Данные СберИндекса";"Категории товаров";"35 - 64 лет";"Россия";"Неделя";"1";"индекс";"0"
"2021-07-25";135.5749449486;"A";"Данные СберИндекса";"Категории товаров";"35 - 64 лет";"Россия";"Неделя";"1";"индекс";"0"
"2021-08-01";134.1821369441;"A";"Данные СберИндекса";"Категории товаров";"35 - 64 лет";"Россия";"Неделя";"1";"индекс";"0"
"2021-08-08";142.2350014073;"A";"Данные СберИндекса";"Категории товаров";"35 - 64 лет";"Россия";"Неделя";"1";"индекс";"0"
"2021-08-15";146.4102480227;"A";"Данные СберИндекса";"Категории товаров";"35 - 64 лет";"Россия";"Неделя";"1";"индекс";"0"
"2021-08-22";146.4189423569;"A";"Данные СберИндекса";"Категории товаров";"35 - 64 лет";"Россия";"Неделя";"1";"индекс";"0"
"2021-08-29";145.2499559049;"A";"Данные СберИндекса";"Категории товаров";"35 - 64 лет";"Россия";"Неделя";"1";"индекс";"0"
"2021-09-05";142.9342071002;"A";"Данные СберИндекса";"Категории товаров";"35 - 64 лет";"Россия";"Неделя";"1";"индекс";"0"
"2021-09-12";139.716847459;"A";"Данные СберИндекса";"Категории товаров";"35 - 64 лет";"Россия";"Неделя";"1";"индекс";"0"
"2021-09-19";139.1829938219;"A";"Данные СберИндекса";"Категории товаров";"35 - 64 лет";"Россия";"Неделя";"1";"индекс";"0"
"2021-09-26";144.2847090761;"A";"Данные СберИндекса";"Категории товаров";"35 - 64 лет";"Россия";"Неделя";"1";"индекс";"0"
"2021-10-03";141.4312299145;"A";"Данные СберИндекса";"Категории товаров";"35 - 64 лет";"Россия";"Неделя";"1";"индекс";"0"
"2021-10-10";140.777971717;"A";"Данные СберИндекса";"Категории товаров";"35 - 64 лет";"Россия";"Неделя";"1";"индекс";"0"
"2021-10-17";138.7790440084;"A";"Данные СберИндекса";"Категории товаров";"35 - 64 лет";"Россия";"Неделя";"1";"индекс";"0"
"2021-10-24";141.5746994271;"A";"Данные СберИндекса";"Категории товаров";"35 - 64 лет";"Россия";"Неделя";"1";"индекс";"0"
"2021-10-31";130.0967195519;"A";"Данные СберИндекса";"Категории товаров";"35 - 64 лет";"Россия";"Неделя";"1";"индекс";"0"
"2021-11-07";111.7707100758;"A";"Данные СберИндекса";"Категории товаров";"35 - 64 лет";"Россия";"Неделя";"1";"индекс";"0"
"2021-11-14";151.6246746895;"A";"Данные СберИндекса";"Категории товаров";"35 - 64 лет";"Россия";"Неделя";"1";"индекс";"0"
"2021-11-21";141.8030314116;"A";"Данные СберИндекса";"Категории товаров";"35 - 64 лет";"Россия";"Неделя";"1";"индекс";"0"
"2021-11-28";149.0465999248;"A";"Данные СберИндекса";"Категории товаров";"35 - 64 лет";"Россия";"Неделя";"1";"индекс";"0"
"2021-12-05";140.2462645111;"A";"Данные СберИндекса";"Категории товаров";"35 - 64 лет";"Россия";"Неделя";"1";"индекс";"0"
"2021-12-12";142.3186208291;"A";"Данные СберИндекса";"Категории товаров";"35 - 64 лет";"Россия";"Неделя";"1";"индекс";"0"
"2021-12-19";145.2047614898;"A";"Данные СберИндекса";"Категории товаров";"35 - 64 лет";"Россия";"Неделя";"1";"индекс";"0"
"2021-12-26";147.8958016287;"A";"Данные СберИндекса";"Категории товаров";"35 - 64 лет";"Россия";"Неделя";"1";"индекс";"0"
"2022-01-02";125.2231468281;"A";"Данные СберИндекса";"Категории товаров";"35 - 64 лет";"Россия";"Неделя";"1";"индекс";"0"
"2022-01-09";125.5115450088;"A";"Данные СберИндекса";"Категории товаров";"35 - 64 лет";"Россия";"Неделя";"1";"индекс";"0"
"2022-01-16";127.975694141;"A";"Данные СберИндекса";"Категории товаров";"35 - 64 лет";"Россия";"Неделя";"1";"индекс";"0"
"2022-01-23";126.9351987641;"A";"Данные СберИндекса";"Категории товаров";"35 - 64 лет";"Россия";"Неделя";"1";"индекс";"0"
"2022-01-30";120.8120275901;"A";"Данные СберИндекса";"Категории товаров";"35 - 64 лет";"Россия";"Неделя";"1";"индекс";"0"
"2022-02-06";123.7973701095;"A";"Данные СберИндекса";"Категории товаров";"35 - 64 лет";"Россия";"Неделя";"1";"индекс";"0"
"2022-02-13";130.3227342514;"A";"Данные СберИндекса";"Категории товаров";"35 - 64 лет";"Россия";"Неделя";"1";"индекс";"0"
"2022-02-20";139.0399653788;"A";"Данные СберИндекса";"Категории товаров";"35 - 64 лет";"Россия";"Неделя";"1";"индекс";"0"
"2022-02-27";148.1685934347;"A";"Данные СберИндекса";"Категории товаров";"35 - 64 лет";"Россия";"Неделя";"1";"индекс";"0"
"2022-03-06";158.6972028391;"A";"Данные СберИндекса";"Категории товаров";"35 - 64 лет";"Россия";"Неделя";"1";"индекс";"0"
"2022-03-13";138.0991903252;"A";"Данные СберИндекса";"Категории товаров";"35 - 64 лет";"Россия";"Неделя";"1";"индекс";"0"
"2022-03-20";130.8653717479;"A";"Данные СберИндекса";"Категории товаров";"35 - 64 лет";"Россия";"Неделя";"1";"индекс";"0"
"2022-03-27";123.9618351449;"A";"Данные СберИндекса";"Категории товаров";"35 - 64 лет";"Россия";"Неделя";"1";"индекс";"0"
"2022-04-03";118.1878474976;"A";"Данные СберИндекса";"Категории товаров";"35 - 64 лет";"Россия";"Неделя";"1";"индекс";"0"
"2022-04-10";124.3193504716;"A";"Данные СберИндекса";"Категории товаров";"35 - 64 лет";"Россия";"Неделя";"1";"индекс";"0"
"2022-04-17";123.7617427722;"A";"Данные СберИндекса";"Категории товаров";"35 - 64 лет";"Россия";"Неделя";"1";"индекс";"0"
"2022-04-24";109.7346187451;"A";"Данные СберИндекса";"Категории товаров";"35 - 64 лет";"Россия";"Неделя";"1";"индекс";"0"
"2022-05-01";114.8081483653;"A";"Данные СберИндекса";"Категории товаров";"35 - 64 лет";"Россия";"Неделя";"1";"индекс";"0"
"2022-05-08";108.24963414;"A";"Данные СберИндекса";"Категории товаров";"35 - 64 лет";"Россия";"Неделя";"1";"индекс";"0"
"2022-05-15";108.2841234399;"A";"Данные СберИндекса";"Категории товаров";"35 - 64 лет";"Россия";"Неделя";"1";"индекс";"0"
"2022-05-22";119.2112518815;"A";"Данные СберИндекса";"Категории товаров";"35 - 64 лет";"Россия";"Неделя";"1";"индекс";"0"
"2022-05-29";118.0234976256;"A";"Данные СберИндекса";"Категории товаров";"35 - 64 лет";"Россия";"Неделя";"1";"индекс";"0"
"2022-06-05";120.5592904766;"A";"Данные СберИндекса";"Категории товаров";"35 - 64 лет";"Россия";"Неделя";"1";"индекс";"0"
"2022-06-12";124.1542681792;"A";"Данные СберИндекса";"Категории товаров";"35 - 64 лет";"Россия";"Неделя";"1";"индекс";"0"
"2022-06-19";123.0763233306;"A";"Данные СберИндекса";"Категории товаров";"35 - 64 лет";"Россия";"Неделя";"1";"индекс";"0"
"2022-06-26";121.3535379094;"A";"Данные СберИндекса";"Категории товаров";"35 - 64 лет";"Россия";"Неделя";"1";"индекс";"0"
"2022-07-03";124.1285510054;"A";"Данные СберИндекса";"Категории товаров";"35 - 64 лет";"Россия";"Неделя";"1";"индекс";"0"
"2022-07-10";127.2932038273;"A";"Данные СберИндекса";"Категории товаров";"35 - 64 лет";"Россия";"Неделя";"1";"индекс";"0"
"2022-07-17";127.4738482419;"A";"Данные СберИндекса";"Категории товаров";"35 - 64 лет";"Россия";"Неделя";"1";"индекс";"0"
"2022-07-24";126.6002950633;"A";"Данные СберИндекса";"Категории товаров";"35 - 64 лет";"Россия";"Неделя";"1";"индекс";"0"
"2022-07-31";124.5111752465;"A";"Данные СберИндекса";"Категории товаров";"35 - 64 лет";"Россия";"Неделя";"1";"индекс";"0"
"2022-08-07";125.7136473152;"A";"Данные СберИндекса";"Категории товаров";"35 - 64 лет";"Россия";"Неделя";"1";"индекс";"0"
"2022-08-14";131.2681196223;"A";"Данные СберИндекса";"Категории товаров";"35 - 64 лет";"Россия";"Неделя";"1";"индекс";"0"
"2022-08-21";133.7604082178;"A";"Данные СберИндекса";"Категории товаров";"35 - 64 лет";"Россия";"Неделя";"1";"индекс";"0"
"2022-08-28";129.6399511352;"A";"Данные СберИндекса";"Категории товаров";"35 - 64 лет";"Россия";"Неделя";"1";"индекс";"0"
"2022-09-04";130.1554021052;"A";"Данные СберИндекса";"Категории товаров";"35 - 64 лет";"Россия";"Неделя";"1";"индекс";"0"
"2022-09-11";133.5013429862;"A";"Данные СберИндекса";"Категории товаров";"35 - 64 лет";"Россия";"Неделя";"1";"индекс";"0"
"2022-09-18";130.0626693839;"A";"Данные СберИндекса";"Категории товаров";"35 - 64 лет";"Россия";"Неделя";"1";"индекс";"0"
"2022-09-25";128.0644760013;"A";"Данные СберИндекса";"Категории товаров";"35 - 64 лет";"Россия";"Неделя";"1";"индекс";"0"
"2022-10-02";118.074534435;"A";"Данные СберИндекса";"Категории товаров";"35 - 64 лет";"Россия";"Неделя";"1";"индекс";"0"
"2022-10-09";118.2266280907;"A";"Данные СберИндекса";"Категории товаров";"35 - 64 лет";"Россия";"Неделя";"1";"индекс";"0"
"2022-10-16";122.1834258378;"A";"Данные СберИндекса";"Категории товаров";"35 - 64 лет";"Россия";"Неделя";"1";"индекс";"0"
"2022-10-23";121.8834523929;"A";"Данные СберИндекса";"Категории товаров";"35 - 64 лет";"Россия";"Неделя";"1";"индекс";"0"
"2022-10-30";124.2711314438;"A";"Данные СберИндекса";"Категории товаров";"35 - 64 лет";"Россия";"Неделя";"1";"индекс";"0"
"2022-11-06";128.3942876486;"A";"Данные СберИндекса";"Категории товаров";"35 - 64 лет";"Россия";"Неделя";"1";"индекс";"0"
"2022-11-13";131.3149217298;"A";"Данные СберИндекса";"Категории товаров";"35 - 64 лет";"Россия";"Неделя";"1";"индекс";"0"
"2022-11-20";132.8613369075;"A";"Данные СберИндекса";"Категории товаров";"35 - 64 лет";"Россия";"Неделя";"1";"индекс";"0"
"2022-11-27";136.6834822563;"A";"Данные СберИндекса";"Категории товаров";"35 - 64 лет";"Россия";"Неделя";"1";"индекс";"0"
"2022-12-04";128.7185218333;"A";"Данные СберИндекса";"Категории товаров";"35 - 64 лет";"Россия";"Неделя";"1";"индекс";"0"
"2022-12-11";122.3976276941;"A";"Данные СберИндекса";"Категории товаров";"35 - 64 лет";"Россия";"Неделя";"1";"индекс";"0"
"2022-12-18";122.0653227837;"A";"Данные СберИндекса";"Категории товаров";"35 - 64 лет";"Россия";"Неделя";"1";"индекс";"0"
"2022-12-25";124.4041099016;"A";"Данные СберИндекса";"Категории товаров";"35 - 64 лет";"Россия";"Неделя";"1";"индекс";"0"
"2023-01-01";117.7387081888;"A";"Данные СберИндекса";"Категории товаров";"35 - 64 лет";"Россия";"Неделя";"1";"индекс";"0"
"2023-01-08";112.8229044505;"A";"Данные СберИндекса";"Категории товаров";"35 - 64 лет";"Россия";"Неделя";"1";"индекс";"0"
"2023-01-15";116.0842918512;"A";"Данные СберИндекса";"Категории товаров";"35 - 64 лет";"Россия";"Неделя";"1";"индекс";"0"
"2023-01-22";114.8413861757;"A";"Данные СберИндекса";"Категории товаров";"35 - 64 лет";"Россия";"Неделя";"1";"индекс";"0"
"2023-01-29";118.1795300292;"A";"Данные СберИндекса";"Категории товаров";"35 - 64 лет";"Россия";"Неделя";"1";"индекс";"0"
"2023-02-05";118.8299553439;"A";"Данные СберИндекса";"Категории товаров";"35 - 64 лет";"Россия";"Неделя";"1";"индекс";"0"
"2023-02-12";116.8052539608;"A";"Данные СберИндекса";"Категории товаров";"35 - 64 лет";"Россия";"Неделя";"1";"индекс";"0"
"2023-02-19";122.8021693182;"A";"Данные СберИндекса";"Категории товаров";"35 - 64 лет";"Россия";"Неделя";"1";"индекс";"0"
"2023-02-26";118.7048615692;"A";"Данные СберИндекса";"Категории товаров";"35 - 64 лет";"Россия";"Неделя";"1";"индекс";"0"
"2023-03-05";124.9821667733;"A";"Данные СберИндекса";"Категории товаров";"35 - 64 лет";"Россия";"Неделя";"1";"индекс";"0"
"2023-03-12";123.3453243639;"A";"Данные СберИндекса";"Категории товаров";"35 - 64 лет";"Россия";"Неделя";"1";"индекс";"0"
"2023-03-19";124.5801295576;"A";"Данные СберИндекса";"Категории товаров";"35 - 64 лет";"Россия";"Неделя";"1";"индекс";"0"
"2023-03-26";125.9863194602;"A";"Данные СберИндекса";"Категории товаров";"35 - 64 лет";"Россия";"Неделя";"1";"индекс";"0"
"2023-04-02";126.6002955408;"A";"Данные СберИндекса";"Категории товаров";"35 - 64 лет";"Россия";"Неделя";"1";"индекс";"0"
"2023-04-09";127.4818064102;"A";"Данные СберИндекса";"Категории товаров";"35 - 64 лет";"Россия";"Неделя";"1";"индекс";"0"
"2023-04-16";121.7923000633;"A";"Данные СберИндекса";"Категории товаров";"35 - 64 лет";"Россия";"Неделя";"1";"индекс";"0"
"2023-04-23";128.8644715282;"A";"Данные СберИндекса";"Категории товаров";"35 - 64 лет";"Россия";"Неделя";"1";"индекс";"0"
"2023-04-30";132.3212871481;"A";"Данные СберИндекса";"Категории товаров";"35 - 64 лет";"Россия";"Неделя";"1";"индекс";"0"
"2023-05-07";121.3488745051;"A";"Данные СберИндекса";"Категории товаров";"35 - 64 лет";"Россия";"Неделя";"1";"индекс";"0"
"2023-05-14";119.0465665947;"A";"Данные СберИндекса";"Категории товаров";"35 - 64 лет";"Россия";"Неделя";"1";"индекс";"0"
"2023-05-21";131.4212133628;"A";"Данные СберИндекса";"Категории товаров";"35 - 64 лет";"Россия";"Неделя";"1";"индекс";"0"
"2023-05-28";130.0814061375;"A";"Данные СберИндекса";"Категории товаров";"35 - 64 лет";"Россия";"Неделя";"1";"индекс";"0"
"2023-06-04";127.4985097981;"A";"Данные СберИндекса";"Категории товаров";"35 - 64 лет";"Россия";"Неделя";"1";"индекс";"0"
"2023-06-11";130.0836806936;"A";"Данные СберИндекса";"Категории товаров";"35 - 64 лет";"Россия";"Неделя";"1";"индекс";"0"
"2023-06-18";128.6900089679;"A";"Данные СберИндекса";"Категории товаров";"35 - 64 лет";"Россия";"Неделя";"1";"индекс";"0"
"2023-06-25";131.239622093;"A";"Данные СберИндекса";"Категории товаров";"35 - 64 лет";"Россия";"Неделя";"1";"индекс";"0"
"2023-07-02";134.6504828138;"A";"Данные СберИндекса";"Категории товаров";"35 - 64 лет";"Россия";"Неделя";"1";"индекс";"0"
"2023-07-09";137.2772567993;"A";"Данные СберИндекса";"Категории товаров";"35 - 64 лет";"Россия";"Неделя";"1";"индекс";"0"
"2023-07-16";140.8611516251;"A";"Данные СберИндекса";"Категории товаров";"35 - 64 лет";"Россия";"Неделя";"1";"индекс";"0"
"2023-07-23";136.1320409649;"A";"Данные СберИндекса";"Категории товаров";"35 - 64 лет";"Россия";"Неделя";"1";"индекс";"0"
"2023-07-30";139.7278108182;"A";"Данные СберИндекса";"Категории товаров";"35 - 64 лет";"Россия";"Неделя";"1";"индекс";"0"
"2023-08-06";140.7816941413;"A";"Данные СберИндекса";"Категории товаров";"35 - 64 лет";"Россия";"Неделя";"1";"индекс";"0"
"2023-08-13";147.6088014662;"A";"Данные СберИндекса";"Категории товаров";"35 - 64 лет";"Россия";"Неделя";"1";"индекс";"0"
"2023-08-20";151.2046839276;"A";"Данные СберИндекса";"Категории товаров";"35 - 64 лет";"Россия";"Неделя";"1";"индекс";"0"
"2023-08-27";149.7213750952;"A";"Данные СберИндекса";"Категории товаров";"35 - 64 лет";"Россия";"Неделя";"1";"индекс";"0"
"2023-09-03";145.7057315657;"A";"Данные СберИндекса";"Категории товаров";"35 - 64 лет";"Россия";"Неделя";"1";"индекс";"0"
"2023-09-10";138.102927826;"A";"Данные СберИндекса";"Категории товаров";"35 - 64 лет";"Россия";"Неделя";"1";"индекс";"0"
"2023-09-17";140.4526035803;"A";"Данные СберИндекса";"Категории товаров";"35 - 64 лет";"Россия";"Неделя";"1";"индекс";"0"
"2023-09-24";136.4532723788;"A";"Данные СберИндекса";"Категории товаров";"35 - 64 лет";"Россия";"Неделя";"1";"индекс";"0"
"2023-10-01";138.7128831055;"A";"Данные СберИндекса";"Категории товаров";"35 - 64 лет";"Россия";"Неделя";"1";"индекс";"0"
"2023-10-08";140.265610395;"A";"Данные СберИндекса";"Категории товаров";"35 - 64 лет";"Россия";"Неделя";"1";"индекс";"0"
"2023-10-15";144.5615690184;"A";"Данные СберИндекса";"Категории товаров";"35 - 64 лет";"Россия";"Неделя";"1";"индекс";"0"
"2023-10-22";143.4488016489;"A";"Данные СберИндекса";"Категории товаров";"35 - 64 лет";"Россия";"Неделя";"1";"индекс";"0"
"2023-10-29";147.0349865817;"A";"Данные СберИндекса";"Категории товаров";"35 - 64 лет";"Россия";"Неделя";"1";"индекс";"0"
"2023-11-05";141.5323481467;"A";"Данные СберИндекса";"Категории товаров";"35 - 64 лет";"Россия";"Неделя";"1";"индекс";"0"
"2023-11-12";144.4912197949;"A";"Данные СберИндекса";"Категории товаров";"35 - 64 лет";"Россия";"Неделя";"1";"индекс";"0"
"2023-11-19";142.3708678224;"A";"Данные СберИндекса";"Категории товаров";"35 - 64 лет";"Россия";"Неделя";"1";"индекс";"0"
"2023-11-26";148.6317058598;"A";"Данные СберИндекса";"Категории товаров";"35 - 64 лет";"Россия";"Неделя";"1";"индекс";"0"
"2023-12-03";137.574887836;"A";"Данные СберИндекса";"Категории товаров";"35 - 64 лет";"Россия";"Неделя";"1";"индекс";"0"
"2023-12-10";135.3956296039;"A";"Данные СберИндекса";"Категории товаров";"35 - 64 лет";"Россия";"Неделя";"1";"индекс";"0"
"2023-12-17";134.3448192837;"A";"Данные СберИндекса";"Категории товаров";"35 - 64 лет";"Россия";"Неделя";"1";"индекс";"0"
"2023-12-24";135.6189677073;"A";"Данные СберИндекса";"Категории товаров";"35 - 64 лет";"Россия";"Неделя";"1";"индекс";"0"
"2023-12-31";138.5901236741;"A";"Данные СберИндекса";"Категории товаров";"35 - 64 лет";"Россия";"Неделя";"1";"индекс";"0"
"2024-01-07";115.5804249339;"A";"Данные СберИндекса";"Категории товаров";"35 - 64 лет";"Россия";"Неделя";"1";"индекс";"0"
"2024-01-14";127.963715616;"A";"Данные СберИндекса";"Категории товаров";"35 - 64 лет";"Россия";"Неделя";"1";"индекс";"0"
"2024-01-21";124.3526807057;"A";"Данные СберИндекса";"Категории товаров";"35 - 64 лет";"Россия";"Неделя";"1";"индекс";"0"
"2024-01-28";126.8678745624;"A";"Данные СберИндекса";"Категории товаров";"35 - 64 лет";"Россия";"Неделя";"1";"индекс";"0"
"2024-02-04";127.0560080703;"A";"Данные СберИндекса";"Категории товаров";"35 - 64 лет";"Россия";"Неделя";"1";"индекс";"0"
"2024-02-11";129.6066234875;"A";"Данные СберИндекса";"Категории товаров";"35 - 64 лет";"Россия";"Неделя";"1";"индекс";"0"
"2024-02-18";131.5906879332;"A";"Данные СберИндекса";"Категории товаров";"35 - 64 лет";"Россия";"Неделя";"1";"индекс";"0"
"2024-02-25";129.6927822644;"A";"Данные СберИндекса";"Категории товаров";"35 - 64 лет";"Россия";"Неделя";"1";"индекс";"0"
"2024-03-03";137.7007338358;"A";"Данные СберИндекса";"Категории товаров";"35 - 64 лет";"Россия";"Неделя";"1";"индекс";"0"
"2024-03-10";136.7219405586;"A";"Данные СберИндекса";"Категории товаров";"35 - 64 лет";"Россия";"Неделя";"1";"индекс";"0"
"2024-03-17";135.1382717081;"A";"Данные СберИндекса";"Категории товаров";"35 - 64 лет";"Россия";"Неделя";"1";"индекс";"0"
"2024-03-24";134.3332671087;"A";"Данные СберИндекса";"Категории товаров";"35 - 64 лет";"Россия";"Неделя";"1";"индекс";"0"
"2024-03-31";136.3270035771;"A";"Данные СберИндекса";"Категории товаров";"35 - 64 лет";"Россия";"Неделя";"1";"индекс";"0"
"2024-04-07";134.5969439031;"A";"Данные СберИндекса";"Категории товаров";"35 - 64 лет";"Россия";"Неделя";"1";"индекс";"0"
"2024-04-14";136.5883698703;"A";"Данные СберИндекса";"Категории товаров";"35 - 64 лет";"Россия";"Неделя";"1";"индекс";"0"
"2024-04-21";136.5849008834;"A";"Данные СберИндекса";"Категории товаров";"35 - 64 лет";"Россия";"Неделя";"1";"индекс";"0"
"2024-04-28";139.3540789624;"A";"Данные СберИндекса";"Категории товаров";"35 - 64 лет";"Россия";"Неделя";"1";"индекс";"0"
"2024-05-05";122.407594593;"A";"Данные СберИндекса";"Категории товаров";"35 - 64 лет";"Россия";"Неделя";"1";"индекс";"0"
"2024-05-12";125.8131137096;"A";"Данные СберИндекса";"Категории товаров";"35 - 64 лет";"Россия";"Неделя";"1";"индекс";"0"
"2024-05-19";143.1564308788;"A";"Данные СберИндекса";"Категории товаров";"35 - 64 лет";"Россия";"Неделя";"1";"индекс";"0"
"2024-05-26";142.6064487058;"A";"Данные СберИндекса";"Категории товаров";"35 - 64 лет";"Россия";"Неделя";"1";"индекс";"0"
"2024-06-02";140.4316664576;"A";"Данные СберИндекса";"Категории товаров";"35 - 64 лет";"Россия";"Неделя";"1";"индекс";"0"
"2024-06-09";143.6504028738;"A";"Данные СберИндекса";"Категории товаров";"35 - 64 лет";"Россия";"Неделя";"1";"индекс";"0"
"2024-06-16";143.1124566333;"A";"Данные СберИндекса";"Категории товаров";"35 - 64 лет";"Россия";"Неделя";"1";"индекс";"0"
"2024-06-23";144.8874749747;"A";"Данные СберИндекса";"Категории товаров";"35 - 64 лет";"Россия";"Неделя";"1";"индекс";"0"
"2024-06-30";152.6851150591;"A";"Данные СберИндекса";"Категории товаров";"35 - 64 лет";"Россия";"Неделя";"1";"индекс";"0"
"2024-07-07";148.1451565865;"A";"Данные СберИндекса";"Категории товаров";"35 - 64 лет";"Россия";"Неделя";"1";"индекс";"0"
"2024-07-14";156.0036829028;"A";"Данные СберИндекса";"Категории товаров";"35 - 64 лет";"Россия";"Неделя";"1";"индекс";"0"
"2024-07-21";153.2682282934;"A";"Данные СберИндекса";"Категории товаров";"35 - 64 лет";"Россия";"Неделя";"1";"индекс";"0"
"2024-07-28";152.880362874;"A";"Данные СберИндекса";"Категории товаров";"35 - 64 лет";"Россия";"Неделя";"1";"индекс";"0"
"2024-08-04";150.2844471809;"A";"Данные СберИндекса";"Категории товаров";"35 - 64 лет";"Россия";"Неделя";"1";"индекс";"0"
"2024-08-11";152.1757442573;"A";"Данные СберИндекса";"Категории товаров";"35 - 64 лет";"Россия";"Неделя";"1";"индекс";"0"
"2024-08-18";154.1969805769;"A";"Данные СберИндекса";"Категории товаров";"35 - 64 лет";"Россия";"Неделя";"1";"индекс";"0"
"2024-08-25";151.9911889077;"A";"Данные СберИндекса";"Категории товаров";"35 - 64 лет";"Россия";"Неделя";"1";"индекс";"0"
"2024-09-01";153.173898216;"A";"Данные СберИндекса";"Категории товаров";"35 - 64 лет";"Россия";"Неделя";"1";"индекс";"0"
"2024-09-08";143.6544109639;"A";"Данные СберИндекса";"Категории товаров";"35 - 64 лет";"Россия";"Неделя";"1";"индекс";"0"
"2024-09-15";150.3633298808;"A";"Данные СберИндекса";"Категории товаров";"35 - 64 лет";"Россия";"Неделя";"1";"индекс";"0"
"2024-09-22";153.5145259611;"A";"Данные СберИндекса";"Категории товаров";"35 - 64 лет";"Россия";"Неделя";"1";"индекс";"0"
"2024-09-29";155.2542506456;"A";"Данные СберИндекса";"Категории товаров";"35 - 64 лет";"Россия";"Неделя";"1";"индекс";"0"
"2024-10-06";157.6639971081;"A";"Данные СберИндекса";"Категории товаров";"35 - 64 лет";"Россия";"Неделя";"1";"индекс";"0"
"2024-10-13";161.9526300733;"A";"Данные СберИндекса";"Категории товаров";"35 - 64 лет";"Россия";"Неделя";"1";"индекс";"0"
"2024-10-20";160.803660353;"A";"Данные СберИндекса";"Категории товаров";"35 - 64 лет";"Россия";"Неделя";"1";"индекс";"0"
"2024-10-27";154.5988470887;"A";"Данные СберИндекса";"Категории товаров";"35 - 64 лет";"Россия";"Неделя";"1";"индекс";"0"
"2024-11-03";150.5086053622;"A";"Данные СберИндекса";"Категории товаров";"35 - 64 лет";"Россия";"Неделя";"1";"индекс";"0"
"2024-11-10";147.2158789882;"A";"Данные СберИндекса";"Категории товаров";"35 - 64 лет";"Россия";"Неделя";"1";"индекс";"0"
"2024-11-17";148.7528412952;"A";"Данные СберИндекса";"Категории товаров";"35 - 64 лет";"Россия";"Неделя";"1";"индекс";"0"
"2024-11-24";140.4751479402;"A";"Данные СберИндекса";"Категории товаров";"35 - 64 лет";"Россия";"Неделя";"1";"индекс";"0"
"2024-12-01";150.0417762318;"A";"Данные СберИндекса";"Категории товаров";"35 - 64 лет";"Россия";"Неделя";"1";"индекс";"0"
"2024-12-08";148.2820729081;"A";"Данные СберИндекса";"Категории товаров";"35 - 64 лет";"Россия";"Неделя";"1";"индекс";"0"
"2024-12-15";151.1220829756;"A";"Данные СберИндекса";"Категории товаров";"35 - 64 лет";"Россия";"Неделя";"1";"индекс";"0"
"2024-12-22";148.5832144046;"A";"Данные СберИндекса";"Категории товаров";"35 - 64 лет";"Россия";"Неделя";"1";"индекс";"0"
"2024-12-29";158.0888146528;"A";"Данные СберИндекса";"Категории товаров";"35 - 64 лет";"Россия";"Неделя";"1";"индекс";"0"
"2025-01-05";115.1800195636;"A";"Данные СберИндекса";"Категории товаров";"35 - 64 лет";"Россия";"Неделя";"1";"индекс";"0"
"2025-01-12";127.9083690713;"A";"Данные СберИндекса";"Категории товаров";"35 - 64 лет";"Россия";"Неделя";"1";"индекс";"0"
"2025-01-19";135.9300789004;"A";"Данные СберИндекса";"Категории товаров";"35 - 64 лет";"Россия";"Неделя";"1";"индекс";"0"
"2025-01-26";134.9710495182;"A";"Данные СберИндекса";"Категории товаров";"35 - 64 лет";"Россия";"Неделя";"1";"индекс";"0"
"2025-02-02";132.1356379712;"A";"Данные СберИндекса";"Категории товаров";"35 - 64 лет";"Россия";"Неделя";"1";"индекс";"0"
"2025-02-09";134.038222399;"A";"Данные СберИндекса";"Категории товаров";"35 - 64 лет";"Россия";"Неделя";"1";"индекс";"0"
"2025-02-16";144.3007329831;"A";"Данные СберИндекса";"Категории товаров";"35 - 64 лет";"Россия";"Неделя";"1";"индекс";"0"
"2025-02-23";136.6795164906;"A";"Данные СберИндекса";"Категории товаров";"35 - 64 лет";"Россия";"Неделя";"1";"индекс";"0"
"2025-03-02";139.3413946806;"A";"Данные СберИндекса";"Категории товаров";"35 - 64 лет";"Россия";"Неделя";"1";"индекс";"0"
"2025-03-09";145.2428012536;"A";"Данные СберИндекса";"Категории товаров";"35 - 64 лет";"Россия";"Неделя";"1";"индекс";"0"
"2025-03-16";148.4014793394;"A";"Данные СберИндекса";"Категории товаров";"35 - 64 лет";"Россия";"Неделя";"1";"индекс";"0"
"2025-03-23";143.6785141274;"A";"Данные СберИндекса";"Категории товаров";"35 - 64 лет";"Россия";"Неделя";"1";"индекс";"0"
"2025-03-30";144.7853916909;"A";"Данные СберИндекса";"Категории товаров";"35 - 64 лет";"Россия";"Неделя";"1";"индекс";"0"
"2025-04-06";144.3825784543;"A";"Данные СберИндекса";"Категории товаров";"35 - 64 лет";"Россия";"Неделя";"1";"индекс";"0"
"2025-04-13";143.1164793529;"A";"Данные СберИндекса";"Категории товаров";"35 - 64 лет";"Россия";"Неделя";"1";"индекс";"0"
"2025-04-20";136.2090376657;"A";"Данные СберИндекса";"Категории товаров";"35 - 64 лет";"Россия";"Неделя";"1";"индекс";"0"
"2025-04-27";147.2833639211;"A";"Данные СберИндекса";"Категории товаров";"35 - 64 лет";"Россия";"Неделя";"1";"индекс";"0"
"2025-05-04";132.6439645802;"A";"Данные СберИндекса";"Категории товаров";"35 - 64 лет";"Россия";"Неделя";"1";"индекс";"0"
"2025-05-11";127.0699534068;"A";"Данные СберИндекса";"Категории товаров";"35 - 64 лет";"Россия";"Неделя";"1";"индекс";"0"
"2025-05-18";144.7664991873;"A";"Данные СберИндекса";"Категории товаров";"35 - 64 лет";"Россия";"Неделя";"1";"индекс";"0"
"2025-05-25";142.2961446021;"A";"Данные СберИндекса";"Категории товаров";"35 - 64 лет";"Россия";"Неделя";"1";"индекс";"0"
"2025-06-01";142.5965475594;"A";"Данные СберИндекса";"Категории товаров";"35 - 64 лет";"Россия";"Неделя";"1";"индекс";"0"
"2025-06-08";141.1958510476;"A";"Данные СберИндекса";"Категории товаров";"35 - 64 лет";"Россия";"Неделя";"1";"индекс";"0"
"2025-06-15";138.5777051572;"A";"Данные СберИндекса";"Категории товаров";"35 - 64 лет";"Россия";"Неделя";"1";"индекс";"0"
"2025-06-22";145.8653013313;"A";"Данные СберИндекса";"Категории товаров";"35 - 64 лет";"Россия";"Неделя";"1";"индекс";"0"
"2025-06-29";146.6233246746;"A";"Данные СберИндекса";"Категории товаров";"35 - 64 лет";"Россия";"Неделя";"1";"индекс";"0"
"2025-07-06";150.9927275408;"A";"Данные СберИндекса";"Категории товаров";"35 - 64 лет";"Россия";"Неделя";"1";"индекс";"0"
"2025-07-13";148.9873406761;"A";"Данные СберИндекса";"Категории товаров";"35 - 64 лет";"Россия";"Неделя";"1";"индекс";"0"
"2025-07-20";154.8522988757;"A";"Данные СберИндекса";"Категории товаров";"35 - 64 лет";"Россия";"Неделя";"1";"индекс";"0"
"2025-07-27";148.0150547966;"A";"Данные СберИндекса";"Категории товаров";"35 - 64 лет";"Россия";"Неделя";"1";"индекс";"0"
"2025-08-03";147.172725033;"A";"Данные СберИндекса";"Категории товаров";"35 - 64 лет";"Россия";"Неделя";"1";"индекс";"0"
"2025-08-10";157.6378653582;"A";"Данные СберИндекса";"Категории товаров";"35 - 64 лет";"Россия";"Неделя";"1";"индекс";"0"
"2025-08-17";162.3423242331;"A";"Данные СберИндекса";"Категории товаров";"35 - 64 лет";"Россия";"Неделя";"1";"индекс";"0"
"2025-08-24";163.6454920449;"A";"Данные СберИндекса";"Категории товаров";"35 - 64 лет";"Россия";"Неделя";"1";"индекс";"0"
"2025-08-31";164.9918476572;"A";"Данные СберИндекса";"Категории товаров";"35 - 64 лет";"Россия";"Неделя";"1";"индекс";"0"
"2025-09-07";152.1409789382;"A";"Данные СберИндекса";"Категории товаров";"35 - 64 лет";"Россия";"Неделя";"1";"индекс";"0"
"2025-09-14";154.1433963871;"A";"Данные СберИндекса";"Категории товаров";"35 - 64 лет";"Россия";"Неделя";"1";"индекс";"0"
"2025-09-21";159.3132817148;"A";"Данные СберИндекса";"Категории товаров";"35 - 64 лет";"Россия";"Неделя";"1";"индекс";"0"
"2025-09-28";155.2177052349;"A";"Данные СберИндекса";"Категории товаров";"35 - 64 лет";"Россия";"Неделя";"1";"индекс";"0"
"2025-10-05";164.3887890213;"A";"Данные СберИндекса";"Категории товаров";"35 - 64 лет";"Россия";"Неделя";"1";"индекс";"0"
"2025-10-12";161.1603095907;"A";"Данные СберИндекса";"Категории товаров";"35 - 64 лет";"Россия";"Неделя";"1";"индекс";"0"
"2025-10-19";162.049418184;"A";"Данные СберИндекса";"Категории товаров";"35 - 64 лет";"Россия";"Неделя";"1";"индекс";"0"
"2025-10-26";158.0649803145;"A";"Данные СберИндекса";"Категории товаров";"35 - 64 лет";"Россия";"Неделя";"1";"индекс";"0"
"2025-11-02";155.0548828729;"A";"Данные СберИндекса";"Категории товаров";"35 - 64 лет";"Россия";"Неделя";"1";"индекс";"0"
"2025-11-09";149.2117086044;"A";"Данные СберИндекса";"Категории товаров";"35 - 64 лет";"Россия";"Неделя";"1";"индекс";"0"
"2025-11-16";163.0181633748;"A";"Данные СберИндекса";"Категории товаров";"35 - 64 лет";"Россия";"Неделя";"1";"индекс";"0"
"2025-11-23";156.9022469012;"A";"Данные СберИндекса";"Категории товаров";"35 - 64 лет";"Россия";"Неделя";"1";"индекс";"0"
"2025-11-30";159.3434346041;"A";"Данные СберИндекса";"Категории товаров";"35 - 64 лет";"Россия";"Неделя";"1";"индекс";"0"
"2025-12-07";157.8969519682;"A";"Данные СберИндекса";"Категории товаров";"35 - 64 лет";"Россия";"Неделя";"1";"индекс";"0"
"2025-12-14";156.7900979784;"A";"Данные СберИндекса";"Категории товаров";"35 - 64 лет";"Россия";"Неделя";"1";"индекс";"0"
"2025-12-21";156.4216506397;"A";"Данные СберИндекса";"Категории товаров";"35 - 64 лет";"Россия";"Неделя";"1";"индекс";"0"
"2025-12-28";161.2141910331;"A";"Данные СберИндекса";"Категории товаров";"35 - 64 лет";"Россия";"Неделя";"1";"индекс";"0"
"2026-01-04";133.4452880765;"A";"Данные СберИндекса";"Категории товаров";"35 - 64 лет";"Россия";"Неделя";"1";"индекс";"0"
"2026-01-11";130.5371851338;"A";"Данные СберИндекса";"Категории товаров";"35 - 64 лет";"Россия";"Неделя";"1";"индекс";"0"
"2026-01-18";142.3686224792;"A";"Данные СберИндекса";"Категории товаров";"35 - 64 лет";"Россия";"Неделя";"1";"индекс";"0"
"2026-01-25";139.0650451094;"A";"Данные СберИндекса";"Категории товаров";"35 - 64 лет";"Россия";"Неделя";"1";"индекс";"0"
"2026-02-01";140.7028923345;"A";"Данные СберИндекса";"Категории товаров";"35 - 64 лет";"Россия";"Неделя";"1";"индекс";"0"
"2026-02-08";143.0127052756;"A";"Данные СберИндекса";"Категории товаров";"35 - 64 лет";"Россия";"Неделя";"1";"индекс";"0"
"2026-02-15";146.1179450878;"A";"Данные СберИндекса";"Категории товаров";"35 - 64 лет";"Россия";"Неделя";"1";"индекс";"0"
"2026-02-22";140.5078307792;"A";"Данные СберИндекса";"Категории товаров";"35 - 64 лет";"Россия";"Неделя";"1";"индекс";"0"
"2026-03-01";138.6510474;"A";"Данные СберИндекса";"Категории товаров";"35 - 64 лет";"Россия";"Неделя";"1";"индекс";"0"
"2026-03-08";146.5100764444;"A";"Данные СберИндекса";"Категории товаров";"35 - 64 лет";"Россия";"Неделя";"1";"индекс";"0"
"2026-03-15";147.3682148025;"A";"Данные СберИндекса";"Категории товаров";"35 - 64 лет";"Россия";"Неделя";"1";"индекс";"0"
"2026-03-22";149.6619215486;"A";"Данные СберИндекса";"Категории товаров";"35 - 64 лет";"Россия";"Неделя";"1";"индекс";"0"
"2026-03-29";148.3712125879;"A";"Данные СберИндекса";"Категории товаров";"35 - 64 лет";"Россия";"Неделя";"1";"индекс";"0"
"2026-04-05";148.8709291954;"A";"Данные СберИндекса";"Категории товаров";"35 - 64 лет";"Россия";"Неделя";"1";"индекс";"0"
"2026-04-12";138.2758434755;"A";"Данные СберИндекса";"Категории товаров";"35 - 64 лет";"Россия";"Неделя";"1";"индекс";"0"
"2026-04-19";152.5740607428;"A";"Данные СберИндекса";"Категории товаров";"35 - 64 лет";"Россия";"Неделя";"1";"индекс";"0"
"2026-04-26";147.849188133;"A";"Данные СберИндекса";"Категории товаров";"35 - 64 лет";"Россия";"Неделя";"1";"индекс";"0"
"2026-05-03";139.7656280751;"A";"Данные СберИндекса";"Категории товаров";"35 - 64 лет";"Россия";"Неделя";"1";"индекс";"0"
"2026-05-10";136.2365077934;"A";"Данные СберИндекса";"Категории товаров";"35 - 64 лет";"Россия";"Неделя";"1";"индекс";"0"
"2026-05-17";147.4970387043;"A";"Данные СберИндекса";"Категории товаров";"35 - 64 лет";"Россия";"Неделя";"1";"индекс";"0"
"2026-05-24";150.7810775226;"A";"Данные СберИндекса";"Категории товаров";"35 - 64 лет";"Россия";"Неделя";"1";"индекс";"0"
"2026-05-31";151.7868420986;"A";"Данные СберИндекса";"Категории товаров";"35 - 64 лет";"Россия";"Неделя";"1";"индекс";"0"
"2026-06-07";148.7048309905;"A";"Данные СберИндекса";"Категории товаров";"35 - 64 лет";"Россия";"Неделя";"1";"индекс";"0"
"2026-06-14";150.6968371749;"A";"Данные СберИндекса";"Категории товаров";"35 - 64 лет";"Россия";"Неделя";"1";"индекс";"0"
"2026-06-21";157.7517662681;"A";"Данные СберИндекса";"Категории товаров";"35 - 64 лет";"Россия";"Неделя";"1";"индекс";"0"
"2026-06-28";152.6750312352;"A";"Данные СберИндекса";"Категории товаров";"35 - 64 лет";"Россия";"Неделя";"1";"индекс";"0"
"2026-07-05";152.6129505375;"A";"Данные СберИндекса";"Категории товаров";"35 - 64 лет";"Россия";"Неделя";"1";"индекс";"0"
"2026-07-12";151.7294751848;"A";"Данные СберИндекса";"Категории товаров";"35 - 64 лет";"Россия";"Неделя";"1";"индекс";"0"
"2026-07-19";155.6696147854;"A";"Данные СберИндекса";"Категории товаров";"35 - 64 лет";"Россия";"Неделя";"1";"индекс";"0"
"2026-07-26";151.5615739099;"A";"Данные СберИндекса";"Категории товаров";"35 - 64 лет";"Россия";"Неделя";"1";"индекс";"0"
"2026-08-02";154.1130602483;"A";"Данные СберИндекса";"Категории товаров";"35 - 64 лет";"Россия";"Неделя";"1";"индекс";"0"
"2026-08-09";156.9707103796;"A";"Данные СберИндекса";"Категории товаров";"35 - 64 лет";"Россия";"Неделя";"1";"индекс";"0"
"2026-08-16";166.6519489141;"A";"Данные СберИндекса";"Категории товаров";"35 - 64 лет";"Россия";"Неделя";"1";"индекс";"0"
"2026-08-23";165.4135211992;"A";"Данные СберИндекса";"Категории товаров";"35 - 64 лет";"Россия";"Неделя";"1";"индекс";"0"
"2026-08-30";167.1373014592;"A";"Данные СберИндекса";"Категории товаров";"35 - 64 лет";"Россия";"Неделя";"1";"индекс";"0"
"2026-09-06";160.7733804233;"A";"Данные СберИндекса";"Категории товаров";"35 - 64 лет";"Россия";"Неделя";"1";"индекс";"0"
"2026-09-13";159.7561345621;"A";"Данные СберИндекса";"Категории товаров";"35 - 64 лет";"Россия";"Неделя";"1";"индекс";"0"
"2026-09-20";162.2926337163;"A";"Данные СберИндекса";"Категории товаров";"35 - 64 лет";"Россия";"Неделя";"1";"индекс";"0"
"2026-09-27";165.2131994502;"A";"Данные СберИндекса";"Категории товаров";"35 - 64 лет";"Россия";"Неделя";"1";"индекс";"0"
"2021-01-10";122.6499990131;"A";"Данные СберИндекса";"Категории товаров";"25 - 34 лет";"Россия";"Неделя";"1";"индекс";"0"
"2021-01-17";105.789;"A";"Данные СберИндекса";"Категории товаров";"25 - 34 лет";"Россия";"Неделя";"1";"индекс";"0"
"2021-01-24";121.919727575;"A";"Данные СберИндекса";"Категории товаров";"25 - 34 лет";"Россия";"Неделя";"1";"индекс";"0"
"2021-01-31";118.577259016;"A";"Данные СберИндекса";"Категории товаров";"25 - 34 лет";"Россия";"Неделя";"1";"индекс";"0"
"2021-02-07";118.063865991;"A";"Данные СберИндекса";"Категории товаров";"25 - 34 лет";"Россия";"Неделя";"1";"индекс";"0"
"2021-02-14";127.1578544169;"A";"Данные СберИндекса";"Категории товаров";"25 - 34 лет";"Россия";"Неделя";"1";"индекс";"0"
"2021-02-21";129.340120541;"A";"Данные СберИндекса";"Категории товаров";"25 - 34 лет";"Россия";"Неделя";"1";"индекс";"0"
"2021-02-28";125.232425301;"A";"Данные СберИндекса";"Категории товаров";"25 - 34 лет";"Россия";"Неделя";"1";"индекс";"0"
"2021-03-07";132.7748406386;"A";"Данные СберИндекса";"Категории товаров";"25 - 34 лет";"Россия";"Неделя";"1";"индекс";"0"
"2021-03-14";127.8476796551;"A";"Данные СберИндекса";"Категории товаров";"25 - 34 лет";"Россия";"Неделя";"1";"индекс";"0"
"2021-03-21";127.9953810197;"A";"Данные СберИндекса";"Категории товаров";"25 - 34 лет";"Россия";"Неделя";"1";"индекс";"0"
"2021-03-28";129.7367820034;"A";"Данные СберИндекса";"Категории товаров";"25 - 34 лет";"Россия";"Неделя";"1";"индекс";"0"
"2021-04-04";129.9824879747;"A";"Данные СберИндекса";"Категории товаров";"25 - 34 лет";"Россия";"Неделя";"1";"индекс";"0"
"2021-04-11";131.7583679639;"A";"Данные СберИндекса";"Категории товаров";"25 - 34 лет";"Россия";"Неделя";"1";"индекс";"0"
"2021-04-18";136.0111629536;"A";"Данные СберИндекса";"Категории товаров";"25 - 34 лет";"Россия";"Неделя";"1";"индекс";"0"
"2021-04-25";131.6002629849;"A";"Данные СберИндекса";"Категории товаров";"25 - 34 лет";"Россия";"Неделя";"1";"индекс";"0"
"2021-05-02";125.9909166622;"A";"Данные СберИндекса";"Категории товаров";"25 - 34 лет";"Россия";"Неделя";"1";"индекс";"0"
"2021-05-09";124.1884930255;"A";"Данные СберИндекса";"Категории товаров";"25 - 34 лет";"Россия";"Неделя";"1";"индекс";"0"
"2021-05-16";127.4341766696;"A";"Данные СберИндекса";"Категории товаров";"25 - 34 лет";"Россия";"Неделя";"1";"индекс";"0"
"2021-05-23";129.1755622949;"A";"Данные СберИндекса";"Категории товаров";"25 - 34 лет";"Россия";"Неделя";"1";"индекс";"0"
"2021-05-30";128.2300486569;"A";"Данные СберИндекса";"Категории товаров";"25 - 34 лет";"Россия";"Неделя";"1";"индекс";"0"
"2021-06-06";130.8682622244;"A";"Данные СберИндекса";"Категории товаров";"25 - 34 лет";"Россия";"Неделя";"1";"индекс";"0"
"2021-06-13";132.4104918051;"A";"Данные СберИндекса";"Категории товаров";"25 - 34 лет";"Россия";"Неделя";"1";"индекс";"0"
"2021-06-20";130.3345530463;"A";"Данные СберИндекса";"Категории товаров";"25 - 34 лет";"Россия";"Неделя";"1";"индекс";"0"
"2021-06-27";126.3676290002;"A";"Данные СберИндекса";"Категории товаров";"25 - 34 лет";"Россия";"Неделя";"1";"индекс";"0"
"2021-07-04";131.3810461959;"A";"Данные СберИндекса";"Категории товаров";"25 - 34 лет";"Россия";"Неделя";"1";"индекс";"0"
"2021-07-11";129.2741198976;"A";"Данные СберИндекса";"Категории товаров";"25 - 34 лет";"Россия";"Неделя";"1";"индекс";"0"
"2021-07-18";130.409470731;"A";"Данные СберИндекса";"Категории товаров";"25 - 34 лет";"Россия";"Неделя";"1";"индекс";"0"
"2021-07-25";129.9822294333;"A";"Данные СберИндекса";"Категории товаров";"25 - 34 лет";"Россия";"Неделя";"1";"индекс";"0"
"2021-08-01";130.3039498859;"A";"Данные СберИндекса";"Категории товаров";"25 - 34 лет";"Россия";"Неделя";"1";"индекс";"0"
"2021-08-08";135.964651795;"A";"Данные СберИндекса";"Категории товаров";"25 - 34 лет";"Россия";"Неделя";"1";"индекс";"0"
"2021-08-15";140.7776591744;"A";"Данные СберИндекса";"Категории товаров";"25 - 34 лет";"Россия";"Неделя";"1";"индекс";"0"
"2021-08-22";139.2025051883;"A";"Данные СберИндекса";"Категории товаров";"25 - 34 лет";"Россия";"Неделя";"1";"индекс";"0"
"2021-08-29";139.1061068227;"A";"Данные СберИндекса";"Категории товаров";"25 - 34 лет";"Россия";"Неделя";"1";"индекс";"0"
"2021-09-05";139.4122890312;"A";"Данные СберИндекса";"Категории товаров";"25 - 34 лет";"Россия";"Неделя";"1";"индекс";"0"
"2021-09-12";136.9638757465;"A";"Данные СберИндекса";"Категории товаров";"25 - 34 лет";"Россия";"Неделя";"1";"индекс";"0"
"2021-09-19";142.2452434853;"A";"Данные СберИндекса";"Категории товаров";"25 - 34 лет";"Россия";"Неделя";"1";"индекс";"0"
"2021-09-26";138.4451017829;"A";"Данные СберИндекса";"Категории товаров";"25 - 34 лет";"Россия";"Неделя";"1";"индекс";"0"
"2021-10-03";134.7191518167;"A";"Данные СберИндекса";"Категории товаров";"25 - 34 лет";"Россия";"Неделя";"1";"индекс";"0"
"2021-10-10";134.0755305062;"A";"Данные СберИндекса";"Категории товаров";"25 - 34 лет";"Россия";"Неделя";"1";"индекс";"0"
"2021-10-17";137.7392415642;"A";"Данные СберИндекса";"Категории товаров";"25 - 34 лет";"Россия";"Неделя";"1";"индекс";"0"
"2021-10-24";138.9962949451;"A";"Данные СберИндекса";"Категории товаров";"25 - 34 лет";"Россия";"Неделя";"1";"индекс";"0"
"2021-10-31";128.7539808973;"A";"Данные СберИндекса";"Категории товаров";"25 - 34 лет";"Россия";"Неделя";"1";"индекс";"0"
"2021-11-07";115.4674680053;"A";"Данные СберИндекса";"Категории товаров";"25 - 34 лет";"Россия";"Неделя";"1";"индекс";"0"
"2021-11-14";150.3604316483;"A";"Данные СберИндекса";"Категории товаров";"25 - 34 лет";"Россия";"Неделя";"1";"индекс";"0"
"2021-11-21";144.5239907321;"A";"Данные СберИндекса";"Категории товаров";"25 - 34 лет";"Россия";"Неделя";"1";"индекс";"0"
"2021-11-28";146.4458506733;"A";"Данные СберИндекса";"Категории товаров";"25 - 34 лет";"Россия";"Неделя";"1";"индекс";"0"
"2021-12-05";138.8838918917;"A";"Данные СберИндекса";"Категории товаров";"25 - 34 лет";"Россия";"Неделя";"1";"индекс";"0"
"2021-12-12";141.2272314846;"A";"Данные СберИндекса";"Категории товаров";"25 - 34 лет";"Россия";"Неделя";"1";"индекс";"0"
"2021-12-19";148.1613740344;"A";"Данные СберИндекса";"Категории товаров";"25 - 34 лет";"Россия";"Неделя";"1";"индекс";"0"
"2021-12-26";151.2977989002;"A";"Данные СберИндекса";"Категории товаров";"25 - 34 лет";"Россия";"Неделя";"1";"индекс";"0"
"2022-01-02";134.7493850749;"A";"Данные СберИндекса";"Категории товаров";"25 - 34 лет";"Россия";"Неделя";"1";"индекс";"0"
"2022-01-09";124.0373285397;"A";"Данные СберИндекса";"Категории товаров";"25 - 34 лет";"Россия";"Неделя";"1";"индекс";"0"
"2022-01-16";129.7326747592;"A";"Данные СберИндекса";"Категории товаров";"25 - 34 лет";"Россия";"Неделя";"1";"индекс";"0"
"2022-01-23";124.565979414;"A";"Данные СберИндекса";"Категории товаров";"25 - 34 лет";"Россия";"Неделя";"1";"индекс";"0"
"2022-01-30";120.9371000054;"A";"Данные СберИндекса";"Категории товаров";"25 - 34 лет";"Россия";"Неделя";"1";"индекс";"0"
"2022-02-06";124.5608469107;"A";"Данные СберИндекса";"Категории товаров";"25 - 34 лет";"Россия";"Неделя";"1";"индекс";"0"
"2022-02-13";132.536038338;"A";"Данные СберИндекса";"Категории товаров";"25 - 34 лет";"Россия";"Неделя";"1";"индекс";"0"
"2022-02-20";139.2159240203;"A";"Данные СберИндекса";"Категории товаров";"25 - 34 лет";"Россия";"Неделя";"1";"индекс";"0"
"2022-02-27";142.8751850947;"A";"Данные СберИндекса";"Категории товаров";"25 - 34 лет";"Россия";"Неделя";"1";"индекс";"0"
"2022-03-06";147.8398856282;"A";"Данные СберИндекса";"Категории товаров";"25 - 34 лет";"Россия";"Неделя";"1";"индекс";"0"
"2022-03-13";135.110726208;"A";"Данные СберИндекса";"Категории товаров";"25 - 34 лет";"Россия";"Неделя";"1";"индекс";"0"
"2022-03-20";125.7543016866;"A";"Данные СберИндекса";"Категории товаров";"25 - 34 лет";"Россия";"Неделя";"1";"индекс";"0"
"2022-03-27";118.3472391303;"A";"Данные СберИндекса";"Категории товаров";"25 - 34 лет";"Россия";"Неделя";"1";"индекс";"0"
"2022-04-03";116.0490646857;"A";"Данные СберИндекса";"Категории товаров";"25 - 34 лет";"Россия";"Неделя";"1";"индекс";"0"
"2022-04-10";119.9562695679;"A";"Данные СберИндекса";"Категории товаров";"25 - 34 лет";"Россия";"Неделя";"1";"индекс";"0"
"2022-04-17";123.5009290832;"A";"Данные СберИндекса";"Категории товаров";"25 - 34 лет";"Россия";"Неделя";"1";"индекс";"0"
"2022-04-24";109.898555056;"A";"Данные СберИндекса";"Категории товаров";"25 - 34 лет";"Россия";"Неделя";"1";"индекс";"0"
"2022-05-01";111.881107415;"A";"Данные СберИндекса";"Категории товаров";"25 - 34 лет";"Россия";"Неделя";"1";"индекс";"0"
"2022-05-08";107.3052967586;"A";"Данные СберИндекса";"Категории товаров";"25 - 34 лет";"Россия";"Неделя";"1";"индекс";"0"
"2022-05-15";108.3181685539;"A";"Данные СберИндекса";"Категории товаров";"25 - 34 лет";"Россия";"Неделя";"1";"индекс";"0"
"2022-05-22";117.141049438;"A";"Данные СберИндекса";"Категории товаров";"25 - 34 лет";"Россия";"Неделя";"1";"индекс";"0"
"2022-05-29";113.9367141472;"A";"Данные СберИндекса";"Категории товаров";"25 - 34 лет";"Россия";"Неделя";"1";"индекс";"0"
"2022-06-05";114.5632567785;"A";"Данные СберИндекса";"Категории товаров";"25 - 34 лет";"Россия";"Неделя";"1";"индекс";"0"
"2022-06-12";119.9197150478;"A";"Данные СберИндекса";"Категории товаров";"25 - 34 лет";"Россия";"Неделя";"1";"индекс";"0"
"2022-06-19";117.9529502384;"A";"Данные СберИндекса";"Категории товаров";"25 - 34 лет";"Россия";"Неделя";"1";"индекс";"0"
"2022-06-26";117.1846716682;"A";"Данные СберИндекса";"Категории товаров";"25 - 34 лет";"Россия";"Неделя";"1";"индекс";"0"
"2022-07-03";120.5549053042;"A";"Данные СберИндекса";"Категории товаров";"25 - 34 лет";"Россия";"Неделя";"1";"индекс";"0"
"2022-07-10";124.0902002665;"A";"Данные СберИндекса";"Категории товаров";"25 - 34 лет";"Россия";"Неделя";"1";"индекс";"0"
"2022-07-17";125.0717442078;"A";"Данные СберИндекса";"Категории товаров";"25 - 34 лет";"Россия";"Неделя";"1";"индекс";"0"
"2022-07-24";121.8534622841;"A";"Данные СберИндекса";"Категории товаров";"25 - 34 лет";"Россия";"Неделя";"1";"индекс";"0"
"2022-07-31";118.4221493892;"A";"Данные СберИндекса";"Категории товаров";"25 - 34 лет";"Россия";"Неделя";"1";"индекс";"0"
"2022-08-07";120.9238344795;"A";"Данные СберИндекса";"Категории товаров";"25 - 34 лет";"Россия";"Неделя";"1";"индекс";"0"
"2022-08-14";126.4529925113;"A";"Данные СберИндекса";"Категории товаров";"25 - 34 лет";"Россия";"Неделя";"1";"индекс";"0"
"2022-08-21";127.7553160605;"A";"Данные СберИндекса";"Категории товаров";"25 - 34 лет";"Россия";"Неделя";"1";"индекс";"0"
"2022-08-28";127.2706199779;"A";"Данные СберИндекса";"Категории товаров";"25 - 34 лет";"Россия";"Неделя";"1";"индекс";"0"
"2022-09-04";125.6298421729;"A";"Данные СберИндекса";"Категории товаров";"25 - 34 лет";"Россия";"Неделя";"1";"индекс";"0"
"2022-09-11";131.7955657156;"A";"Данные СберИндекса";"Категории товаров";"25 - 34 лет";"Россия";"Неделя";"1";"индекс";"0"
"2022-09-18";134.1554424541;"A";"Данные СберИндекса";"Категории товаров";"25 - 34 лет";"Россия";"Неделя";"1";"индекс";"0"
"2022-09-25";130.7715184392;"A";"Данные СберИндекса";"Категории товаров";"25 - 34 лет";"Россия";"Неделя";"1";"индекс";"0"
"2022-10-02";120.8473214724;"A";"Данные СберИндекса";"Категории товаров";"25 - 34 лет";"Россия";"Неделя";"1";"индекс";"0"
"2022-10-09";119.5809160178;"A";"Данные СберИндекса";"Категории товаров";"25 - 34 лет";"Россия";"Неделя";"1";"индекс";"0"
"2022-10-16";125.5906551104;"A";"Данные СберИндекса";"Категории товаров";"25 - 34 лет";"Россия";"Неделя";"1";"индекс";"0"
"2022-10-23";126.1423689297;"A";"Данные СберИндекса";"Категории товаров";"25 - 34 лет";"Россия";"Неделя";"1";"индекс";"0"
"2022-10-30";127.5140294801;"A";"Данные СберИндекса";"Категории товаров";"25 - 34 лет";"Россия";"Неделя";"1";"индекс";"0"
"2022-11-06";130.9497301859;"A";"Данные СберИндекса";"Категории товаров";"25 - 34 лет";"Россия";"Неделя";"1";"индекс";"0"
"2022-11-13";134.9193178931;"A";"Данные СберИндекса";"Категории товаров";"25 - 34 лет";"Россия";"Неделя";"1";"индекс";"0"
"2022-11-20";136.4175467273;"A";"Данные СберИндекса";"Категории товаров";"25 - 34 лет";"Россия";"Неделя";"1";"индекс";"0"
"2022-11-27";141.3241906959;"A";"Данные СберИндекса";"Категории товаров";"25 - 34 лет";"Россия";"Неделя";"1";"индекс";"0"
"2022-12-04";130.6854038553;"A";"Данные СберИндекса";"Категории товаров";"25 - 34 лет";"Россия";"Неделя";"1";"индекс";"0"
"2022-12-11";125.4702566917;"A";"Данные СберИндекса";"Категории товаров";"25 - 34 лет";"Россия";"Неделя";"1";"индекс";"0"
"2022-12-18";129.2199126515;"A";"Данные СберИндекса";"Категории товаров";"25 - 34 лет";"Россия";"Неделя";"1";"индекс";"0"
"2022-12-25";133.1207329887;"A";"Данные СберИндекса";"Категории товаров";"25 - 34 лет";"Россия";"Неделя";"1";"индекс";"0"
"2023-01-01";133.4495747336;"A";"Данные СберИндекса";"Категории товаров";"25 - 34 лет";"Россия";"Неделя";"1";"индекс";"0"
"2023-01-08";121.7966221726;"A";"Данные СберИндекса";"Категории товаров";"25 - 34 лет";"Россия";"Неделя";"1";"индекс";"0"
"2023-01-15";123.8040145467;"A";"Данные СберИндекса";"Категории товаров";"25 - 34 лет";"Россия";"Неделя";"1";"индекс";"0"
"2023-01-22";117.454323167;"A";"Данные СберИндекса";"Категории товаров";"25 - 34 лет";"Россия";"Неделя";"1";"индекс";"0"
"2023-01-29";118.9910326567;"A";"Данные СберИндекса";"Категории товаров";"25 - 34 лет";"Россия";"Неделя";"1";"индекс";"0"
"2023-02-05";119.8669550095;"A";"Данные СберИндекса";"Категории товаров";"25 - 34 лет";"Россия";"Неделя";"1";"индекс";"0"
"2023-02-12";122.4639274246;"A";"Данные СберИндекса";"Категории товаров";"25 - 34 лет";"Россия";"Неделя";"1";"индекс";"0"
"2023-02-19";128.3967648581;"A";"Данные СберИндекса";"Категории товаров";"25 - 34 лет";"Россия";"Неделя";"1";"индекс";"0"
"2023-02-26";126.8876354724;"A";"Данные СберИндекса";"Категории товаров";"25 - 34 лет";"Россия";"Неделя";"1";"индекс";"0"
"2023-03-05";130.4824387562;"A";"Данные СберИндекса";"Категории товаров";"25 - 34 лет";"Россия";"Неделя";"1";"индекс";"0"
"2023-03-12";132.8959822366;"A";"Данные СберИндекса";"Категории товаров";"25 - 34 лет";"Россия";"Неделя";"1";"индекс";"0"
"2023-03-19";130.9425472152;"A";"Данные СберИндекса";"Категории товаров";"25 - 34 лет";"Россия";"Неделя";"1";"индекс";"0"
"2023-03-26";129.18960264;"A";"Данные СберИндекса";"Категории товаров";"25 - 34 лет";"Россия";"Неделя";"1";"индекс";"0"
"2023-04-02";128.670503925;"A";"Данные СберИндекса";"Категории товаров";"25 - 34 лет";"Россия";"Неделя";"1";"индекс";"0"
"2023-04-09";126.7320875782;"A";"Данные СберИндекса";"Категории товаров";"25 - 34 лет";"Россия";"Неделя";"1";"индекс";"0"
"2023-04-16";131.830023173;"A";"Данные СберИндекса";"Категории товаров";"25 - 34 лет";"Россия";"Неделя";"1";"индекс";"0"
"2023-04-23";135.6572169524;"A";"Данные СберИндекса";"Категории товаров";"25 - 34 лет";"Россия";"Неделя";"1";"индекс";"0"
"2023-04-30";133.8398486545;"A";"Данные СберИндекса";"Категории товаров";"25 - 34 лет";"Россия";"Неделя";"1";"индекс";"0"
"2023-05-07";126.2038715098;"A";"Данные СберИндекса";"Категории товаров";"25 - 34 лет";"Россия";"Неделя";"1";"индекс";"0"
"2023-05-14";122.8084408341;"A";"Данные СберИндекса";"Категории товаров";"25 - 34 лет";"Россия";"Неделя";"1";"индекс";"0"
"2023-05-21";133.0501012671;"A";"Данные СберИндекса";"Категории товаров";"25 - 34 лет";"Россия";"Неделя";"1";"индекс";"0"
"2023-05-28";130.666159233;"A";"Данные СберИндекса";"Категории товаров";"25 - 34 лет";"Россия";"Неделя";"1";"индекс";"0"
"2023-06-04";130.8527241727;"A";"Данные СберИндекса";"Категории товаров";"25 - 34 лет";"Россия";"Неделя";"1";"индекс";"0"
"2023-06-11";130.9175530276;"A";"Данные СберИндекса";"Категории товаров";"25 - 34 лет";"Россия";"Неделя";"1";"индекс";"0"
"2023-06-18";132.4503370567;"A";"Данные СберИндекса";"Категории товаров";"25 - 34 лет";"Россия";"Неделя";"1";"индекс";"0"
"2023-06-25";136.0904050584;"A";"Данные СберИндекса";"Категории товаров";"25 - 34 лет";"Россия";"Неделя";"1";"индекс";"0"
"2023-07-02";137.107237459;"A";"Данные СберИндекса";"Категории товаров";"25 - 34 лет";"Россия";"Неделя";"1";"индекс";"0"
"2023-07-09";137.8874245355;"A";"Данные СберИндекса";"Категории товаров";"25 - 34 лет";"Россия";"Неделя";"1";"индекс";"0"
"2023-07-16";144.5361371753;"A";"Данные СберИндекса";"Категории товаров";"25 - 34 лет";"Россия";"Неделя";"1";"индекс";"0"
"2023-07-23";138.6935888116;"A";"Данные СберИндекса";"Категории товаров";"25 - 34 лет";"Россия";"Неделя";"1";"индекс";"0"
"2023-07-30";139.5184496586;"A";"Данные СберИндекса";"Категории товаров";"25 - 34 лет";"Россия";"Неделя";"1";"индекс";"0"
"2023-08-06";143.9280396728;"A";"Данные СберИндекса";"Категории товаров";"25 - 34 лет";"Россия";"Неделя";"1";"индекс";"0"
"2023-08-13";149.7293917537;"A";"Данные СберИндекса";"Категории товаров";"25 - 34 лет";"Россия";"Неделя";"1";"индекс";"0"
"2023-08-20";154.4595669711;"A";"Данные СберИндекса";"Категории товаров";"25 - 34 лет";"Россия";"Неделя";"1";"индекс";"0"
"2023-08-27";150.6816418236;"A";"Данные СберИндекса";"Категории товаров";"25 - 34 лет";"Россия";"Неделя";"1";"индекс";"0"
"2023-09-03";146.976804537;"A";"Данные СберИндекса";"Категории товаров";"25 - 34 лет";"Россия";"Неделя";"1";"индекс";"0"
"2023-09-10";142.288962678;"A";"Данные СберИндекса";"Категории товаров";"25 - 34 лет";"Россия";"Неделя";"1";"индекс";"0"
"2023-09-17";142.2165005343;"A";"Данные СберИндекса";"Категории товаров";"25 - 34 лет";"Россия";"Неделя";"1";"индекс";"0"
"2023-09-24";141.3806117882;"A";"Данные СберИндекса";"Категории товаров";"25 - 34 лет";"Россия";"Неделя";"1";"индекс";"0"
"2023-10-01";143.6923461938;"A";"Данные СберИндекса";"Категории товаров";"25 - 34 лет";"Россия";"Неделя";"1";"индекс";"0"
"2023-10-08";141.366460709;"A";"Данные СберИндекса";"Категории товаров";"25 - 34 лет";"Россия";"Неделя";"1";"индекс";"0"
"2023-10-15";149.7627193508;"A";"Данные СберИндекса";"Категории товаров";"25 - 34 лет";"Россия";"Неделя";"1";"индекс";"0"
"2023-10-22";147.72729288;"A";"Данные СберИндекса";"Категории товаров";"25 - 34 лет";"Россия";"Неделя";"1";"индекс";"0"
"2023-10-29";148.3966005887;"A";"Данные СберИндекса";"Категории товаров";"25 - 34 лет";"Россия";"Неделя";"1";"индекс";"0"
"2023-11-05";143.3878412766;"A";"Данные СберИндекса";"Категории товаров";"25 - 34 лет";"Россия";"Неделя";"1";"индекс";"0"
"2023-11-12";151.1949789553;"A";"Данные СберИндекса";"Категории товаров";"25 - 34 лет";"Россия";"Неделя";"1";"индекс";"0"
"2023-11-19";145.8992074169;"A";"Данные СберИндекса";"Категории товаров";"25 - 34 лет";"Россия";"Неделя";"1";"индекс";"0"
"2023-11-26";152.908562655;"A";"Данные СберИндекса";"Категории товаров";"25 - 34 лет";"Россия";"Неделя";"1";"индекс";"0"
"2023-12-03";141.7438009769;"A";"Данные СберИндекса";"Категории товаров";"25 - 34 лет";"Россия";"Неделя";"1";"индекс";"0"
"2023-12-10";140.5662880243;"A";"Данные СберИндекса";"Категории товаров";"25 - 34 лет";"Россия";"Неделя";"1";"индекс";"0"
"2023-12-17";145.6117369614;"A";"Данные СберИндекса";"Категории товаров";"25 - 34 лет";"Россия";"Неделя";"1";"индекс";"0"
"2023-12-24";147.837533176;"A";"Данные СберИндекса";"Категории товаров";"25 - 34 лет";"Россия";"Неделя";"1";"индекс";"0"
"2023-12-31";154.3792765962;"A";"Данные СберИндекса";"Категории товаров";"25 - 34 лет";"Россия";"Неделя";"1";"индекс";"0"
"2024-01-07";126.1910345294;"A";"Данные СберИндекса";"Категории товаров";"25 - 34 лет";"Россия";"Неделя";"1";"индекс";"0"
"2024-01-14";136.4854974486;"A";"Данные СберИндекса";"Категории товаров";"25 - 34 лет";"Россия";"Неделя";"1";"индекс";"0"
"2024-01-21";134.775503016;"A";"Данные СберИндекса";"Категории товаров";"25 - 34 лет";"Россия";"Неделя";"1";"индекс";"0"
"2024-01-28";131.8656275807;"A";"Данные СберИндекса";"Категории товаров";"25 - 34 лет";"Россия";"Неделя";"1";"индекс";"0"
"2024-02-04";133.9279838419;"A";"Данные СберИндекса";"Категории товаров";"25 - 34 лет";"Россия";"Неделя";"1";"индекс";"0"
"2024-02-11";134.121549816;"A";"Данные СберИндекса";"Категории товаров";"25 - 34 лет";"Россия";"Неделя";"1";"индекс";"0"
"2024-02-18";142.0490809578;"A";"Данные СберИндекса";"Категории товаров";"25 - 34 лет";"Россия";"Неделя";"1";"индекс";"0"
"2024-02-25";139.9410426026;"A";"Данные СберИндекса";"Категории товаров";"25 - 34 лет";"Россия";"Неделя";"1";"индекс";"0"
"2024-03-03";140.8740186183;"A";"Данные СберИндекса";"Категории товаров";"25 - 34 лет";"Россия";"Неделя";"1";"индекс";"0"
"2024-03-10";145.9629112554;"A";"Данные СберИндекса";"Категории товаров";"25 - 34 лет";"Россия";"Неделя";"1";"индекс";"0"
"2024-03-17";141.6204543707;"A";"Данные СберИндекса";"Категории товаров";"25 - 34 лет";"Россия";"Неделя";"1";"индекс";"0"
"2024-03-24";140.8497699827;"A";"Данные СберИндекса";"Категории товаров";"25 - 34 лет";"Россия";"Неделя";"1";"индекс";"0"
"2024-03-31";138.6112404973;"A";"Данные СберИндекса";"Категории товаров";"25 - 34 лет";"Россия";"Неделя";"1";"индекс";"0"
"2024-04-07";138.1679921412;"A";"Данные СберИндекса";"Категории товаров";"25 - 34 лет";"Россия";"Неделя";"1";"индекс";"0"
"2024-04-14";138.3363809772;"A";"Данные СберИндекса";"Категории товаров";"25 - 34 лет";"Россия";"Неделя";"1";"индекс";"0"
"2024-04-21";138.381970351;"A";"Данные СберИндекса";"Категории товаров";"25 - 34 лет";"Россия";"Неделя";"1";"индекс";"0"
"2024-04-28";142.5081124017;"A";"Данные СберИндекса";"Категории товаров";"25 - 34 лет";"Россия";"Неделя";"1";"индекс";"0"
"2024-05-05";127.5662260125;"A";"Данные СберИндекса";"Категории товаров";"25 - 34 лет";"Россия";"Неделя";"1";"индекс";"0"
"2024-05-12";128.0248116996;"A";"Данные СберИндекса";"Категории товаров";"25 - 34 лет";"Россия";"Неделя";"1";"индекс";"0"
"2024-05-19";146.6689804438;"A";"Данные СберИндекса";"Категории товаров";"25 - 34 лет";"Россия";"Неделя";"1";"индекс";"0"
"2024-05-26";148.7720968276;"A";"Данные СберИндекса";"Категории товаров";"25 - 34 лет";"Россия";"Неделя";"1";"индекс";"0"
"2024-06-02";145.1219088992;"A";"Данные СберИндекса";"Категории товаров";"25 - 34 лет";"Россия";"Неделя";"1";"индекс";"0"
"2024-06-09";149.1788491948;"A";"Данные СберИндекса";"Категории товаров";"25 - 34 лет";"Россия";"Неделя";"1";"индекс";"0"
"2024-06-16";150.6079735519;"A";"Данные СберИндекса";"Категории товаров";"25 - 34 лет";"Россия";"Неделя";"1";"индекс";"0"
"2024-06-23";149.5415722356;"A";"Данные СберИндекса";"Категории товаров";"25 - 34 лет";"Россия";"Неделя";"1";"индекс";"0"
"2024-06-30";155.7054053843;"A";"Данные СберИндекса";"Категории товаров";"25 - 34 лет";"Россия";"Неделя";"1";"индекс";"0"
"2024-07-07";151.1713296916;"A";"Данные СберИндекса";"Категории товаров";"25 - 34 лет";"Россия";"Неделя";"1";"индекс";"0"
"2024-07-14";159.0322317325;"A";"Данные СберИндекса";"Категории товаров";"25 - 34 лет";"Россия";"Неделя";"1";"индекс";"0"
"2024-07-21";158.2136437444;"A";"Данные СберИндекса";"Категории товаров";"25 - 34 лет";"Россия";"Неделя";"1";"индекс";"0"
"2024-07-28";159.0749399338;"A";"Данные СберИндекса";"Категории товаров";"25 - 34 лет";"Россия";"Неделя";"1";"индекс";"0"
"2024-08-04";154.338211875;"A";"Данные СберИндекса";"Категории товаров";"25 - 34 лет";"Россия";"Неделя";"1";"индекс";"0"
"2024-08-11";150.2377968217;"A";"Данные СберИндекса";"Категории товаров";"25 - 34 лет";"Россия";"Неделя";"1";"индекс";"0"
"2024-08-18";159.2649420369;"A";"Данные СберИндекса";"Категории товаров";"25 - 34 лет";"Россия";"Неделя";"1";"индекс";"0"
"2024-08-25";155.4430775836;"A";"Данные СберИндекса";"Категории товаров";"25 - 34 лет";"Россия";"Неделя";"1";"индекс";"0"
"2024-09-01";153.7729416602;"A";"Данные СберИндекса";"Категории товаров";"25 - 34 лет";"Россия";"Неделя";"1";"индекс";"0"
"2024-09-08";145.2069954348;"A";"Данные СберИндекса";"Категории товаров";"25 - 34 лет";"Россия";"Неделя";"1";"индекс";"0"
"2024-09-15";152.305513212;"A";"Данные СберИндекса";"Категории товаров";"25 - 34 лет";"Россия";"Неделя";"1";"индекс";"0"
"2024-09-22";153.1178111012;"A";"Данные СберИндекса";"Категории товаров";"25 - 34 лет";"Россия";"Неделя";"1";"индекс";"0"
"2024-09-29";155.9222889317;"A";"Данные СберИндекса";"Категории товаров";"25 - 34 лет";"Россия";"Неделя";"1";"индекс";"0"
"2024-10-06";156.8030524691;"A";"Данные СберИндекса";"Категории товаров";"25 - 34 лет";"Россия";"Неделя";"1";"индекс";"0"
"2024-10-13";158.2844552533;"A";"Данные СберИндекса";"Категории товаров";"25 - 34 лет";"Россия";"Неделя";"1";"индекс";"0"
"2024-10-20";160.3646260298;"A";"Данные СберИндекса";"Категории товаров";"25 - 34 лет";"Россия";"Неделя";"1";"индекс";"0"
"2024-10-27";153.4897039183;"A";"Данные СберИндекса";"Категории товаров";"25 - 34 лет";"Россия";"Неделя";"1";"индекс";"0"
"2024-11-03";148.025975437;"A";"Данные СберИндекса";"Категории товаров";"25 - 34 лет";"Россия";"Неделя";"1";"индекс";"0"
"2024-11-10";149.4995138135;"A";"Данные СберИндекса";"Категории товаров";"25 - 34 лет";"Россия";"Неделя";"1";"индекс";"0"
"2024-11-17";152.4385766529;"A";"Данные СберИндекса";"Категории товаров";"25 - 34 лет";"Россия";"Неделя";"1";"индекс";"0"
"2024-11-24";144.2666177814;"A";"Данные СберИндекса";"Категории товаров";"25 - 34 лет";"Россия";"Неделя";"1";"индекс";"0"
"2024-12-01";152.2375213707;"A";"Данные СберИндекса";"Категории товаров";"25 - 34 лет";"Россия";"Неделя";"1";"индекс";"0"
"2024-12-08";149.8686314654;"A";"Данные СберИндекса";"Категории товаров";"25 - 34 лет";"Россия";"Неделя";"1";"индекс";"0"
"2024-12-15";156.1599641603;"A";"Данные СберИндекса";"Категории товаров";"25 - 34 лет";"Россия";"Неделя";"1";"индекс";"0"
"2024-12-22";155.9982616864;"A";"Данные СберИндекса";"Категории товаров";"25 - 34 лет";"Россия";"Неделя";"1";"индекс";"0"
"2024-12-29";168.7286775703;"A";"Данные СберИндекса";"Категории товаров";"25 - 34 лет";"Россия";"Неделя";"1";"индекс";"0"
"2025-01-05";130.9276523587;"A";"Данные СберИндекса";"Категории товаров";"25 - 34 лет";"Россия";"Неделя";"1";"индекс";"0"
"2025-01-12";138.1607268432;"A";"Данные СберИндекса";"Категории товаров";"25 - 34 лет";"Россия";"Неделя";"1";"индекс";"0"
"2025-01-19";146.286695248;"A";"Данные СберИндекса";"Категории товаров";"25 - 34 лет";"Россия";"Неделя";"1";"индекс";"0"
"2025-01-26";141.8356549738;"A";"Данные СберИндекса";"Категории товаров";"25 - 34 лет";"Россия";"Неделя";"1";"индекс";"0"
"2025-02-02";139.7770814752;"A";"Данные СберИндекса";"Категории товаров";"25 - 34 лет";"Россия";"Неделя";"1";"индекс";"0"
"2025-02-09";143.3761614357;"A";"Данные СберИндекса";"Категории товаров";"25 - 34 лет";"Россия";"Неделя";"1";"индекс";"0"
"2025-02-16";154.1423003689;"A";"Данные СберИндекса";"Категории товаров";"25 - 34 лет";"Россия";"Неделя";"1";"индекс";"0"
"2025-02-23";145.0514252914;"A";"Данные СберИндекса";"Категории товаров";"25 - 34 лет";"Россия";"Неделя";"1";"индекс";"0"
"2025-03-02";144.2903280349;"A";"Данные СберИндекса";"Категории товаров";"25 - 34 лет";"Россия";"Неделя";"1";"индекс";"0"
"2025-03-09";154.527293692;"A";"Данные СберИндекса";"Категории товаров";"25 - 34 лет";"Россия";"Неделя";"1";"индекс";"0"
"2025-03-16";153.8242132095;"A";"Данные СберИндекса";"Категории товаров";"25 - 34 лет";"Россия";"Неделя";"1";"индекс";"0"
"2025-03-23";149.6277063887;"A";"Данные СберИндекса";"Категории товаров";"25 - 34 лет";"Россия";"Неделя";"1";"индекс";"0"
"2025-03-30";148.1370794016;"A";"Данные СберИндекса";"Категории товаров";"25 - 34 лет";"Россия";"Неделя";"1";"индекс";"0"
"2025-04-06";145.2075025697;"A";"Данные СберИндекса";"Категории товаров";"25 - 34 лет";"Россия";"Неделя";"1";"индекс";"0"
"2025-04-13";148.5945017319;"A";"Данные СберИндекса";"Категории товаров";"25 - 34 лет";"Россия";"Неделя";"1";"индекс";"0"
"2025-04-20";147.2858696597;"A";"Данные СберИндекса";"Категории товаров";"25 - 34 лет";"Россия";"Неделя";"1";"индекс";"0"
"2025-04-27";148.6312405366;"A";"Данные СберИндекса";"Категории товаров";"25 - 34 лет";"Россия";"Неделя";"1";"индекс";"0"
"2025-05-04";140.4354852233;"A";"Данные СберИндекса";"Категории товаров";"25 - 34 лет";"Россия";"Неделя";"1";"индекс";"0"
"2025-05-11";136.8868066455;"A";"Данные СберИндекса";"Категории товаров";"25 - 34 лет";"Россия";"Неделя";"1";"индекс";"0"
"2025-05-18";151.2488053941;"A";"Данные СберИндекса";"Категории товаров";"25 - 34 лет";"Россия";"Неделя";"1";"индекс";"0"
"2025-05-25";146.6242755025;"A";"Данные СберИндекса";"Категории товаров";"25 - 34 лет";"Россия";"Неделя";"1";"индекс";"0"
"2025-06-01";145.9212841061;"A";"Данные СберИндекса";"Категории товаров";"25 - 34 лет";"Россия";"Неделя";"1";"индекс";"0"
"2025-06-08";145.5906728828;"A";"Данные СберИндекса";"Категории товаров";"25 - 34 лет";"Россия";"Неделя";"1";"индекс";"0"
"2025-06-15";146.4031968679;"A";"Данные СберИндекса";"Категории товаров";"25 - 34 лет";"Россия";"Неделя";"1";"индекс";"0"
"2025-06-22";148.5478156138;"A";"Данные СберИндекса";"Категории товаров";"25 - 34 лет";"Россия";"Неделя";"1";"индекс";"0"
"2025-06-29";149.4990275974;"A";"Данные СберИндекса";"Категории товаров";"25 - 34 лет";"Россия";"Неделя";"1";"индекс";"0"
"2025-07-06";150.9173217938;"A";"Данные СберИндекса";"Категории товаров";"25 - 34 лет";"Россия";"Неделя";"1";"индекс";"0"
"2025-07-13";150.9283866719;"A";"Данные СберИндекса";"Категории товаров";"25 - 34 лет";"Россия";"Неделя";"1";"индекс";"0"
"2025-07-20";157.3449205053;"A";"Данные СберИндекса";"Категории товаров";"25 - 34 лет";"Россия";"Неделя";"1";"индекс";"0"
"2025-07-27";149.5509924273;"A";"Данные СберИндекса";"Категории товаров";"25 - 34 лет";"Россия";"Неделя";"1";"индекс";"0"
"2025-08-03";150.2978745928;"A";"Данные СберИндекса";"Категории товаров";"25 - 34 лет";"Россия";"Неделя";"1";"индекс";"0"
"2025-08-10";154.1400467581;"A";"Данные СберИндекса";"Категории товаров";"25 - 34 лет";"Россия";"Неделя";"1";"индекс";"0"
"2025-08-17";161.4589045311;"A";"Данные СберИндекса";"Категории товаров";"25 - 34 лет";"Россия";"Неделя";"1";"индекс";"0"
"2025-08-24";158.6424486338;"A";"Данные СберИндекса";"Категории товаров";"25 - 34 лет";"Россия";"Неделя";"1";"индекс";"0"
"2025-08-31";161.7182233023;"A";"Данные СберИндекса";"Категории товаров";"25 - 34 лет";"Россия";"Неделя";"1";"индекс";"0"
"2025-09-07";150.7263764224;"A";"Данные СберИндекса";"Категории товаров";"25 - 34 лет";"Россия";"Неделя";"1";"индекс";"0"
"2025-09-14";154.3472476175;"A";"Данные СберИндекса";"Категории товаров";"25 - 34 лет";"Россия";"Неделя";"1";"индекс";"0"
"2025-09-21";155.1149367105;"A";"Данные СберИндекса";"Категории товаров";"25 - 34 лет";"Россия";"Неделя";"1";"индекс";"0"
"2025-09-28";159.1843664014;"A";"Данные СберИндекса";"Категории товаров";"25 - 34 лет";"Россия";"Неделя";"1";"индекс";"0"
"2025-10-05";165.5687260027;"A";"Данные СберИндекса";"Категории товаров";"25 - 34 лет";"Россия";"Неделя";"1";"индекс";"0"
"2025-10-12";161.8189970233;"A";"Данные СберИндекса";"Категории товаров";"25 - 34 лет";"Россия";"Неделя";"1";"индекс";"0"
"2025-10-19";167.9357007483;"A";"Данные СберИндекса";"Категории товаров";"25 - 34 лет";"Россия";"Неделя";"1";"индекс";"0"
"2025-10-26";157.8928440433;"A";"Данные СберИндекса";"Категории товаров";"25 - 34 лет";"Россия";"Неделя";"1";"индекс";"0"
"2025-11-02";156.3444770364;"A";"Данные СберИндекса";"Категории товаров";"25 - 34 лет";"Россия";"Неделя";"1";"индекс";"0"
"2025-11-09";152.0662197062;"A";"Данные СберИндекса";"Категории товаров";"25 - 34 лет";"Россия";"Неделя";"1";"индекс";"0"
"2025-11-16";173.0796574303;"A";"Данные СберИндекса";"Категории товаров";"25 - 34 лет";"Россия";"Неделя";"1";"индекс";"0"
"2025-11-23";159.091690196;"A";"Данные СберИндекса";"Категории товаров";"25 - 34 лет";"Россия";"Неделя";"1";"индекс";"0"
"2025-11-30";164.6852329745;"A";"Данные СберИндекса";"Категории товаров";"25 - 34 лет";"Россия";"Неделя";"1";"индекс";"0"
"2025-12-07";155.9714387947;"A";"Данные СберИндекса";"Категории товаров";"25 - 34 лет";"Россия";"Неделя";"1";"индекс";"0"
"2025-12-14";164.392394431;"A";"Данные СберИндекса";"Категории товаров";"25 - 34 лет";"Россия";"Неделя";"1";"индекс";"0"
"2025-12-21";161.3554200651;"A";"Данные СберИндекса";"Категории товаров";"25 - 34 лет";"Россия";"Неделя";"1";"индекс";"0"
"2025-12-28";181.5785379472;"A";"Данные СберИндекса";"Категории товаров";"25 - 34 лет";"Россия";"Неделя";"1";"индекс";"0"
"2026-01-04";150.2361130198;"A";"Данные СберИндекса";"Категории товаров";"25 - 34 лет";"Россия";"Неделя";"1";"индекс";"0"
"2026-01-11";139.5191523707;"A";"Данные СберИндекса";"Категории товаров";"25 - 34 лет";"Россия";"Неделя";"1";"индекс";"0"
"2026-01-18";151.2975516079;"A";"Данные СберИндекса";"Категории товаров";"25 - 34 лет";"Россия";"Неделя";"1";"индекс";"0"
"2026-01-25";145.6548507395;"A";"Данные СберИндекса";"Категории товаров";"25 - 34 лет";"Россия";"Неделя";"1";"индекс";"0"
"2026-02-01";145.673300665;"A";"Данные СберИндекса";"Категории товаров";"25 - 34 лет";"Россия";"Неделя";"1";"индекс";"0"
"2026-02-08";150.6502943473;"A";"Данные СберИндекса";"Категории товаров";"25 - 34 лет";"Россия";"Неделя";"1";"индекс";"0"
"2026-02-15";158.5938338829;"A";"Данные СберИндекса";"Категории товаров";"25 - 34 лет";"Россия";"Неделя";"1";"индекс";"0"
"2026-02-22";149.3858298123;"A";"Данные СберИндекса";"Категории товаров";"25 - 34 лет";"Россия";"Неделя";"1";"индекс";"0"
"2026-03-01";146.7343570765;"A";"Данные СберИндекса";"Категории товаров";"25 - 34 лет";"Россия";"Неделя";"1";"индекс";"0"
"2026-03-08";155.3760020009;"A";"Данные СберИндекса";"Категории товаров";"25 - 34 лет";"Россия";"Неделя";"1";"индекс";"0"
"2026-03-15";158.873514792;"A";"Данные СберИндекса";"Категории товаров";"25 - 34 лет";"Россия";"Неделя";"1";"индекс";"0"
"2026-03-22";150.6458244138;"A";"Данные СберИндекса";"Категории товаров";"25 - 34 лет";"Россия";"Неделя";"1";"индекс";"0"
"2026-03-29";150.3525415906;"A";"Данные СберИндекса";"Категории товаров";"25 - 34 лет";"Россия";"Неделя";"1";"индекс";"0"
"2026-04-05";151.5954001863;"A";"Данные СберИндекса";"Категории товаров";"25 - 34 лет";"Россия";"Неделя";"1";"индекс";"0"
"2026-04-12";147.1124061648;"A";"Данные СберИндекса";"Категории товаров";"25 - 34 лет";"Россия";"Неделя";"1";"индекс";"0"
"2026-04-19";157.2976503466;"A";"Данные СберИндекса";"Категории товаров";"25 - 34 лет";"Россия";"Неделя";"1";"индекс";"0"
"2026-04-26";150.7250466771;"A";"Данные СберИндекса";"Категории товаров";"25 - 34 лет";"Россия";"Неделя";"1";"индекс";"0"
"2026-05-03";145.6524960481;"A";"Данные СберИндекса";"Категории товаров";"25 - 34 лет";"Россия";"Неделя";"1";"индекс";"0"
"2026-05-10";144.1881196068;"A";"Данные СберИндекса";"Категории товаров";"25 - 34 лет";"Россия";"Неделя";"1";"индекс";"0"
"2026-05-17";157.8168054427;"A";"Данные СберИндекса";"Категории товаров";"25 - 34 лет";"Россия";"Неделя";"1";"индекс";"0"
"2026-05-24";151.0273454034;"A";"Данные СберИндекса";"Категории товаров";"25 - 34 лет";"Россия";"Неделя";"1";"индекс";"0"
"2026-05-31";152.1029599451;"A";"Данные СберИндекса";"Категории товаров";"25 - 34 лет";"Россия";"Неделя";"1";"индекс";"0"
"2026-06-07";153.3571358772;"A";"Данные СберИндекса";"Категории товаров";"25 - 34 лет";"Россия";"Неделя";"1";"индекс";"0"
"2026-06-14";152.9874251715;"A";"Данные СберИндекса";"Категории товаров";"25 - 34 лет";"Россия";"Неделя";"1";"индекс";"0"
"2026-06-21";154.7931905805;"A";"Данные СберИндекса";"Категории товаров";"25 - 34 лет";"Россия";"Неделя";"1";"индекс";"0"
"2026-06-28";151.3479993251;"A";"Данные СберИндекса";"Категории товаров";"25 - 34 лет";"Россия";"Неделя";"1";"индекс";"0"
"2026-07-05";154.0980921135;"A";"Данные СберИндекса";"Категории товаров";"25 - 34 лет";"Россия";"Неделя";"1";"индекс";"0"
"2026-07-12";158.1089109161;"A";"Данные СберИндекса";"Категории товаров";"25 - 34 лет";"Россия";"Неделя";"1";"индекс";"0"
"2026-07-19";161.4068589281;"A";"Данные СберИндекса";"Категории товаров";"25 - 34 лет";"Россия";"Неделя";"1";"индекс";"0"
"2026-07-26";155.5571115929;"A";"Данные СберИндекса";"Категории товаров";"25 - 34 лет";"Россия";"Неделя";"1";"индекс";"0"
"2026-08-02";155.9466753614;"A";"Данные СберИндекса";"Категории товаров";"25 - 34 лет";"Россия";"Неделя";"1";"индекс";"0"
"2026-08-09";159.7467224965;"A";"Данные СберИндекса";"Категории товаров";"25 - 34 лет";"Россия";"Неделя";"1";"индекс";"0"
"2026-08-16";170.7637395866;"A";"Данные СберИндекса";"Категории товаров";"25 - 34 лет";"Россия";"Неделя";"1";"индекс";"0"
"2026-08-23";169.8160522532;"A";"Данные СберИндекса";"Категории товаров";"25 - 34 лет";"Россия";"Неделя";"1";"индекс";"0"
"2026-08-30";167.3930906338;"A";"Данные СберИндекса";"Категории товаров";"25 - 34 лет";"Россия";"Неделя";"1";"индекс";"0"
"2026-09-06";160.1943642071;"A";"Данные СберИндекса";"Категории товаров";"25 - 34 лет";"Россия";"Неделя";"1";"индекс";"0"
"2026-09-13";163.8838601697;"A";"Данные СберИндекса";"Категории товаров";"25 - 34 лет";"Россия";"Неделя";"1";"индекс";"0"
"2026-09-20";170.2399356129;"A";"Данные СберИндекса";"Категории товаров";"25 - 34 лет";"Россия";"Неделя";"1";"индекс";"0"
"2026-09-27";164.9685556746;"A";"Данные СберИндекса";"Категории товаров";"25 - 34 лет";"Россия";"Неделя";"1";"индекс";"0"
"2021-01-10";58.2702951515;"A";"Данные СберИндекса";"Категории товаров";"65+ лет";"Россия";"Неделя";"1";"индекс";"0"
"2021-01-17";57.483;"A";"Данные СберИндекса";"Категории товаров";"65+ лет";"Россия";"Неделя";"1";"индекс";"0"
"2021-01-24";63.1958758888;"A";"Данные СберИндекса";"Категории товаров";"65+ лет";"Россия";"Неделя";"1";"индекс";"0"
"2021-01-31";54.3372164684;"A";"Данные СберИндекса";"Категории товаров";"65+ лет";"Россия";"Неделя";"1";"индекс";"0"
"2021-02-07";56.6534918562;"A";"Данные СберИндекса";"Категории товаров";"65+ лет";"Россия";"Неделя";"1";"индекс";"0"
"2021-02-14";56.2671557406;"A";"Данные СберИндекса";"Категории товаров";"65+ лет";"Россия";"Неделя";"1";"индекс";"0"
"2021-02-21";60.1275857461;"A";"Данные СберИндекса";"Категории товаров";"65+ лет";"Россия";"Неделя";"1";"индекс";"0"
"2021-02-28";56.34661378;"A";"Данные СберИндекса";"Категории товаров";"65+ лет";"Россия";"Неделя";"1";"индекс";"0"
"2021-03-07";61.3414051922;"A";"Данные СберИндекса";"Категории товаров";"65+ лет";"Россия";"Неделя";"1";"индекс";"0"
"2021-03-14";60.4684027461;"A";"Данные СберИндекса";"Категории товаров";"65+ лет";"Россия";"Неделя";"1";"индекс";"0"
"2021-03-21";67.7050367691;"A";"Данные СберИндекса";"Категории товаров";"65+ лет";"Россия";"Неделя";"1";"индекс";"0"
"2021-03-28";65.9542312805;"A";"Данные СберИндекса";"Категории товаров";"65+ лет";"Россия";"Неделя";"1";"индекс";"0"
"2021-04-04";65.9545787594;"A";"Данные СберИндекса";"Категории товаров";"65+ лет";"Россия";"Неделя";"1";"индекс";"0"
"2021-04-11";70.5753796844;"A";"Данные СберИндекса";"Категории товаров";"65+ лет";"Россия";"Неделя";"1";"индекс";"0"
"2021-04-18";72.1538530281;"A";"Данные СберИндекса";"Категории товаров";"65+ лет";"Россия";"Неделя";"1";"индекс";"0"
"2021-04-25";68.0322070468;"A";"Данные СберИндекса";"Категории товаров";"65+ лет";"Россия";"Неделя";"1";"индекс";"0"
"2021-05-02";60.286781752;"A";"Данные СберИндекса";"Категории товаров";"65+ лет";"Россия";"Неделя";"1";"индекс";"0"
"2021-05-09";66.1105050564;"A";"Данные СберИндекса";"Категории товаров";"65+ лет";"Россия";"Неделя";"1";"индекс";"0"
"2021-05-16";66.2292355251;"A";"Данные СберИндекса";"Категории товаров";"65+ лет";"Россия";"Неделя";"1";"индекс";"0"
"2021-05-23";71.1232355543;"A";"Данные СберИндекса";"Категории товаров";"65+ лет";"Россия";"Неделя";"1";"индекс";"0"
"2021-05-30";63.9972510795;"A";"Данные СберИндекса";"Категории товаров";"65+ лет";"Россия";"Неделя";"1";"индекс";"0"
"2021-06-06";69.1358087207;"A";"Данные СберИндекса";"Категории товаров";"65+ лет";"Россия";"Неделя";"1";"индекс";"0"
"2021-06-13";66.8797114655;"A";"Данные СберИндекса";"Категории товаров";"65+ лет";"Россия";"Неделя";"1";"индекс";"0"
"2021-06-20";66.4200739421;"A";"Данные СберИндекса";"Категории товаров";"65+ лет";"Россия";"Неделя";"1";"индекс";"0"
"2021-06-27";61.639336165;"A";"Данные СберИндекса";"Категории товаров";"65+ лет";"Россия";"Неделя";"1";"индекс";"0"
"2021-07-04";65.0603089653;"A";"Данные СберИндекса";"Категории товаров";"65+ лет";"Россия";"Неделя";"1";"индекс";"0"
"2021-07-11";65.8730833498;"A";"Данные СберИндекса";"Категории товаров";"65+ лет";"Россия";"Неделя";"1";"индекс";"0"
"2021-07-18";65.3647199456;"A";"Данные СберИндекса";"Категории товаров";"65+ лет";"Россия";"Неделя";"1";"индекс";"0"
"2021-07-25";68.0655079484;"A";"Данные СберИндекса";"Категории товаров";"65+ лет";"Россия";"Неделя";"1";"индекс";"0"
"2021-08-01";62.5118511262;"A";"Данные СберИндекса";"Категории товаров";"65+ лет";"Россия";"Неделя";"1";"индекс";"0"
"2021-08-08";67.866498312;"A";"Данные СберИндекса";"Категории товаров";"65+ лет";"Россия";"Неделя";"1";"индекс";"0"
"2021-08-15";69.5693281732;"A";"Данные СберИндекса";"Категории товаров";"65+ лет";"Россия";"Неделя";"1";"индекс";"0"
"2021-08-22";72.3583766268;"A";"Данные СберИндекса";"Категории товаров";"65+ лет";"Россия";"Неделя";"1";"индекс";"0"
"2021-08-29";70.1873695637;"A";"Данные СберИндекса";"Категории товаров";"65+ лет";"Россия";"Неделя";"1";"индекс";"0"
"2021-09-05";76.6552590899;"A";"Данные СберИндекса";"Категории товаров";"65+ лет";"Россия";"Неделя";"1";"индекс";"0"
"2021-09-12";74.8980261304;"A";"Данные СберИндекса";"Категории товаров";"65+ лет";"Россия";"Неделя";"1";"индекс";"0"
"2021-09-19";74.9952778511;"A";"Данные СберИндекса";"Категории товаров";"65+ лет";"Россия";"Неделя";"1";"индекс";"0"
"2021-09-26";70.1801976066;"A";"Данные СберИндекса";"Категории товаров";"65+ лет";"Россия";"Неделя";"1";"индекс";"0"
"2021-10-03";71.142086739;"A";"Данные СберИндекса";"Категории товаров";"65+ лет";"Россия";"Неделя";"1";"индекс";"0"
"2021-10-10";70.020972778;"A";"Данные СберИндекса";"Категории товаров";"65+ лет";"Россия";"Неделя";"1";"индекс";"0"
"2021-10-17";70.231527188;"A";"Данные СберИндекса";"Категории товаров";"65+ лет";"Россия";"Неделя";"1";"индекс";"0"
"2021-10-24";72.2129785468;"A";"Данные СберИндекса";"Категории товаров";"65+ лет";"Россия";"Неделя";"1";"индекс";"0"
"2021-10-31";58.9105885018;"A";"Данные СберИндекса";"Категории товаров";"65+ лет";"Россия";"Неделя";"1";"индекс";"0"
"2021-11-07";49.3278184772;"A";"Данные СберИндекса";"Категории товаров";"65+ лет";"Россия";"Неделя";"1";"индекс";"0"
"2021-11-14";71.3702294349;"A";"Данные СберИндекса";"Категории товаров";"65+ лет";"Россия";"Неделя";"1";"индекс";"0"
"2021-11-21";69.4480998036;"A";"Данные СберИндекса";"Категории товаров";"65+ лет";"Россия";"Неделя";"1";"индекс";"0"
"2021-11-28";67.5194516564;"A";"Данные СберИндекса";"Категории товаров";"65+ лет";"Россия";"Неделя";"1";"индекс";"0"
"2021-12-05";64.0959801231;"A";"Данные СберИндекса";"Категории товаров";"65+ лет";"Россия";"Неделя";"1";"индекс";"0"
"2021-12-12";66.6472031366;"A";"Данные СберИндекса";"Категории товаров";"65+ лет";"Россия";"Неделя";"1";"индекс";"0"
"2021-12-19";67.981092139;"A";"Данные СберИндекса";"Категории товаров";"65+ лет";"Россия";"Неделя";"1";"индекс";"0"
"2021-12-26";66.0662290042;"A";"Данные СберИндекса";"Категории товаров";"65+ лет";"Россия";"Неделя";"1";"индекс";"0"
"2022-01-02";50.5505296333;"A";"Данные СберИндекса";"Категории товаров";"65+ лет";"Россия";"Неделя";"1";"индекс";"0"
"2022-01-09";54.3560660428;"A";"Данные СберИндекса";"Категории товаров";"65+ лет";"Россия";"Неделя";"1";"индекс";"0"
"2022-01-16";58.0070004161;"A";"Данные СберИндекса";"Категории товаров";"65+ лет";"Россия";"Неделя";"1";"индекс";"0"
"2022-01-23";59.6218548913;"A";"Данные СберИндекса";"Категории товаров";"65+ лет";"Россия";"Неделя";"1";"индекс";"0"
"2022-01-30";53.5696789256;"A";"Данные СберИндекса";"Категории товаров";"65+ лет";"Россия";"Неделя";"1";"индекс";"0"
"2022-02-06";52.8368960745;"A";"Данные СберИндекса";"Категории товаров";"65+ лет";"Россия";"Неделя";"1";"индекс";"0"
"2022-02-13";60.9442821527;"A";"Данные СберИндекса";"Категории товаров";"65+ лет";"Россия";"Неделя";"1";"индекс";"0"
"2022-02-20";63.3626994245;"A";"Данные СберИндекса";"Категории товаров";"65+ лет";"Россия";"Неделя";"1";"индекс";"0"
"2022-02-27";63.4170053092;"A";"Данные СберИндекса";"Категории товаров";"65+ лет";"Россия";"Неделя";"1";"индекс";"0"
"2022-03-06";74.0419812538;"A";"Данные СберИндекса";"Категории товаров";"65+ лет";"Россия";"Неделя";"1";"индекс";"0"
"2022-03-13";65.1015852148;"A";"Данные СберИндекса";"Категории товаров";"65+ лет";"Россия";"Неделя";"1";"индекс";"0"
"2022-03-20";65.9038615288;"A";"Данные СберИндекса";"Категории товаров";"65+ лет";"Россия";"Неделя";"1";"индекс";"0"
"2022-03-27";60.6354989367;"A";"Данные СберИндекса";"Категории товаров";"65+ лет";"Россия";"Неделя";"1";"индекс";"0"
"2022-04-03";57.8135265514;"A";"Данные СберИндекса";"Категории товаров";"65+ лет";"Россия";"Неделя";"1";"индекс";"0"
"2022-04-10";62.7901196162;"A";"Данные СберИндекса";"Категории товаров";"65+ лет";"Россия";"Неделя";"1";"индекс";"0"
"2022-04-17";59.6244955896;"A";"Данные СберИндекса";"Категории товаров";"65+ лет";"Россия";"Неделя";"1";"индекс";"0"
"2022-04-24";52.7386361257;"A";"Данные СберИндекса";"Категории товаров";"65+ лет";"Россия";"Неделя";"1";"индекс";"0"
"2022-05-01";55.1256129118;"A";"Данные СберИндекса";"Категории товаров";"65+ лет";"Россия";"Неделя";"1";"индекс";"0"
"2022-05-08";51.5869724821;"A";"Данные СберИндекса";"Категории товаров";"65+ лет";"Россия";"Неделя";"1";"индекс";"0"
"2022-05-15";51.9718864503;"A";"Данные СберИндекса";"Категории товаров";"65+ лет";"Россия";"Неделя";"1";"индекс";"0"
"2022-05-22";59.022721004;"A";"Данные СберИндекса";"Категории товаров";"65+ лет";"Россия";"Неделя";"1";"индекс";"0"
"2022-05-29";56.0767587588;"A";"Данные СберИндекса";"Категории товаров";"65+ лет";"Россия";"Неделя";"1";"индекс";"0"
"2022-06-05";59.2215961061;"A";"Данные СберИндекса";"Категории товаров";"65+ лет";"Россия";"Неделя";"1";"индекс";"0"
"2022-06-12";59.6615427548;"A";"Данные СберИндекса";"Категории товаров";"65+ лет";"Россия";"Неделя";"1";"индекс";"0"
"2022-06-19";61.3626065725;"A";"Данные СберИндекса";"Категории товаров";"65+ лет";"Россия";"Неделя";"1";"индекс";"0"
"2022-06-26";58.7048790511;"A";"Данные СберИндекса";"Категории товаров";"65+ лет";"Россия";"Неделя";"1";"индекс";"0"
"2022-07-03";58.6427437598;"A";"Данные СберИндекса";"Категории товаров";"65+ лет";"Россия";"Неделя";"1";"индекс";"0"
"2022-07-10";60.4410767516;"A";"Данные СберИндекса";"Категории товаров";"65+ лет";"Россия";"Неделя";"1";"индекс";"0"
"2022-07-17";60.5503919947;"A";"Данные СберИндекса";"Категории товаров";"65+ лет";"Россия";"Неделя";"1";"индекс";"0"
"2022-07-24";61.4155562131;"A";"Данные СберИндекса";"Категории товаров";"65+ лет";"Россия";"Неделя";"1";"индекс";"0"
"2022-07-31";56.0468384517;"A";"Данные СберИндекса";"Категории товаров";"65+ лет";"Россия";"Неделя";"1";"индекс";"0"
"2022-08-07";61.0239002614;"A";"Данные СберИндекса";"Категории товаров";"65+ лет";"Россия";"Неделя";"1";"индекс";"0"
"2022-08-14";62.0217344497;"A";"Данные СберИндекса";"Категории товаров";"65+ лет";"Россия";"Неделя";"1";"индекс";"0"
"2022-08-21";64.4793840067;"A";"Данные СберИндекса";"Категории товаров";"65+ лет";"Россия";"Неделя";"1";"индекс";"0"
"2022-08-28";60.8494715491;"A";"Данные СберИндекса";"Категории товаров";"65+ лет";"Россия";"Неделя";"1";"индекс";"0"
"2022-09-04";62.4726569042;"A";"Данные СберИндекса";"Категории товаров";"65+ лет";"Россия";"Неделя";"1";"индекс";"0"
"2022-09-11";69.3605335529;"A";"Данные СберИндекса";"Категории товаров";"65+ лет";"Россия";"Неделя";"1";"индекс";"0"
"2022-09-18";63.6361831237;"A";"Данные СберИндекса";"Категории товаров";"65+ лет";"Россия";"Неделя";"1";"индекс";"0"
"2022-09-25";65.2920157614;"A";"Данные СберИндекса";"Категории товаров";"65+ лет";"Россия";"Неделя";"1";"индекс";"0"
"2022-10-02";57.9652529308;"A";"Данные СберИндекса";"Категории товаров";"65+ лет";"Россия";"Неделя";"1";"индекс";"0"
"2022-10-09";59.8754073729;"A";"Данные СберИндекса";"Категории товаров";"65+ лет";"Россия";"Неделя";"1";"индекс";"0"
"2022-10-16";60.7531240313;"A";"Данные СберИндекса";"Категории товаров";"65+ лет";"Россия";"Неделя";"1";"индекс";"0"
"2022-10-23";61.9548936724;"A";"Данные СберИндекса";"Категории товаров";"65+ лет";"Россия";"Неделя";"1";"индекс";"0"
"2022-10-30";58.0470554071;"A";"Данные СберИндекса";"Категории товаров";"65+ лет";"Россия";"Неделя";"1";"индекс";"0"
"2022-11-06";60.8974800756;"A";"Данные СберИндекса";"Категории товаров";"65+ лет";"Россия";"Неделя";"1";"индекс";"0"
"2022-11-13";63.5303552162;"A";"Данные СберИндекса";"Категории товаров";"65+ лет";"Россия";"Неделя";"1";"индекс";"0"
"2022-11-20";63.8149239735;"A";"Данные СберИндекса";"Категории товаров";"65+ лет";"Россия";"Неделя";"1";"индекс";"0"
"2022-11-27";63.3287557715;"A";"Данные СберИндекса";"Категории товаров";"65+ лет";"Россия";"Неделя";"1";"индекс";"0"
"2022-12-04";60.4931236451;"A";"Данные СберИндекса";"Категории товаров";"65+ лет";"Россия";"Неделя";"1";"индекс";"0"
"2022-12-11";59.7639537109;"A";"Данные СберИндекса";"Категории товаров";"65+ лет";"Россия";"Неделя";"1";"индекс";"0"
"2022-12-18";58.2231666378;"A";"Данные СберИндекса";"Категории товаров";"65+ лет";"Россия";"Неделя";"1";"индекс";"0"
"2022-12-25";59.0320473483;"A";"Данные СберИндекса";"Категории товаров";"65+ лет";"Россия";"Неделя";"1";"индекс";"0"
"2023-01-01";49.2444341351;"A";"Данные СберИндекса";"Категории товаров";"65+ лет";"Россия";"Неделя";"1";"индекс";"0"
"2023-01-08";49.0858450262;"A";"Данные СберИндекса";"Категории товаров";"65+ лет";"Россия";"Неделя";"1";"индекс";"0"
"2023-01-15";53.5715112963;"A";"Данные СберИндекса";"Категории товаров";"65+ лет";"Россия";"Неделя";"1";"индекс";"0"
"2023-01-22";55.6325358669;"A";"Данные СберИндекса";"Категории товаров";"65+ лет";"Россия";"Неделя";"1";"индекс";"0"
"2023-01-29";53.6416530395;"A";"Данные СберИндекса";"Категории товаров";"65+ лет";"Россия";"Неделя";"1";"индекс";"0"
"2023-02-05";54.3883164071;"A";"Данные СберИндекса";"Категории товаров";"65+ лет";"Россия";"Неделя";"1";"индекс";"0"
"2023-02-12";55.3314298352;"A";"Данные СберИндекса";"Категории товаров";"65+ лет";"Россия";"Неделя";"1";"индекс";"0"
"2023-02-19";57.5275420171;"A";"Данные СберИндекса";"Категории товаров";"65+ лет";"Россия";"Неделя";"1";"индекс";"0"
"2023-02-26";54.0305569794;"A";"Данные СберИндекса";"Категории товаров";"65+ лет";"Россия";"Неделя";"1";"индекс";"0"
"2023-03-05";59.9605504117;"A";"Данные СберИндекса";"Категории товаров";"65+ лет";"Россия";"Неделя";"1";"индекс";"0"
"2023-03-12";57.1029051137;"A";"Данные СберИндекса";"Категории товаров";"65+ лет";"Россия";"Неделя";"1";"индекс";"0"
"2023-03-19";59.4045185678;"A";"Данные СберИндекса";"Категории товаров";"65+ лет";"Россия";"Неделя";"1";"индекс";"0"
"2023-03-26";60.0034160102;"A";"Данные СберИндекса";"Категории товаров";"65+ лет";"Россия";"Неделя";"1";"индекс";"0"
"2023-04-02";57.7853589379;"A";"Данные СберИндекса";"Категории товаров";"65+ лет";"Россия";"Неделя";"1";"индекс";"0"
"2023-04-09";61.1521989838;"A";"Данные СберИндекса";"Категории товаров";"65+ лет";"Россия";"Неделя";"1";"индекс";"0"
"2023-04-16";54.8951343337;"A";"Данные СберИндекса";"Категории товаров";"65+ лет";"Россия";"Неделя";"1";"индекс";"0"
"2023-04-23";63.7685210491;"A";"Данные СберИндекса";"Категории товаров";"65+ лет";"Россия";"Неделя";"1";"индекс";"0"
"2023-04-30";59.7224093701;"A";"Данные СберИндекса";"Категории товаров";"65+ лет";"Россия";"Неделя";"1";"индекс";"0"
"2023-05-07";55.3089019238;"A";"Данные СберИндекса";"Категории товаров";"65+ лет";"Россия";"Неделя";"1";"индекс";"0"
"2023-05-14";55.2972097861;"A";"Данные СберИндекса";"Категории товаров";"65+ лет";"Россия";"Неделя";"1";"индекс";"0"
"2023-05-21";65.1606489382;"A";"Данные СберИндекса";"Категории товаров";"65+ лет";"Россия";"Неделя";"1";"индекс";"0"
"2023-05-28";61.9432283966;"A";"Данные СберИндекса";"Категории товаров";"65+ лет";"Россия";"Неделя";"1";"индекс";"0"
"2023-06-04";58.9437512371;"A";"Данные СберИндекса";"Категории товаров";"65+ лет";"Россия";"Неделя";"1";"индекс";"0"
"2023-06-11";63.5577591803;"A";"Данные СберИндекса";"Категории товаров";"65+ лет";"Россия";"Неделя";"1";"индекс";"0"
"2023-06-18";61.792798724;"A";"Данные СберИндекса";"Категории товаров";"65+ лет";"Россия";"Неделя";"1";"индекс";"0"
"2023-06-25";62.7118213838;"A";"Данные СберИндекса";"Категории товаров";"65+ лет";"Россия";"Неделя";"1";"индекс";"0"
"2023-07-02";61.314910301;"A";"Данные СберИндекса";"Категории товаров";"65+ лет";"Россия";"Неделя";"1";"индекс";"0"
"2023-07-09";65.9815877962;"A";"Данные СберИндекса";"Категории товаров";"65+ лет";"Россия";"Неделя";"1";"индекс";"0"
"2023-07-16";65.3688248298;"A";"Данные СберИндекса";"Категории товаров";"65+ лет";"Россия";"Неделя";"1";"индекс";"0"
"2023-07-23";64.012346332;"A";"Данные СберИндекса";"Категории товаров";"65+ лет";"Россия";"Неделя";"1";"индекс";"0"
"2023-07-30";62.9254106384;"A";"Данные СберИндекса";"Категории товаров";"65+ лет";"Россия";"Неделя";"1";"индекс";"0"
"2023-08-06";65.7109639656;"A";"Данные СберИндекса";"Категории товаров";"65+ лет";"Россия";"Неделя";"1";"индекс";"0"
"2023-08-13";64.557254086;"A";"Данные СберИндекса";"Категории товаров";"65+ лет";"Россия";"Неделя";"1";"индекс";"0"
"2023-08-20";68.5149324413;"A";"Данные СберИндекса";"Категории товаров";"65+ лет";"Россия";"Неделя";"1";"индекс";"0"
"2023-08-27";66.0309186949;"A";"Данные СберИндекса";"Категории товаров";"65+ лет";"Россия";"Неделя";"1";"индекс";"0"
"2023-09-03";70.7582879698;"A";"Данные СберИндекса";"Категории товаров";"65+ лет";"Россия";"Неделя";"1";"индекс";"0"
"2023-09-10";65.9724175775;"A";"Данные СберИндекса";"Категории товаров";"65+ лет";"Россия";"Неделя";"1";"индекс";"0"
"2023-09-17";67.1992458673;"A";"Данные СберИндекса";"Категории товаров";"65+ лет";"Россия";"Неделя";"1";"индекс";"0"
"2023-09-24";68.3072074324;"A";"Данные СберИндекса";"Категории товаров";"65+ лет";"Россия";"Неделя";"1";"индекс";"0"
"2023-10-01";66.6787102392;"A";"Данные СберИндекса";"Категории товаров";"65+ лет";"Россия";"Неделя";"1";"индекс";"0"
"2023-10-08";68.6833089886;"A";"Данные СберИндекса";"Категории товаров";"65+ лет";"Россия";"Неделя";"1";"индекс";"0"
"2023-10-15";68.3635169123;"A";"Данные СберИндекса";"Категории товаров";"65+ лет";"Россия";"Неделя";"1";"индекс";"0"
"2023-10-22";68.8034719143;"A";"Данные СберИндекса";"Категории товаров";"65+ лет";"Россия";"Неделя";"1";"индекс";"0"
"2023-10-29";67.2656900549;"A";"Данные СберИндекса";"Категории товаров";"65+ лет";"Россия";"Неделя";"1";"индекс";"0"
"2023-11-05";64.8148688163;"A";"Данные СберИндекса";"Категории товаров";"65+ лет";"Россия";"Неделя";"1";"индекс";"0"
"2023-11-12";67.7405725495;"A";"Данные СберИндекса";"Категории товаров";"65+ лет";"Россия";"Неделя";"1";"индекс";"0"
"2023-11-19";66.9728462351;"A";"Данные СберИндекса";"Категории товаров";"65+ лет";"Россия";"Неделя";"1";"индекс";"0"
"2023-11-26";66.9568784497;"A";"Данные СберИндекса";"Категории товаров";"65+ лет";"Россия";"Неделя";"1";"индекс";"0"
"2023-12-03";61.9727646102;"A";"Данные СберИндекса";"Категории товаров";"65+ лет";"Россия";"Неделя";"1";"индекс";"0"
"2023-12-10";62.9927879167;"A";"Данные СберИндекса";"Категории товаров";"65+ лет";"Россия";"Неделя";"1";"индекс";"0"
"2023-12-17";60.8623349496;"A";"Данные СберИндекса";"Категории товаров";"65+ лет";"Россия";"Неделя";"1";"индекс";"0"
"2023-12-24";61.5923125496;"A";"Данные СберИндекса";"Категории товаров";"65+ лет";"Россия";"Неделя";"1";"индекс";"0"
"2023-12-31";55.0947255486;"A";"Данные СберИндекса";"Категории товаров";"65+ лет";"Россия";"Неделя";"1";"индекс";"0"
"2024-01-07";46.4840793888;"A";"Данные СберИндекса";"Категории товаров";"65+ лет";"Россия";"Неделя";"1";"индекс";"0"
"2024-01-14";54.5115455447;"A";"Данные СберИндекса";"Категории товаров";"65+ лет";"Россия";"Неделя";"1";"индекс";"0"
"2024-01-21";57.4933649442;"A";"Данные СберИндекса";"Категории товаров";"65+ лет";"Россия";"Неделя";"1";"индекс";"0"
"2024-01-28";54.7959518168;"A";"Данные СберИндекса";"Категории товаров";"65+ лет";"Россия";"Неделя";"1";"индекс";"0"
"2024-02-04";55.3999671881;"A";"Данные СберИндекса";"Категории товаров";"65+ лет";"Россия";"Неделя";"1";"индекс";"0"
"2024-02-11";56.7347135486;"A";"Данные СберИндекса";"Категории товаров";"65+ лет";"Россия";"Неделя";"1";"индекс";"0"
"2024-02-18";59.0507256766;"A";"Данные СберИндекса";"Категории товаров";"65+ лет";"Россия";"Неделя";"1";"индекс";"0"
"2024-02-25";59.0971540217;"A";"Данные СберИндекса";"Категории товаров";"65+ лет";"Россия";"Неделя";"1";"индекс";"0"
"2024-03-03";62.308142622;"A";"Данные СберИндекса";"Категории товаров";"65+ лет";"Россия";"Неделя";"1";"индекс";"0"
"2024-03-10";60.8429569613;"A";"Данные СберИндекса";"Категории товаров";"65+ лет";"Россия";"Неделя";"1";"индекс";"0"
"2024-03-17";60.4021777728;"A";"Данные СберИндекса";"Категории товаров";"65+ лет";"Россия";"Неделя";"1";"индекс";"0"
"2024-03-24";62.5785131497;"A";"Данные СберИндекса";"Категории товаров";"65+ лет";"Россия";"Неделя";"1";"индекс";"0"
"2024-03-31";61.8873021518;"A";"Данные СберИндекса";"Категории товаров";"65+ лет";"Россия";"Неделя";"1";"индекс";"0"
"2024-04-07";63.3842927706;"A";"Данные СберИндекса";"Категории товаров";"65+ лет";"Россия";"Неделя";"1";"индекс";"0"
"2024-04-14";65.5301098027;"A";"Данные СберИндекса";"Категории товаров";"65+ лет";"Россия";"Неделя";"1";"индекс";"0"
"2024-04-21";65.419738593;"A";"Данные СберИндекса";"Категории товаров";"65+ лет";"Россия";"Неделя";"1";"индекс";"0"
"2024-04-28";65.9269539288;"A";"Данные СберИндекса";"Категории товаров";"65+ лет";"Россия";"Неделя";"1";"индекс";"0"
"2024-05-05";53.3824829097;"A";"Данные СберИндекса";"Категории товаров";"65+ лет";"Россия";"Неделя";"1";"индекс";"0"
"2024-05-12";57.1772552683;"A";"Данные СберИндекса";"Категории товаров";"65+ лет";"Россия";"Неделя";"1";"индекс";"0"
"2024-05-19";66.130826989;"A";"Данные СберИндекса";"Категории товаров";"65+ лет";"Россия";"Неделя";"1";"индекс";"0"
"2024-05-26";67.0753770962;"A";"Данные СберИндекса";"Категории товаров";"65+ лет";"Россия";"Неделя";"1";"индекс";"0"
"2024-06-02";67.0567874391;"A";"Данные СберИндекса";"Категории товаров";"65+ лет";"Россия";"Неделя";"1";"индекс";"0"
"2024-06-09";65.3721539599;"A";"Данные СберИндекса";"Категории товаров";"65+ лет";"Россия";"Неделя";"1";"индекс";"0"
"2024-06-16";66.3129595109;"A";"Данные СберИндекса";"Категории товаров";"65+ лет";"Россия";"Неделя";"1";"индекс";"0"
"2024-06-23";65.7665544328;"A";"Данные СберИндекса";"Категории товаров";"65+ лет";"Россия";"Неделя";"1";"индекс";"0"
"2024-06-30";66.0249916474;"A";"Данные СберИндекса";"Категории товаров";"65+ лет";"Россия";"Неделя";"1";"индекс";"0"
"2024-07-07";65.7028868345;"A";"Данные СберИндекса";"Категории товаров";"65+ лет";"Россия";"Неделя";"1";"индекс";"0"
"2024-07-14";66.3221308191;"A";"Данные СберИндекса";"Категории товаров";"65+ лет";"Россия";"Неделя";"1";"индекс";"0"
"2024-07-21";65.5507427689;"A";"Данные СберИндекса";"Категории товаров";"65+ лет";"Россия";"Неделя";"1";"индекс";"0"
"2024-07-28";61.9995873789;"A";"Данные СберИндекса";"Категории товаров";"65+ лет";"Россия";"Неделя";"1";"индекс";"0"
"2024-08-04";62.0287163524;"A";"Данные СберИндекса";"Категории товаров";"65+ лет";"Россия";"Неделя";"1";"индекс";"0"
"2024-08-11";63.4711005552;"A";"Данные СберИндекса";"Категории товаров";"65+ лет";"Россия";"Неделя";"1";"индекс";"0"
"2024-08-18";63.2166325814;"A";"Данные СберИндекса";"Категории товаров";"65+ лет";"Россия";"Неделя";"1";"индекс";"0"
"2024-08-25";62.4386555493;"A";"Данные СберИндекса";"Категории товаров";"65+ лет";"Россия";"Неделя";"1";"индекс";"0"
"2024-09-01";62.2359726122;"A";"Данные СберИндекса";"Категории товаров";"65+ лет";"Россия";"Неделя";"1";"индекс";"0"
"2024-09-08";63.8875394181;"A";"Данные СберИндекса";"Категории товаров";"65+ лет";"Россия";"Неделя";"1";"индекс";"0"
"2024-09-15";63.8736462321;"A";"Данные СберИндекса";"Категории товаров";"65+ лет";"Россия";"Неделя";"1";"индекс";"0"
"2024-09-22";65.3719072175;"A";"Данные СберИндекса";"Категории товаров";"65+ лет";"Россия";"Неделя";"1";"индекс";"0"
"2024-09-29";68.6805014807;"A";"Данные СберИндекса";"Категории товаров";"65+ лет";"Россия";"Неделя";"1";"индекс";"0"
"2024-10-06";66.7513857075;"A";"Данные СберИндекса";"Категории товаров";"65+ лет";"Россия";"Неделя";"1";"индекс";"0"
"2024-10-13";64.9408611876;"A";"Данные СберИндекса";"Категории товаров";"65+ лет";"Россия";"Неделя";"1";"индекс";"0"
"2024-10-20";66.9210442619;"A";"Данные СберИндекса";"Категории товаров";"65+ лет";"Россия";"Неделя";"1";"индекс";"0"
"2024-10-27";66.6227586219;"A";"Данные СберИндекса";"Категории товаров";"65+ лет";"Россия";"Неделя";"1";"индекс";"0"
"2024-11-03";61.6185376625;"A";"Данные СберИндекса";"Категории товаров";"65+ лет";"Россия";"Неделя";"1";"индекс";"0"
"2024-11-10";61.6878845141;"A";"Данные СберИндекса";"Категории товаров";"65+ лет";"Россия";"Неделя";"1";"индекс";"0"
"2024-11-17";66.7107656512;"A";"Данные СберИндекса";"Категории товаров";"65+ лет";"Россия";"Неделя";"1";"индекс";"0"
"2024-11-24";62.0725982463;"A";"Данные СберИндекса";"Категории товаров";"65+ лет";"Россия";"Неделя";"1";"индекс";"0"
"2024-12-01";65.0414285276;"A";"Данные СберИндекса";"Категории товаров";"65+ лет";"Россия";"Неделя";"1";"индекс";"0"
"2024-12-08";63.2306792676;"A";"Данные СберИндекса";"Категории товаров";"65+ лет";"Россия";"Неделя";"1";"индекс";"0"
"2024-12-15";60.2771940274;"A";"Данные СберИндекса";"Категории товаров";"65+ лет";"Россия";"Неделя";"1";"индекс";"0"
"2024-12-22";60.8906095691;"A";"Данные СберИндекса";"Категории товаров";"65+ лет";"Россия";"Неделя";"1";"индекс";"0"
"2024-12-29";58.0270641304;"A";"Данные СберИндекса";"Категории товаров";"65+ лет";"Россия";"Неделя";"1";"индекс";"0"
"2025-01-05";40.8864864362;"A";"Данные СберИндекса";"Категории товаров";"65+ лет";"Россия";"Неделя";"1";"индекс";"0"
"2025-01-12";48.7559057486;"A";"Данные СберИндекса";"Категории товаров";"65+ лет";"Россия";"Неделя";"1";"индекс";"0"
"2025-01-19";56.2117569941;"A";"Данные СберИндекса";"Категории товаров";"65+ лет";"Россия";"Неделя";"1";"индекс";"0"
"2025-01-26";55.801578591;"A";"Данные СберИндекса";"Категории товаров";"65+ лет";"Россия";"Неделя";"1";"индекс";"0"
"2025-02-02";53.7941817899;"A";"Данные СберИндекса";"Категории товаров";"65+ лет";"Россия";"Неделя";"1";"индекс";"0"
"2025-02-09";54.2758731787;"A";"Данные СберИндекса";"Категории товаров";"65+ лет";"Россия";"Неделя";"1";"индекс";"0"
"2025-02-16";57.6620385278;"A";"Данные СберИндекса";"Категории товаров";"65+ лет";"Россия";"Неделя";"1";"индекс";"0"
"2025-02-23";53.9823798062;"A";"Данные СберИндекса";"Категории товаров";"65+ лет";"Россия";"Неделя";"1";"индекс";"0"
"2025-03-02";54.6307962184;"A";"Данные СберИндекса";"Категории товаров";"65+ лет";"Россия";"Неделя";"1";"индекс";"0"
"2025-03-09";57.6696801154;"A";"Данные СберИндекса";"Категории товаров";"65+ лет";"Россия";"Неделя";"1";"индекс";"0"
"2025-03-16";59.8796017595;"A";"Данные СберИндекса";"Категории товаров";"65+ лет";"Россия";"Неделя";"1";"индекс";"0"
"2025-03-23";60.6209272063;"A";"Данные СберИндекса";"Категории товаров";"65+ лет";"Россия";"Неделя";"1";"индекс";"0"
"2025-03-30";56.7856159262;"A";"Данные СберИндекса";"Категории товаров";"65+ лет";"Россия";"Неделя";"1";"индекс";"0"
"2025-04-06";58.2617598693;"A";"Данные СберИндекса";"Категории товаров";"65+ лет";"Россия";"Неделя";"1";"индекс";"0"
"2025-04-13";57.5572867334;"A";"Данные СберИндекса";"Категории товаров";"65+ лет";"Россия";"Неделя";"1";"индекс";"0"
"2025-04-20";54.962403804;"A";"Данные СберИндекса";"Категории товаров";"65+ лет";"Россия";"Неделя";"1";"индекс";"0"
"2025-04-27";60.2803317551;"A";"Данные СберИндекса";"Категории товаров";"65+ лет";"Россия";"Неделя";"1";"индекс";"0"
"2025-05-04";53.6683235118;"A";"Данные СберИндекса";"Категории товаров";"65+ лет";"Россия";"Неделя";"1";"индекс";"0"
"2025-05-11";50.3555186843;"A";"Данные СберИндекса";"Категории товаров";"65+ лет";"Россия";"Неделя";"1";"индекс";"0"
"2025-05-18";60.3638206069;"A";"Данные СберИндекса";"Категории товаров";"65+ лет";"Россия";"Неделя";"1";"индекс";"0"
"2025-05-25";60.4678168981;"A";"Данные СберИндекса";"Категории товаров";"65+ лет";"Россия";"Неделя";"1";"индекс";"0"
"2025-06-01";59.1873158598;"A";"Данные СберИндекса";"Категории товаров";"65+ лет";"Россия";"Неделя";"1";"индекс";"0"
"2025-06-08";60.8361932766;"A";"Данные СберИндекса";"Категории товаров";"65+ лет";"Россия";"Неделя";"1";"индекс";"0"
"2025-06-15";56.3312033771;"A";"Данные СберИндекса";"Категории товаров";"65+ лет";"Россия";"Неделя";"1";"индекс";"0"
"2025-06-22";59.603560124;"A";"Данные СберИндекса";"Категории товаров";"65+ лет";"Россия";"Неделя";"1";"индекс";"0"
"2025-06-29";60.2740193302;"A";"Данные СберИндекса";"Категории товаров";"65+ лет";"Россия";"Неделя";"1";"индекс";"0"
"2025-07-06";62.7992860563;"A";"Данные СберИндекса";"Категории товаров";"65+ лет";"Россия";"Неделя";"1";"индекс";"0"
"2025-07-13";60.7193222299;"A";"Данные СберИндекса";"Категории товаров";"65+ лет";"Россия";"Неделя";"1";"индекс";"0"
"2025-07-20";65.9901957112;"A";"Данные СберИндекса";"Категории товаров";"65+ лет";"Россия";"Неделя";"1";"индекс";"0"
"2025-07-27";59.285570835;"A";"Данные СберИндекса";"Категории товаров";"65+ лет";"Россия";"Неделя";"1";"индекс";"0"
"2025-08-03";60.7025853153;"A";"Данные СберИндекса";"Категории товаров";"65+ лет";"Россия";"Неделя";"1";"индекс";"0"
"2025-08-10";60.7800634707;"A";"Данные СберИндекса";"Категории товаров";"65+ лет";"Россия";"Неделя";"1";"индекс";"0"
"2025-08-17";63.6804945205;"A";"Данные СберИндекса";"Категории товаров";"65+ лет";"Россия";"Неделя";"1";"индекс";"0"
"2025-08-24";64.8597149267;"A";"Данные СберИндекса";"Категории товаров";"65+ лет";"Россия";"Неделя";"1";"индекс";"0"
"2025-08-31";63.3827137145;"A";"Данные СберИндекса";"Категории товаров";"65+ лет";"Россия";"Неделя";"1";"индекс";"0"
"2025-09-07";62.5213339627;"A";"Данные СберИндекса";"Категории товаров";"65+ лет";"Россия";"Неделя";"1";"индекс";"0"
"2025-09-14";62.3758820969;"A";"Данные СберИндекса";"Категории товаров";"65+ лет";"Россия";"Неделя";"1";"индекс";"0"
"2025-09-21";67.413819173;"A";"Данные СберИндекса";"Категории товаров";"65+ лет";"Россия";"Неделя";"1";"индекс";"0"
"2025-09-28";69.8668461609;"A";"Данные СберИндекса";"Категории товаров";"65+ лет";"Россия";"Неделя";"1";"индекс";"0"
"2025-10-05";68.9559503922;"A";"Данные СберИндекса";"Категории товаров";"65+ лет";"Россия";"Неделя";"1";"индекс";"0"
"2025-10-12";68.0002050994;"A";"Данные СберИндекса";"Категории товаров";"65+ лет";"Россия";"Неделя";"1";"индекс";"0"
"2025-10-19";67.3644033088;"A";"Данные СберИндекса";"Категории товаров";"65+ лет";"Россия";"Неделя";"1";"индекс";"0"
"2025-10-26";64.5485543459;"A";"Данные СберИндекса";"Категории товаров";"65+ лет";"Россия";"Неделя";"1";"индекс";"0"
"2025-11-02";62.087303445;"A";"Данные СберИндекса";"Категории товаров";"65+ лет";"Россия";"Неделя";"1";"индекс";"0"
"2025-11-09";62.7757684891;"A";"Данные СберИндекса";"Категории товаров";"65+ лет";"Россия";"Неделя";"1";"индекс";"0"
"2025-11-16";66.3844023125;"A";"Данные СберИндекса";"Категории товаров";"65+ лет";"Россия";"Неделя";"1";"индекс";"0"
"2025-11-23";66.5805820667;"A";"Данные СберИндекса";"Категории товаров";"65+ лет";"Россия";"Неделя";"1";"индекс";"0"
"2025-11-30";67.8823226276;"A";"Данные СберИндекса";"Категории товаров";"65+ лет";"Россия";"Неделя";"1";"индекс";"0"
"2025-12-07";63.3426208192;"A";"Данные СберИндекса";"Категории товаров";"65+ лет";"Россия";"Неделя";"1";"индекс";"0"
"2025-12-14";63.726640098;"A";"Данные СберИндекса";"Категории товаров";"65+ лет";"Россия";"Неделя";"1";"индекс";"0"
"2025-12-21";63.8805841201;"A";"Данные СберИндекса";"Категории товаров";"65+ лет";"Россия";"Неделя";"1";"индекс";"0"
"2025-12-28";59.8636711759;"A";"Данные СберИндекса";"Категории товаров";"65+ лет";"Россия";"Неделя";"1";"индекс";"0"
"2026-01-04";46.1753884513;"A";"Данные СберИндекса";"Категории товаров";"65+ лет";"Россия";"Неделя";"1";"индекс";"0"
"2026-01-11";46.5029034666;"A";"Данные СберИндекса";"Категории товаров";"65+ лет";"Россия";"Неделя";"1";"индекс";"0"
"2026-01-18";55.7673746815;"A";"Данные СберИндекса";"Категории товаров";"65+ лет";"Россия";"Неделя";"1";"индекс";"0"
"2026-01-25";54.6204816969;"A";"Данные СберИндекса";"Категории товаров";"65+ лет";"Россия";"Неделя";"1";"индекс";"0"
"2026-02-01";52.7607649817;"A";"Данные СберИндекса";"Категории товаров";"65+ лет";"Россия";"Неделя";"1";"индекс";"0"
"2026-02-08";54.8880338664;"A";"Данные СберИндекса";"Категории товаров";"65+ лет";"Россия";"Неделя";"1";"индекс";"0"
"2026-02-15";55.9865826022;"A";"Данные СберИндекса";"Категории товаров";"65+ лет";"Россия";"Неделя";"1";"индекс";"0"
"2026-02-22";56.3887972708;"A";"Данные СберИндекса";"Категории товаров";"65+ лет";"Россия";"Неделя";"1";"индекс";"0"
"2026-03-01";53.9140053158;"A";"Данные СберИндекса";"Категории товаров";"65+ лет";"Россия";"Неделя";"1";"индекс";"0"
"2026-03-08";55.2647654659;"A";"Данные СберИндекса";"Категории товаров";"65+ лет";"Россия";"Неделя";"1";"индекс";"0"
"2026-03-15";60.1643907535;"A";"Данные СберИндекса";"Категории товаров";"65+ лет";"Россия";"Неделя";"1";"индекс";"0"
"2026-03-22";59.6009911817;"A";"Данные СберИндекса";"Категории товаров";"65+ лет";"Россия";"Неделя";"1";"индекс";"0"
"2026-03-29";59.8179362558;"A";"Данные СберИндекса";"Категории товаров";"65+ лет";"Россия";"Неделя";"1";"индекс";"0"
"2026-04-05";60.5442036061;"A";"Данные СберИндекса";"Категории товаров";"65+ лет";"Россия";"Неделя";"1";"индекс";"0"
"2026-04-12";56.3092759397;"A";"Данные СберИндекса";"Категории товаров";"65+ лет";"Россия";"Неделя";"1";"индекс";"0"
"2026-04-19";67.1505091832;"A";"Данные СберИндекса";"Категории товаров";"65+ лет";"Россия";"Неделя";"1";"индекс";"0"
"2026-04-26";60.0169591561;"A";"Данные СберИндекса";"Категории товаров";"65+ лет";"Россия";"Неделя";"1";"индекс";"0"
"2026-05-03";60.9597200553;"A";"Данные СберИндекса";"Категории товаров";"65+ лет";"Россия";"Неделя";"1";"индекс";"0"
"2026-05-10";57.5587491197;"A";"Данные СберИндекса";"Категории товаров";"65+ лет";"Россия";"Неделя";"1";"индекс";"0"
"2026-05-17";60.8639637761;"A";"Данные СберИндекса";"Категории товаров";"65+ лет";"Россия";"Неделя";"1";"индекс";"0"
"2026-05-24";62.3123154291;"A";"Данные СберИндекса";"Категории товаров";"65+ лет";"Россия";"Неделя";"1";"индекс";"0"
"2026-05-31";59.7715610698;"A";"Данные СберИндекса";"Категории товаров";"65+ лет";"Россия";"Неделя";"1";"индекс";"0"
"2026-06-07";62.7049003904;"A";"Данные СберИндекса";"Категории товаров";"65+ лет";"Россия";"Неделя";"1";"индекс";"0"
"2026-06-14";58.9123269322;"A";"Данные СберИндекса";"Категории товаров";"65+ лет";"Россия";"Неделя";"1";"индекс";"0"
"2026-06-21";62.2739000364;"A";"Данные СберИндекса";"Категории товаров";"65+ лет";"Россия";"Неделя";"1";"индекс";"0"
"2026-06-28";60.3233868121;"A";"Данные СберИндекса";"Категории товаров";"65+ лет";"Россия";"Неделя";"1";"индекс";"0"
"2026-07-05";63.1056926725;"A";"Данные СберИндекса";"Категории товаров";"65+ лет";"Россия";"Неделя";"1";"индекс";"0"
"2026-07-12";62.8076486332;"A";"Данные СберИндекса";"Категории товаров";"65+ лет";"Россия";"Неделя";"1";"индекс";"0"
"2026-07-19";62.8495492677;"A";"Данные СберИндекса";"Категории товаров";"65+ лет";"Россия";"Неделя";"1";"индекс";"0"
"2026-07-26";63.520776793;"A";"Данные СберИндекса";"Категории товаров";"65+ лет";"Россия";"Неделя";"1";"индекс";"0"
"2026-08-02";58.4399335697;"A";"Данные СберИндекса";"Категории товаров";"65+ лет";"Россия";"Неделя";"1";"индекс";"0"
"2026-08-09";64.4757690634;"A";"Данные СберИндекса";"Категории товаров";"65+ лет";"Россия";"Неделя";"1";"индекс";"0"
"2026-08-16";65.6517815042;"A";"Данные СберИндекса";"Категории товаров";"65+ лет";"Россия";"Неделя";"1";"индекс";"0"
"2026-08-23";64.9967899094;"A";"Данные СберИндекса";"Категории товаров";"65+ лет";"Россия";"Неделя";"1";"индекс";"0"
"2026-08-30";64.6091704261;"A";"Данные СберИндекса";"Категории товаров";"65+ лет";"Россия";"Неделя";"1";"индекс";"0"
"2026-09-06";63.95007677;"A";"Данные СберИндекса";"Категории товаров";"65+ лет";"Россия";"Неделя";"1";"индекс";"0"
"2026-09-13";66.3536687527;"A";"Данные СберИндекса";"Категории товаров";"65+ лет";"Россия";"Неделя";"1";"индекс";"0"
"2026-09-20";65.9822809824;"A";"Данные СберИндекса";"Категории товаров";"65+ лет";"Россия";"Неделя";"1";"индекс";"0"
"2026-09-27";68.8267970823;"A";"Данные СберИндекса";"Категории товаров";"65+ лет";"Россия";"Неделя";"1";"индекс";"0"