territory_id,region_code,region_name,name,oktmo,lat,lon,coord_source
1,1,Республика Адыгея,городской округ город Майкоп,79-701-000-000,44.6062079,40.104053,admin_center
2,1,Республика Адыгея,городской округ город Адыгейск,79-703-000-000,44.8833775,39.1909625,admin_center
3,1,Республика Адыгея,Гиагинский муниципальный район,79-605-000-000,44.8755853,40.0564982,admin_center
4,1,Республика Адыгея,Кошехабльский муниципальный район,79-615-000-000,44.8964998,40.4963631,admin_center
5,1,Республика Адыгея,Красногвардейский муниципальный район,79-618-000-000,45.1443556,39.5861478,admin_center
6,1,Республика Адыгея,Майкопский муниципальный район,79-622-000-000,44.5093616,40.1762144,admin_center
7,1,Республика Адыгея,Тахтамукайский муниципальный район,79-630-000-000,44.9212862,38.994718,admin_center
8,1,Республика Адыгея,Теучежский муниципальный район,79-633-000-000,44.8876896,39.3828521,admin_center
9,1,Республика Адыгея,Шовгеновский муниципальный район,79-640-000-000,45.020114,40.2291119,admin_center
10,4,Республика Алтай,городской округ город Горно-Алтайск,84-701-000-000,51.957775,85.963653,admin_center
11,4,Республика Алтай,Кош-Агачский муниципальный район,84-610-000-000,49.9947055,88.6628218,admin_center
12,4,Республика Алтай,Майминский муниципальный район,84-615-000-000,52.004684,85.898743,admin_center
13,4,Республика Алтай,Онгудайский муниципальный район,84-620-000-000,50.7495872,86.1335256,admin_center
14,4,Республика Алтай,Турочакский муниципальный район,84-625-000-000,52.259956,87.117538,admin_center
15,4,Республика Алтай,Улаганский муниципальный район,84-630-000-000,50.6317434,87.9561929,admin_center
16,4,Республика Алтай,Усть-Канский муниципальный район,84-635-000-000,50.932003,84.765213,admin_center
17,4,Республика Алтай,Усть-Коксинский муниципальный район,84-640-000-000,50.2695927,85.6155842,admin_center
18,4,Республика Алтай,Чемальский муниципальный район,84-643-000-000,51.4065933,86.0037576,admin_center
19,4,Республика Алтай,Чойский муниципальный район,84-645-000-000,51.8987536,86.5916701,admin_center
20,4,Республика Алтай,Шебалинский муниципальный район,84-650-000-000,51.2922638,85.6739928,admin_center
21,2,Республика Башкортостан,городской округ город Уфа,80-701-000-000,54.7261409,55.947499,admin_center
22,2,Республика Башкортостан,городской округ город Агидель,80-703-000-000,55.899276,53.9374202,admin_center
23,2,Республика Башкортостан,городской округ город Кумертау,80-723-000-000,52.760975,55.796482,admin_center
24,2,Республика Башкортостан,городской округ ЗАТО город Межгорье,80-707-000-000,54.2410247,57.9736815,admin_center
25,2,Республика Башкортостан,городской округ город Нефтекамск,80-727-000-000,56.0884031,54.2478094,admin_center
26,2,Республика Башкортостан,городской округ город Октябрьский,80-735-000-000,54.4809722,53.4660062,admin_center
27,2,Республика Башкортостан,городской округ город Салават,80-739-000-000,53.361687,55.924641,admin_center
28,2,Республика Башкортостан,городской округ город Сибай,80-743-000-000,52.720425,58.665466,admin_center
29,2,Республика Башкортостан,городской округ город Стерлитамак,80-745-000-000,53.632374,55.952259,admin_center
30,2,Республика Башкортостан,Абзелиловский муниципальный район,80-601-000-000,53.3391062,58.5060548,admin_center
31,2,Республика Башкортостан,Альшеевский муниципальный район,80-602-000-000,54.068695,54.941628,admin_center
32,2,Республика Башкортостан,Архангельский муниципальный район,80-603-000-000,54.405724,56.784122,admin_center
33,2,Республика Башкортостан,Аскинский муниципальный район,80-604-000-000,56.0855892,56.5788224,admin_center
34,2,Республика Башкортостан,Аургазинский муниципальный район,80-605-000-000,54.010342,55.886463,admin_center
35,2,Республика Башкортостан,Баймакский муниципальный район,80-606-000-000,52.597919,58.30756,admin_center
36,2,Республика Башкортостан,Бакалинский муниципальный район,80-607-000-000,55.1811919,53.7990407,admin_center
37,2,Республика Башкортостан,Балтачевский муниципальный район,80-608-000-000,56.000443,55.923466,admin_center
38,2,Республика Башкортостан,Белебеевский муниципальный район,80-609-000-000,54.106495,54.107811,admin_center
39,2,Республика Башкортостан,Белокатайский муниципальный район,80-610-000-000,55.704636,58.961376,admin_center
40,2,Республика Башкортостан,Белорецкий муниципальный район,80-611-000-000,53.9680705,58.4099549,admin_center
41,2,Республика Башкортостан,Бижбулякский муниципальный район,80-612-000-000,53.693443,54.268616,admin_center
42,2,Республика Башкортостан,Бирский муниципальный район,80-613-000-000,55.4206774,55.5407179,admin_center
43,2,Республика Башкортостан,Благоварский муниципальный район,80-614-000-000,54.691818,55.01387,admin_center
44,2,Республика Башкортостан,Благовещенский муниципальный район,80-615-000-000,55.031143,55.981876,admin_center
45,2,Республика Башкортостан,Буздякский муниципальный район,80-617-000-000,54.5696389,54.5323993,admin_center
46,2,Республика Башкортостан,Бураевский муниципальный район,80-618-000-000,55.836903,55.410423,admin_center
47,2,Республика Башкортостан,Бурзянский муниципальный район,80-619-000-000,53.1028707,57.4444763,admin_center
48,2,Республика Башкортостан,Гафурийский муниципальный район,80-621-000-000,53.8961616,56.4705604,admin_center
49,2,Республика Башкортостан,Давлекановский муниципальный район,80-622-000-000,54.2129656,55.0307219,admin_center
50,2,Республика Башкортостан,Дуванский муниципальный район,80-623-000-000,55.534695,58.239239,admin_center
51,2,Республика Башкортостан,Дюртюлинский муниципальный район,80-624-000-000,55.490616,54.863895,admin_center
52,2,Республика Башкортостан,Ермекеевский муниципальный район,80-625-000-000,54.073929,53.671932,admin_center
53,2,Республика Башкортостан,Зианчуринский муниципальный район,80-626-000-000,52.189625,56.582493,admin_center
54,2,Республика Башкортостан,Зилаирский муниципальный район,80-627-000-000,52.233707,57.441547,admin_center
55,2,Республика Башкортостан,Иглинский муниципальный район,80-628-000-000,54.8340521,56.4165846,admin_center
56,2,Республика Башкортостан,Илишевский муниципальный район,80-630-000-000,55.4451166,54.3153665,admin_center
57,2,Республика Башкортостан,Ишимбайский муниципальный район,80-631-000-000,53.4546454,56.0439119,admin_center
58,2,Республика Башкортостан,Калтасинский муниципальный район,80-633-000-000,55.970051,54.7900496,admin_center
59,2,Республика Башкортостан,Караидельский муниципальный район,80-634-000-000,55.83279,56.913136,admin_center
60,2,Республика Башкортостан,Кармаскалинский муниципальный район,80-635-000-000,54.367451,56.168819,admin_center
61,2,Республика Башкортостан,Кигинский муниципальный район,80-636-000-000,55.4059473,58.5993731,admin_center
62,2,Республика Башкортостан,Краснокамский муниципальный район,80-637-000-000,56.1286312,54.1702787,admin_center
63,2,Республика Башкортостан,Кугарчинский муниципальный район,80-638-000-000,52.7154243,56.6223067,admin_center
64,2,Республика Башкортостан,Куюргазинский муниципальный район,80-639-000-000,52.7071075,55.8039121,admin_center
65,2,Республика Башкортостан,Кушнаренковский муниципальный район,80-640-000-000,55.107124,55.342201,admin_center
66,2,Республика Башкортостан,Мелеузовский муниципальный район,80-641-000-000,52.96328,55.928612,admin_center
67,2,Республика Башкортостан,Мечетлинский муниципальный район,80-642-000-000,55.95219,58.2687,admin_center
68,2,Республика Башкортостан,Мишкинский муниципальный район,80-643-000-000,55.531227,55.970352,admin_center
69,2,Республика Башкортостан,Миякинский муниципальный район,80-644-000-000,53.629292,54.800922,admin_center
70,2,Республика Башкортостан,Нуримановский муниципальный район,80-645-000-000,55.1897234,56.6677432,admin_center
71,2,Республика Башкортостан,Салаватский муниципальный район,80-647-000-000,55.2034086,58.1536392,admin_center
72,2,Республика Башкортостан,Стерлибашевский муниципальный район,80-648-000-000,53.438549,55.256725,admin_center
73,2,Республика Башкортостан,Стерлитамакский муниципальный район,80-649-000-000,53.632374,55.952259,admin_center
74,2,Республика Башкортостан,Татышлинский муниципальный район,80-650-000-000,56.2921876,55.8557435,admin_center
75,2,Республика Башкортостан,Туймазинский муниципальный район,80-651-000-000,54.606537,53.6974004,admin_center
76,2,Республика Башкортостан,Уфимский муниципальный район,80-652-000-000,54.7261409,55.947499,admin_center
77,2,Республика Башкортостан,Учалинский муниципальный район,80-653-000-000,54.316597,59.384636,admin_center
78,2,Республика Башкортостан,Федоровский муниципальный район,80-654-000-000,53.1771974,55.1864825,admin_center
79,2,Республика Башкортостан,Хайбуллинский муниципальный район,80-655-000-000,51.865116,58.220215,admin_center
80,2,Республика Башкортостан,Чекмагушевский муниципальный район,80-656-000-000,55.1378996,54.6534999,admin_center
81,2,Республика Башкортостан,Чишминский муниципальный район,80-657-000-000,54.58968,55.385605,admin_center
82,2,Республика Башкортостан,Шаранский муниципальный район,80-658-000-000,54.8182509,54.0016574,admin_center
83,2,Республика Башкортостан,Янаульский муниципальный район,80-659-000-000,56.2714237,54.9294823,admin_center
84,3,Республика Бурятия,городской округ город Улан-Удэ,81-701-000-000,51.8357841,107.5839105,admin_center
85,3,Республика Бурятия,городской округ город Северобайкальск,81-720-000-000,55.635967,109.335648,admin_center
86,3,Республика Бурятия,Баргузинский муниципальный район,81-603-000-000,53.617638,109.632744,admin_center
87,3,Республика Бурятия,Баунтовский эвенкийский муниципальный район,81-606-000-000,54.443378,113.590469,admin_center
88,3,Республика Бурятия,Бичурский муниципальный район,81-609-000-000,50.588627,107.599274,admin_center
89,3,Республика Бурятия,Джидинский муниципальный район,81-612-000-000,50.61087,105.319412,admin_center
90,3,Республика Бурятия,Еравнинский муниципальный район,81-615-000-000,52.528614,111.538063,admin_center
91,3,Республика Бурятия,Заиграевский муниципальный район,81-618-000-000,51.834293,108.270615,admin_center
92,3,Республика Бурятия,Закаменский муниципальный район,81-621-000-000,50.3778,103.2915,admin_center
93,3,Республика Бурятия,Иволгинский муниципальный район,81-622-000-000,51.745052,107.281174,admin_center
94,3,Республика Бурятия,Кабанский муниципальный район,81-624-000-000,52.0523897,106.6548779,admin_center
95,3,Республика Бурятия,Кижингинский муниципальный район,81-627-000-000,51.84956,109.913147,admin_center
96,3,Республика Бурятия,Курумканский муниципальный район,81-630-000-000,54.326336,110.323257,admin_center
97,3,Республика Бурятия,Кяхтинский муниципальный район,81-633-000-000,50.353176,106.44915,admin_center
98,3,Республика Бурятия,Муйский муниципальный район,81-635-000-000,56.355515,114.837982,admin_center
99,3,Республика Бурятия,Мухоршибирский муниципальный район,81-636-000-000,51.046997,107.828537,admin_center
100,3,Республика Бурятия,Окинский муниципальный район,81-639-000-000,52.5127688,99.8271705,admin_center
101,3,Республика Бурятия,Прибайкальский муниципальный район,81-642-000-000,52.2025,107.639,admin_center
102,3,Республика Бурятия,Северо-Байкальский муниципальный район,81-645-000-000,55.783573,109.571762,admin_center
103,3,Республика Бурятия,Селенгинский муниципальный район,81-648-000-000,51.289516,106.527008,admin_center
104,3,Республика Бурятия,Тарбагатайский муниципальный район,81-650-000-000,51.48373,107.357605,admin_center
105,3,Республика Бурятия,Тункинский муниципальный район,81-651-000-000,51.682404,102.132912,admin_center
106,3,Республика Бурятия,Хоринский муниципальный район,81-657-000-000,52.1615011,109.7629245,admin_center
107,5,Республика Дагестан,городской округ город Махачкала,82-701-000-000,42.9830241,47.5048717,admin_center
108,5,Республика Дагестан,городской округ город Буйнакск,82-705-000-000,42.8260906,47.1219624,admin_center
109,5,Республика Дагестан,городской округ город Дагестанские Огни,82-708-000-000,42.1152434,48.1864201,admin_center
110,5,Республика Дагестан,городской округ город Дербент,82-710-000-000,42.057858,48.2887648,admin_center
111,5,Республика Дагестан,городской округ город Избербаш,82-715-000-000,42.5710804,47.862999,admin_center
112,5,Республика Дагестан,городской округ город Каспийск,82-720-000-000,42.8881414,47.6424676,admin_center
113,5,Республика Дагестан,городской округ город Кизилюрт,82-725-000-000,43.1999049,46.8713343,admin_center
114,5,Республика Дагестан,городской округ город Кизляр,82-730-000-000,43.8546727,46.7139329,admin_center
115,5,Республика Дагестан,городской округ город Хасавюрт,82-735-000-000,43.246916,46.5855184,admin_center
116,5,Республика Дагестан,городской округ город Южно-Сухокумск,82-738-000-000,44.662231,45.645138,admin_center
117,5,Республика Дагестан,Агульский муниципальный район,82-601-000-000,41.7800801,47.5924067,admin_center
118,5,Республика Дагестан,Акушинский муниципальный район,82-603-000-000,42.277637,47.344593,admin_center
119,5,Республика Дагестан,Ахвахский муниципальный район,82-605-000-000,42.5956742,46.3395265,admin_center
120,5,Республика Дагестан,Ахтынский муниципальный район,82-606-000-000,41.462914,47.742794,admin_center
121,5,Республика Дагестан,Бабаюртовский муниципальный район,82-607-000-000,43.6004059,46.7775013,admin_center
122,5,Республика Дагестан,Ботлихский муниципальный район,82-609-000-000,42.6644608,46.2184512,admin_center
123,5,Республика Дагестан,Буйнакский муниципальный район,82-611-000-000,42.8260906,47.1219624,admin_center
124,5,Республика Дагестан,Гергебильский муниципальный район,82-613-000-000,42.5022403,47.0601713,admin_center
125,5,Республика Дагестан,Гумбетовский муниципальный район,82-615-000-000,42.790592,46.503067,admin_center
126,5,Республика Дагестан,Гунибский муниципальный район,82-616-000-000,42.3870221,46.9646632,admin_center
127,5,Республика Дагестан,Дахадаевский муниципальный район,82-618-000-000,42.1637654,47.6307287,admin_center
128,5,Республика Дагестан,Дербентский муниципальный район,82-620-000-000,42.057858,48.2887648,admin_center
129,5,Республика Дагестан,Докузпаринский муниципальный район,82-621-000-000,41.3899725,47.9046498,admin_center
130,5,Республика Дагестан,Казбековский муниципальный район,82-622-000-000,43.0677247,46.6347976,admin_center
131,5,Республика Дагестан,Кайтагский муниципальный район,82-623-000-000,42.1206478,47.8343423,admin_center
132,5,Республика Дагестан,Каякентский муниципальный район,82-624-000-000,42.3883168,47.9888016,admin_center
133,5,Республика Дагестан,Кизилюртовский муниципальный район,82-626-000-000,43.1999049,46.8713343,admin_center
134,5,Республика Дагестан,Кизлярский муниципальный район,82-627-000-000,43.8546727,46.7139329,admin_center
135,5,Республика Дагестан,Кулинский муниципальный район,82-629-000-000,42.0720178,47.2149487,admin_center
136,5,Республика Дагестан,Курахский муниципальный район,82-630-000-000,41.58411,47.783661,admin_center
137,5,Республика Дагестан,Лакский муниципальный район,82-632-000-000,42.1702303,47.1182659,admin_center
138,5,Республика Дагестан,Левашинский муниципальный район,82-634-000-000,42.430695,47.323261,admin_center
139,5,Республика Дагестан,Карабудахкентский муниципальный район,82-635-000-000,42.7105994,47.5766777,admin_center
140,5,Республика Дагестан,Кумторкалинский муниципальный район,82-636-000-000,43.0222127,47.2958126,admin_center
141,5,Республика Дагестан,Магарамкентский муниципальный район,82-637-000-000,41.6161537,48.349529,admin_center
142,5,Республика Дагестан,Новолакский муниципальный район,82-639-000-000,43.1201006,46.4829765,admin_center
143,5,Республика Дагестан,Ногайский муниципальный район,82-640-000-000,44.164783,45.873196,admin_center
144,5,Республика Дагестан,Рутульский муниципальный район,82-642-000-000,41.5335376,47.424484,admin_center
145,5,Республика Дагестан,Сергокалинский муниципальный район,82-644-000-000,42.453342,47.665371,admin_center
146,5,Республика Дагестан,Шамильский муниципальный район,82-646-000-000,42.444214,46.55098,admin_center
147,5,Республика Дагестан,Сулейман-Стальский муниципальный район,82-647-000-000,41.6758118,48.1516324,admin_center
148,5,Республика Дагестан,Табасаранский муниципальный район,82-648-000-000,41.9522478,47.9495559,admin_center
149,5,Республика Дагестан,Тарумовский муниципальный район,82-649-000-000,44.074501,46.537163,admin_center
150,5,Республика Дагестан,Тляратинский муниципальный район,82-651-000-000,42.107426,46.355,admin_center
151,5,Республика Дагестан,Унцукульский муниципальный район,82-653-000-000,42.712723,46.789848,admin_center
152,5,Республика Дагестан,Хасавюртовский муниципальный район,82-654-000-000,43.246916,46.5855184,admin_center
153,5,Республика Дагестан,Хивский муниципальный район,82-655-000-000,41.752754,47.926189,admin_center
154,5,Республика Дагестан,Хунзахский муниципальный район,82-656-000-000,42.545231,46.707104,admin_center
155,5,Республика Дагестан,Цумадинский муниципальный район,82-657-000-000,42.539375,46.122169,admin_center
156,5,Республика Дагестан,Цунтинский муниципальный район,82-658-000-000,42.190027,45.9638464,admin_center
157,5,Республика Дагестан,Чародинский муниципальный район,82-659-000-000,42.238262,46.834106,admin_center
158,6,Республика Ингушетия,городской округ город Магас,26-701-000-000,43.1666497,44.8048191,admin_center
159,6,Республика Ингушетия,городской округ город Малгобек,26-715-000-000,43.5127189,44.5869588,admin_center
160,6,Республика Ингушетия,городской округ город Назрань,26-706-000-000,43.2320774,44.7540128,admin_center
161,6,Республика Ингушетия,городской округ город Карабулак,26-710-000-000,43.3094909,44.910334,admin_center
162,6,Республика Ингушетия,городской округ город Сунжа,26-720-000-000,43.3134582,45.0506114,admin_center
163,6,Республика Ингушетия,Джейрахский муниципальный район,26-620-000-000,42.8227895,44.675598,admin_center
164,6,Республика Ингушетия,Малгобекский муниципальный район,26-615-000-000,43.5127189,44.5869588,admin_center
165,6,Республика Ингушетия,Назрановский муниципальный район,26-605-000-000,43.2320774,44.7540128,admin_center
166,6,Республика Ингушетия,Сунженский муниципальный район,26-610-000-000,43.3134582,45.0506114,admin_center
167,7,Кабардино-Балкарская Республика,городской округ Нальчик,83-701-000-000,43.4769604,43.5966578,admin_center
168,7,Кабардино-Балкарская Республика,городской округ Баксан,83-703-000-000,43.6820626,43.5344319,admin_center
169,7,Кабардино-Балкарская Республика,городской округ Прохладный,83-710-000-000,43.7590017,44.0103981,admin_center
170,7,Кабардино-Балкарская Республика,Баксанский муниципальный район,83-610-000-000,43.6820626,43.5344319,admin_center
171,7,Кабардино-Балкарская Республика,Зольский муниципальный район,83-615-000-000,43.8996316,43.2179308,admin_center
172,7,Кабардино-Балкарская Республика,Лескенский муниципальный район,83-618-000-000,43.3549219,43.9398825,admin_center
173,7,Кабардино-Балкарская Республика,Майский муниципальный район,83-620-000-000,43.6282481,44.0518741,admin_center
174,7,Кабардино-Балкарская Республика,Прохладненский муниципальный район,83-625-000-000,43.7590017,44.0103981,admin_center
175,7,Кабардино-Балкарская Республика,Черекский муниципальный район,83-630-000-000,43.3191905,43.6091174,admin_center
176,7,Кабардино-Балкарская Республика,Терский муниципальный район,83-635-000-000,43.4826692,44.1363776,admin_center
177,7,Кабардино-Балкарская Республика,Урванский муниципальный район,83-640-000-000,43.5561489,43.8616759,admin_center
178,7,Кабардино-Балкарская Республика,Чегемский муниципальный район,83-645-000-000,43.5655936,43.5899021,admin_center
179,7,Кабардино-Балкарская Республика,Эльбрусский муниципальный район,83-648-000-000,43.3958986,42.9230751,admin_center
180,8,Республика Калмыкия,городской округ город Элиста,85-701-000-000,46.306999,44.270187,admin_center
181,8,Республика Калмыкия,Городовиковский муниципальный район,85-605-000-000,46.082851,41.934269,admin_center
182,8,Республика Калмыкия,Ики-Бурульский муниципальный район,85-610-000-000,45.822998,44.647003,admin_center
183,8,Республика Калмыкия,Кетченеровский муниципальный район,85-625-000-000,47.304371,44.528316,admin_center
184,8,Республика Калмыкия,Лаганский муниципальный район,85-615-000-000,45.392059,47.361282,admin_center
185,8,Республика Калмыкия,Малодербетовский муниципальный район,85-620-000-000,47.9509398,44.6783553,admin_center
186,8,Республика Калмыкия,Октябрьский муниципальный район,85-623-000-000,47.850693,45.428036,admin_center
187,8,Республика Калмыкия,Приютненский муниципальный район,85-628-000-000,46.100689,43.512432,admin_center
188,8,Республика Калмыкия,Сарпинский муниципальный район,85-632-000-000,47.7676505,44.5164159,admin_center
189,8,Республика Калмыкия,Целинный муниципальный район,85-637-000-000,46.411068,44.260704,admin_center
190,8,Республика Калмыкия,Черноземельский муниципальный район,85-642-000-000,45.32967,46.04298,admin_center
191,8,Республика Калмыкия,Юстинский муниципальный район,85-646-000-000,47.565372,46.724106,admin_center
192,8,Республика Калмыкия,Яшалтинский муниципальный район,85-650-000-000,46.3384099,42.27412896268666,admin_center
193,8,Республика Калмыкия,Яшкульский муниципальный район,85-654-000-000,46.174168,45.343464,admin_center
194,9,Карачаево-Черкесская Республика,городской округ Черкесский,91-701-000-000,44.2285229,42.048257,admin_center
195,9,Карачаево-Черкесская Республика,городской округ Карачаевский,91-705-000-000,43.7715594,41.911979,admin_center
196,9,Карачаево-Черкесская Республика,Абазинский муниципальный район,91-601-000-000,44.0524374,41.78537743530578,admin_center
197,9,Карачаево-Черкесская Республика,Адыге-Хабльский муниципальный район,91-603-000-000,44.3314433,41.9371355,admin_center
198,9,Карачаево-Черкесская Республика,Зеленчукский муниципальный район,91-610-000-000,43.8549752,41.5853611,admin_center
199,9,Карачаево-Черкесская Республика,Карачаевский муниципальный район,91-615-000-000,43.7715594,41.911979,admin_center
200,9,Карачаево-Черкесская Республика,Малокарачаевский муниципальный район,91-620-000-000,43.9465576,42.5147956,admin_center
201,9,Карачаево-Черкесская Республика,Ногайский муниципальный район,91-623-000-000,44.3768288,41.9579221,admin_center
202,9,Карачаево-Черкесская Республика,Прикубанский муниципальный район,91-625-000-000,44.2683702,42.2308891,admin_center
203,9,Карачаево-Черкесская Республика,Урупский муниципальный район,91-630-000-000,43.9528755,41.1917906,admin_center
204,9,Карачаево-Черкесская Республика,Усть-Джегутинский муниципальный район,91-635-000-000,44.0858961,41.9722557,admin_center
205,9,Карачаево-Черкесская Республика,Хабезский муниципальный район,91-640-000-000,44.0461094,41.7695948,admin_center
206,10,Республика Карелия,городской округ Петрозаводский,86-701-000-000,61.7900426,34.390007,admin_center
207,10,Республика Карелия,городской округ Костомукшский,86-706-000-000,64.5873013,30.5969076,admin_center
209,10,Республика Карелия,Калевальский муниципальный район,86-609-000-000,65.200096,31.180172,admin_center
210,10,Республика Карелия,Кемский муниципальный район,86-612-000-000,64.9550895,34.5697446,admin_center
211,10,Республика Карелия,Кондопожский муниципальный район,86-615-000-000,62.20929,34.268185,admin_center
212,10,Республика Карелия,Лахденпохский муниципальный район,86-618-000-000,61.5179265,30.2038927,admin_center
213,10,Республика Карелия,Лоухский муниципальный район,86-621-000-000,66.07512539999999,33.04001857654001,admin_center
214,10,Республика Карелия,Медвежьегорский муниципальный район,86-624-000-000,62.915024,34.473339,admin_center
215,10,Республика Карелия,Муезерский муниципальный район,86-627-000-000,63.9596446,31.9947228,admin_center
216,10,Республика Карелия,Олонецкий муниципальный район,86-630-000-000,60.979276,32.9749376,admin_center
218,10,Республика Карелия,Прионежский муниципальный район,86-636-000-000,61.7900426,34.390007,admin_center
219,10,Республика Карелия,Пряжинский муниципальный район,86-639-000-000,61.6932537,33.6224108,admin_center
220,10,Республика Карелия,Пудожский муниципальный район,86-642-000-000,61.808434,36.536045,admin_center
222,10,Республика Карелия,Сортавальский муниципальный район,86-610-000-000,61.70274,30.691231,admin_center
224,11,Республика Коми,городской округ Сыктывкар,87-701-000-000,61.6685237,50.8352024,admin_center
225,11,Республика Коми,городской округ Воркута,87-710-000-000,67.5035662,64.0627028,admin_center
227,11,Республика Коми,городской округ Инта,87-715-000-000,66.0401498,60.1313631,admin_center
229,11,Республика Коми,городской округ Ухта,87-725-000-000,63.5623797,53.6842376,admin_center
230,11,Республика Коми,Ижемский муниципальный район,87-604-000-000,65.0324906,53.97245771017012,admin_center
231,11,Республика Коми,Княжпогостский муниципальный район,87-608-000-000,62.5983295,50.8880873,admin_center
232,11,Республика Коми,Койгородский муниципальный район,87-612-000-000,60.441257,51.007,admin_center
233,11,Республика Коми,Корткеросский муниципальный район,87-616-000-000,61.8130799,51.5744647,admin_center
234,11,Республика Коми,муниципальный район Печора,87-620-000-000,65.1142862,57.16074,admin_center
235,11,Республика Коми,Прилузский муниципальный район,87-624-000-000,60.334034,49.618275,admin_center
236,11,Республика Коми,муниципальный район Сосногорск,87-626-000-000,63.5895298,53.9305546,admin_center
237,11,Республика Коми,Сыктывдинский муниципальный район,87-628-000-000,61.627003,50.768478,admin_center
238,11,Республика Коми,Сысольский муниципальный район,87-632-000-000,61.076214,50.084496,admin_center
239,11,Республика Коми,Троицко-Печорский муниципальный район,87-636-000-000,62.714462,56.185379,admin_center
240,11,Республика Коми,Удорский муниципальный район,87-640-000-000,63.456226,48.894211,admin_center
241,11,Республика Коми,Усть-Вымский муниципальный район,87-644-000-000,62.224483,49.992413,admin_center
242,11,Республика Коми,Усть-Куломский муниципальный район,87-648-000-000,61.684792,53.689861,admin_center
243,11,Республика Коми,Усть-Цилемский муниципальный район,87-652-000-000,65.43623545,52.2008925353455,admin_center
244,91,Республика Крым,городской округ Симферополь,35-701-000-000,44.9521459,34.1024858,admin_center
245,91,Республика Крым,городской округ Алушта,35-703-000-000,44.677112,34.4095393,admin_center
246,91,Республика Крым,городской округ Армянск,35-706-000-000,46.113261,33.6904091,admin_center
247,91,Республика Крым,городской округ Джанкой,35-709-000-000,45.7119746,34.3927394,admin_center
248,91,Республика Крым,городской округ Евпатория,35-712-000-000,45.1907635,33.3679049,admin_center
249,91,Республика Крым,городской округ Керчь,35-715-000-000,45.3534002,36.4538645,admin_center
250,91,Республика Крым,городской округ Красноперекопск,35-718-000-000,45.9568404,33.7974907,admin_center
251,91,Республика Крым,городской округ Саки,35-721-000-000,45.1449467,33.5982178,admin_center
252,91,Республика Крым,городской округ Судак,35-723-000-000,44.8488369,34.971099,admin_center
253,91,Республика Крым,городской округ Феодосия,35-726-000-000,45.033669,35.3753628,admin_center
254,91,Республика Крым,городской округ Ялта,35-729-000-000,44.4970713,34.1586871,admin_center
255,91,Республика Крым,Бахчисарайский муниципальный район,35-604-000-000,44.7391453,33.8850275568976,admin_center
256,91,Республика Крым,Белогорский муниципальный район,35-607-000-000,45.0454097,34.59864015,admin_center
257,91,Республика Крым,Джанкойский муниципальный район,35-611-000-000,45.7119746,34.3927394,admin_center
258,91,Республика Крым,Кировский муниципальный район,35-616-000-000,45.2306487,35.201075,admin_center
259,91,Республика Крым,Красногвардейский муниципальный район,35-620-000-000,45.49070625,34.30304278648477,admin_center
260,91,Республика Крым,Красноперекопский муниципальный район,35-623-000-000,45.9568404,33.7974907,admin_center
261,91,Республика Крым,Ленинский муниципальный район,35-627-000-000,45.297284,35.7758985,admin_center
262,91,Республика Крым,Нижнегорский муниципальный район,35-631-000-000,45.4423333,34.7385301,admin_center
263,91,Республика Крым,Первомайский муниципальный район,35-635-000-000,45.7199761,33.8644405788829,admin_center
264,91,Республика Крым,Раздольненский муниципальный район,35-639-000-000,45.77069005,33.49064604426453,admin_center
265,91,Республика Крым,Сакский муниципальный район,35-643-000-000,45.1449467,33.5982178,admin_center
266,91,Республика Крым,Симферопольский муниципальный район,35-647-000-000,44.9521459,34.1024858,admin_center
267,91,Республика Крым,Советский муниципальный район,35-652-000-000,45.35059325,34.94712698599791,admin_center
268,91,Республика Крым,Черноморский муниципальный район,35-656-000-000,45.50611375,32.68308040713978,admin_center
269,12,Республика Марий Эл,городской округ город Йошкар-Ола,88-701-000-000,56.6326996,47.8975847,admin_center
270,12,Республика Марий Эл,городской округ город Волжск,88-705-000-000,55.8636579,48.3618598,admin_center
271,12,Республика Марий Эл,городской округ город Козьмодемьянск,88-715-000-000,56.3324346,46.5462855,admin_center
272,12,Республика Марий Эл,Волжский муниципальный район,88-604-000-000,55.8636579,48.3618598,admin_center
273,12,Республика Марий Эл,Горномарийский муниципальный район,88-608-000-000,56.3324346,46.5462855,admin_center
274,12,Республика Марий Эл,Звениговский муниципальный район,88-612-000-000,55.9718239,48.016105,admin_center
275,12,Республика Марий Эл,Килемарский муниципальный район,88-616-000-000,56.7767366,46.8594894,admin_center
276,12,Республика Марий Эл,Куженерский муниципальный район,88-620-000-000,56.8114328,48.9167614,admin_center
277,12,Республика Марий Эл,Мари-Турекский муниципальный район,88-624-000-000,56.7877954,49.6203566,admin_center
278,12,Республика Марий Эл,Медведевский муниципальный район,88-628-000-000,56.6332426,47.8030237,admin_center
279,12,Республика Марий Эл,Моркинский муниципальный район,88-632-000-000,56.4302572,48.9980508,admin_center
280,12,Республика Марий Эл,Новоторъяльский муниципальный район,88-636-000-000,57.0032906,48.7403315,admin_center
281,12,Республика Марий Эл,Оршанский муниципальный район,88-640-000-000,56.9154239,47.8944568,admin_center
282,12,Республика Марий Эл,Параньгинский муниципальный район,88-644-000-000,56.7052785,49.3933921,admin_center
283,12,Республика Марий Эл,Сернурский муниципальный район,88-648-000-000,56.9347617,49.1469163,admin_center
284,12,Республика Марий Эл,Советский муниципальный район,88-652-000-000,56.7629821,48.474292,admin_center
285,12,Республика Марий Эл,Юринский муниципальный район,88-656-000-000,56.29035,46.291918,admin_center
286,13,Республика Мордовия,городской округ Саранск,89-701-000-000,54.18671,45.18383,admin_center
287,13,Республика Мордовия,Ардатовский муниципальный район,89-603-000-000,54.8443349,46.2393200428824,admin_center
288,13,Республика Мордовия,Атюрьевский муниципальный район,89-605-000-000,54.3211519,43.3363522,admin_center
289,13,Республика Мордовия,Атяшевский муниципальный район,89-607-000-000,54.5791907,46.07576069523395,admin_center
290,13,Республика Мордовия,Большеберезниковский муниципальный район,89-610-000-000,54.171913,45.966282,admin_center
291,13,Республика Мордовия,Большеигнатовский муниципальный район,89-613-000-000,55.0197628,45.574424,admin_center
292,13,Республика Мордовия,Дубенский муниципальный район,89-616-000-000,54.437653,46.2980698,admin_center
293,13,Республика Мордовия,Ельниковский муниципальный район,89-618-000-000,54.620689,43.875977,admin_center
294,13,Республика Мордовия,Зубово-Полянский муниципальный район,89-621-000-000,54.079964,42.837425,admin_center
295,13,Республика Мордовия,Инсарский муниципальный район,89-624-000-000,53.867741,44.371407,admin_center
296,13,Республика Мордовия,Ичалковский муниципальный район,89-626-000-000,54.694168,45.243855,admin_center
297,13,Республика Мордовия,Кадошкинский муниципальный район,89-628-000-000,54.03075525,44.42132744805929,admin_center
298,13,Республика Мордовия,Ковылкинский муниципальный район,89-629-000-000,54.0345571,43.90662617920928,admin_center
299,13,Республика Мордовия,Кочкуровский муниципальный район,89-631-000-000,54.031414,45.434708,admin_center
300,13,Республика Мордовия,Краснослободский муниципальный район,89-634-000-000,54.41721065,43.78777038683488,admin_center
301,13,Республика Мордовия,Лямбирский муниципальный район,89-637-000-000,54.2828455,45.1226407,admin_center
302,13,Республика Мордовия,Ромодановский муниципальный район,89-640-000-000,54.420921,45.334122,admin_center
303,13,Республика Мордовия,Рузаевский муниципальный район,89-643-000-000,54.058735,44.954391,admin_center
304,13,Республика Мордовия,Старошайговский муниципальный район,89-646-000-000,54.304256,44.463558,admin_center
305,13,Республика Мордовия,Темниковский муниципальный район,89-649-000-000,54.6342327,43.21511935549957,admin_center
306,13,Республика Мордовия,Теньгушевский муниципальный район,89-651-000-000,54.767166,42.714211,admin_center
307,13,Республика Мордовия,Торбеевский муниципальный район,89-654-000-000,54.074532,43.245144,admin_center
308,13,Республика Мордовия,Чамзинский муниципальный район,89-657-000-000,54.407948,45.784023,admin_center
309,14,Республика Саха (Якутия),городской округ город Якутск,98-701-000-000,62.0279259,129.740571750415,admin_center
310,14,Республика Саха (Якутия),городской округ Жатай,98-702-000-000,62.164104,129.843109,admin_center
311,14,Республика Саха (Якутия),Абыйский муниципальный район,98-601-000-000,68.53701,146.187286,admin_center
312,14,Республика Саха (Якутия),Алданский муниципальный район,98-603-000-000,58.61558475,125.3960842109866,admin_center
313,14,Республика Саха (Якутия),Аллаиховский муниципальный район,98-606-000-000,70.6193824,147.902397,admin_center
314,14,Республика Саха (Якутия),Амгинский муниципальный район,98-608-000-000,60.894218,131.97998,admin_center
315,14,Республика Саха (Якутия),Анабарский национальный (долгано-эвенкийский) муниципальный район,98-610-000-000,71.9649533,114.0939433,admin_center
316,14,Республика Саха (Якутия),Булунский муниципальный район,98-612-000-000,71.636604,128.868546,admin_center
317,14,Республика Саха (Якутия),Верхневилюйский муниципальный район,98-614-000-000,63.4497609,120.3146678,admin_center
318,14,Республика Саха (Якутия),Верхнеколымский муниципальный район,98-615-000-000,65.733597,150.893326,admin_center
319,14,Республика Саха (Якутия),Верхоянский муниципальный район,98-616-000-000,67.654907,134.635071,admin_center
320,14,Республика Саха (Якутия),Вилюйский муниципальный район,98-618-000-000,63.754082,121.626549,admin_center
321,14,Республика Саха (Якутия),Горный муниципальный район,98-620-000-000,62.098289,126.699837,admin_center
322,14,Республика Саха (Якутия),Жиганский муниципальный район,98-622-000-000,66.76564,123.3741,admin_center
323,14,Республика Саха (Якутия),Кобяйский муниципальный район,98-624-000-000,63.923618,127.466759,admin_center
324,14,Республика Саха (Якутия),Нюрбинский муниципальный район,98-626-000-000,63.286648,118.354149,admin_center
325,14,Республика Саха (Якутия),Ленский муниципальный район,98-627-000-000,60.7145488,114.9172123,admin_center
326,14,Республика Саха (Якутия),Мегино-Кангаласский муниципальный район,98-629-000-000,61.957066,129.911346,admin_center
327,14,Республика Саха (Якутия),Мирнинский муниципальный район,98-631-000-000,62.541077,113.978584,admin_center
328,14,Республика Саха (Якутия),Момский муниципальный район,98-633-000-000,66.455612,143.223007,admin_center
329,14,Республика Саха (Якутия),Намский муниципальный район,98-635-000-000,62.718227,129.664246,admin_center
330,14,Республика Саха (Якутия),Нерюнгринский муниципальный район,98-660-000-000,56.6579435,124.7123042,admin_center
331,14,Республика Саха (Якутия),Нижнеколымский муниципальный район,98-637-000-000,68.7427218,161.3324435184306,admin_center
332,14,Республика Саха (Якутия),Оймяконский муниципальный район,98-639-000-000,64.566376,143.237839,admin_center
333,14,Республика Саха (Якутия),Олекминский муниципальный район,98-641-000-000,60.3729364,120.403496,admin_center
334,14,Республика Саха (Якутия),Оленекский эвенкийский национальный муниципальный район,98-642-000-000,68.505272,112.450287,admin_center
335,14,Республика Саха (Якутия),Среднеколымский муниципальный район,98-646-000-000,67.455497,153.7071456,admin_center
336,14,Республика Саха (Якутия),Сунтарский муниципальный район,98-648-000-000,62.157455,117.646332,admin_center
337,14,Республика Саха (Якутия),Таттинский муниципальный район,98-604-000-000,62.360935,133.563309,admin_center
338,14,Республика Саха (Якутия),Томпонский муниципальный район,98-650-000-000,62.6477939,135.5750942,admin_center
339,14,Республика Саха (Якутия),Усть-Алданский муниципальный район,98-652-000-000,62.6722619,131.1795031521465,admin_center
340,14,Республика Саха (Якутия),Усть-Майский муниципальный район,98-654-000-000,60.416439,134.536499,admin_center
341,14,Республика Саха (Якутия),Усть-Янский муниципальный район,98-656-000-000,69.3396494,139.9468635,admin_center
342,14,Республика Саха (Якутия),Хангаласский муниципальный район,98-644-000-000,61.48327,129.1540617,admin_center
343,14,Республика Саха (Якутия),Чурапчинский муниципальный район,98-658-000-000,61.999668,132.425201,admin_center
344,14,Республика Саха (Якутия),Эвено-Бытантайский национальный муниципальный район,98-659-000-000,67.799362,130.403229,admin_center
345,15,Республика Северная Осетия — Алания,городской округ город Владикавказ,90-701-000-000,43.024593,44.68211,admin_center
346,15,Республика Северная Осетия — Алания,Алагирский муниципальный район,90-605-000-000,43.018619,44.2261205,admin_center
347,15,Республика Северная Осетия — Алания,Ардонский муниципальный район,90-610-000-000,43.1739502,44.2752375,admin_center
348,15,Республика Северная Осетия — Алания,Дигорский муниципальный район,90-615-000-000,43.1591223,44.1581267,admin_center
349,15,Республика Северная Осетия — Алания,Ирафский муниципальный район,90-620-000-000,43.198139,43.923298,admin_center
350,15,Республика Северная Осетия — Алания,Кировский муниципальный район,90-625-000-000,43.344178,44.201134,admin_center
351,15,Республика Северная Осетия — Алания,Моздокский муниципальный район,90-630-000-000,43.735584,44.653614,admin_center
352,15,Республика Северная Осетия — Алания,Правобережный муниципальный район,90-635-000-000,43.1875572,44.5375689,admin_center
353,15,Республика Северная Осетия — Алания,Пригородный муниципальный район,90-640-000-000,43.055016,44.746845,admin_center
354,16,Республика Татарстан,городской округ город Казань,92-701-000-000,55.7823547,49.1242266,admin_center
355,16,Республика Татарстан,городской округ город Набережные Челны,92-730-000-000,55.7419774,52.399207,admin_center
356,16,Республика Татарстан,Агрызский муниципальный район,92-601-000-000,56.525516,52.9971643,admin_center
357,16,Республика Татарстан,Азнакаевский муниципальный район,92-602-000-000,54.8629555,53.0792275,admin_center
358,16,Республика Татарстан,Аксубаевский муниципальный район,92-604-000-000,54.846351,50.8055345,admin_center
359,16,Республика Татарстан,Актанышский муниципальный район,92-605-000-000,55.7221799,54.0577272,admin_center
360,16,Республика Татарстан,Алексеевский муниципальный район,92-606-000-000,55.3049649,50.1129039,admin_center
361,16,Республика Татарстан,Алькеевский муниципальный район,92-607-000-000,54.9034845,49.9275488,admin_center
362,16,Республика Татарстан,Альметьевский муниципальный район,92-608-000-000,54.9005008,52.2963777,admin_center
363,16,Республика Татарстан,Апастовский муниципальный район,92-610-000-000,55.2026717,48.5068612,admin_center
364,16,Республика Татарстан,Арский муниципальный район,92-612-000-000,56.0909916,49.8771828,admin_center
365,16,Республика Татарстан,Атнинский муниципальный район,92-613-000-000,56.2503047,49.4534003,admin_center
366,16,Республика Татарстан,Бавлинский муниципальный район,92-614-000-000,54.4031069,53.2356367,admin_center
367,16,Республика Татарстан,Балтасинский муниципальный район,92-615-000-000,56.344623,50.2114172,admin_center
368,16,Республика Татарстан,Бугульминский муниципальный район,92-617-000-000,54.5384152,52.7955953,admin_center
369,16,Республика Татарстан,Буинский муниципальный район,92-618-000-000,54.9723656,48.2926834,admin_center
370,16,Республика Татарстан,Верхнеуслонский муниципальный район,92-620-000-000,55.7685496,48.9829213,admin_center
371,16,Республика Татарстан,Высокогорский муниципальный район,92-622-000-000,55.9101814,49.3072048,admin_center
372,16,Республика Татарстан,Дрожжановский муниципальный район,92-624-000-000,54.7249827,47.5645397,admin_center
373,16,Республика Татарстан,Елабужский муниципальный район,92-626-000-000,55.7577131,52.0539938,admin_center
374,16,Республика Татарстан,Заинский муниципальный район,92-627-000-000,55.2866509,52.0056047,admin_center
375,16,Республика Татарстан,Зеленодольский муниципальный район,92-628-000-000,55.8586627,48.55746590061055,admin_center
376,16,Республика Татарстан,Кайбицкий муниципальный район,92-629-000-000,55.4061658,48.19358,admin_center
377,16,Республика Татарстан,Камско-Устьинский муниципальный район,92-630-000-000,55.2015629,49.2680082,admin_center
378,16,Республика Татарстан,Кукморский муниципальный район,92-633-000-000,56.1865318,50.8972087,admin_center
379,16,Республика Татарстан,Лаишевский муниципальный район,92-634-000-000,55.4051397,49.55569253230886,admin_center
380,16,Республика Татарстан,Лениногорский муниципальный район,92-636-000-000,54.5994324,52.4469099,admin_center
381,16,Республика Татарстан,Мамадышский муниципальный район,92-638-000-000,55.7090757,51.4089032,admin_center
382,16,Республика Татарстан,Менделеевский муниципальный район,92-639-000-000,55.8878706,52.308443,admin_center
383,16,Республика Татарстан,Мензелинский муниципальный район,92-640-000-000,55.7255585,53.1071815,admin_center
384,16,Республика Татарстан,Муслюмовский муниципальный район,92-642-000-000,55.3041209,53.1975331,admin_center
385,16,Республика Татарстан,Нижнекамский муниципальный район,92-644-000-000,55.6412879,51.8160376,admin_center
386,16,Республика Татарстан,Новошешминский муниципальный район,92-645-000-000,55.0616447,51.224884,admin_center
387,16,Республика Татарстан,Нурлатский муниципальный район,92-646-000-000,54.4297351,50.8019579,admin_center
388,16,Республика Татарстан,Пестречинский муниципальный район,92-648-000-000,55.7502111,49.6570913,admin_center
389,16,Республика Татарстан,Рыбно-Слободский муниципальный район,92-650-000-000,55.4644212,50.1406205,admin_center
390,16,Республика Татарстан,Сабинский муниципальный район,92-652-000-000,56.0106232,50.4467802,admin_center
391,16,Республика Татарстан,Сармановский муниципальный район,92-653-000-000,55.2607513,52.57767738349195,admin_center
392,16,Республика Татарстан,Спасский муниципальный район,92-632-000-000,54.9747437,49.0302075,admin_center
393,16,Республика Татарстан,Тетюшский муниципальный район,92-655-000-000,54.9342754,48.8319574,admin_center
394,16,Республика Татарстан,Тукаевский муниципальный район,92-657-000-000,55.7419774,52.399207,admin_center
395,16,Республика Татарстан,Тюлячинский муниципальный район,92-656-000-000,55.8918846,50.2334985,admin_center
396,16,Республика Татарстан,Черемшанский муниципальный район,92-658-000-000,54.6611013,51.5053223,admin_center
397,16,Республика Татарстан,Чистопольский муниципальный район,92-659-000-000,55.3714831,50.6367311,admin_center
398,16,Республика Татарстан,Ютазинский муниципальный район,92-654-000-000,54.5993324,53.4663259,admin_center
399,17,Республика Тыва,городской округ город Кызыл,93-701-000-000,51.719079,94.4300679,admin_center
400,17,Республика Тыва,городской округ город Ак-Довурак,93-703-000-000,51.17918185,90.60196141834592,admin_center
401,17,Республика Тыва,Бай-Тайгинский муниципальный район,93-605-000-000,51.0110954,90.2043058,admin_center
402,17,Республика Тыва,Барун-Хемчикский муниципальный район,93-610-000-000,51.1454611,90.5814803,admin_center
403,17,Республика Тыва,Дзун-Хемчикский муниципальный район,93-615-000-000,51.2840385,91.5666701,admin_center
404,17,Республика Тыва,Каа-Хемский муниципальный район,93-620-000-000,51.492626,95.554681,admin_center
405,17,Республика Тыва,Кызылский муниципальный район,93-622-000-000,51.696541,94.563721,admin_center
406,17,Республика Тыва,Монгун-Тайгинский муниципальный район,93-625-000-000,50.3800035,90.441721,admin_center
407,17,Республика Тыва,Овюрский муниципальный район,93-630-000-000,50.7330745,92.0726451,admin_center
408,17,Республика Тыва,Пий-Хемский муниципальный район,93-635-000-000,52.1458093,93.9186434,admin_center
409,17,Республика Тыва,Сут-Хольский муниципальный район,93-638-000-000,51.402248,91.278786,admin_center
410,17,Республика Тыва,Тандинский муниципальный район,93-640-000-000,51.1601031,94.4651991,admin_center
411,17,Республика Тыва,Тере-Хольский муниципальный район,93-643-000-000,50.5986817,97.5254386,admin_center
412,17,Республика Тыва,Тес-Хемский муниципальный район,93-645-000-000,50.5999571,95.001846,admin_center
413,17,Республика Тыва,Тоджинский муниципальный район,93-650-000-000,52.4679232,96.117896,admin_center
414,17,Республика Тыва,Улуг-Хемский муниципальный район,93-654-000-000,51.538721,92.9194074,admin_center
415,17,Республика Тыва,Чаа-Хольский муниципальный район,93-656-000-000,51.5141315,92.3348586,admin_center
416,17,Республика Тыва,Чеди-Хольский муниципальный район,93-657-000-000,51.131943,93.715744,admin_center
417,17,Республика Тыва,Эрзинский муниципальный район,93-658-000-000,50.2881416,95.1221826,admin_center
418,18,Удмуртская Республика,городской округ город Ижевск,94-701-000-000,56.86051745,53.19773074245531,admin_center
419,18,Удмуртская Республика,городской округ город Воткинск,94-710-000-000,57.03096265,53.95290987149551,admin_center
420,18,Удмуртская Республика,городской округ город Глазов,94-720-000-000,58.1401196,52.6464388,admin_center
421,18,Удмуртская Республика,городской округ город Можга,94-730-000-000,56.44903635,52.21859474400328,admin_center
422,18,Удмуртская Республика,городской округ город Сарапул,94-740-000-000,56.4811552,53.78269270925261,admin_center
448,19,Республика Хакасия,городской округ город Абакан,95-701-000-000,53.72068,91.4406019,admin_center
449,19,Республика Хакасия,городской округ город Абаза,95-702-000-000,52.6510546,90.101159,admin_center
450,19,Республика Хакасия,городской округ город Саяногорск,95-708-000-000,53.0899015,91.4128377,admin_center
451,19,Республика Хакасия,городской округ город Сорск,95-709-000-000,54.0016092,90.2525861,admin_center
452,19,Республика Хакасия,городской округ город Черногорск,95-715-000-000,53.828236,91.31321,admin_center
453,19,Республика Хакасия,Алтайский муниципальный район,95-605-000-000,53.596436,91.382362,admin_center
454,19,Республика Хакасия,Аскизский муниципальный район,95-608-000-000,53.1325812,90.5300435,admin_center
455,19,Республика Хакасия,Бейский муниципальный район,95-612-000-000,53.046246,90.921989,admin_center
456,19,Республика Хакасия,Боградский муниципальный район,95-615-000-000,54.21806,90.856026,admin_center
457,19,Республика Хакасия,Орджоникидзевский муниципальный район,95-620-000-000,55.03561,89.847221,admin_center
458,19,Республика Хакасия,Таштыпский муниципальный район,95-625-000-000,52.7880649,89.595458,admin_center
459,19,Республика Хакасия,Усть-Абаканский муниципальный район,95-630-000-000,53.8326614,91.3938038,admin_center
460,19,Республика Хакасия,Ширинский муниципальный район,95-635-000-000,54.48764,89.962891,admin_center
461,20,Чеченская Республика,городской округ город Грозный,96-701-000-000,43.3197031,45.6934308,admin_center
462,20,Чеченская Республика,городской округ город Аргун,96-702-000-000,43.2950455,45.8688918,admin_center
463,20,Чеченская Республика,Ачхой-Мартановский муниципальный район,96-602-000-000,43.1926252,45.2879291,admin_center
464,20,Чеченская Республика,Веденский муниципальный район,96-604-000-000,42.9685184,46.0987148,admin_center
465,20,Чеченская Республика,Грозненский муниципальный район,96-607-000-000,43.3197031,45.6934308,admin_center
466,20,Чеченская Республика,Гудермесский муниципальный район,96-610-000-000,43.35696145,46.10078636190259,admin_center
467,20,Чеченская Республика,Итум-Калинский муниципальный район,96-611-000-000,42.734993,45.576996,admin_center
468,20,Чеченская Республика,Курчалоевский муниципальный район,96-612-000-000,43.20005,46.090786,admin_center
469,20,Чеченская Республика,Надтеречный муниципальный район,96-616-000-000,43.677269,45.128799,admin_center
470,20,Чеченская Республика,Наурский муниципальный район,96-622-000-000,43.650589,45.311901,admin_center
471,20,Чеченская Республика,Ножай-Юртовский муниципальный район,96-625-000-000,43.0945581,46.3798677,admin_center
472,20,Чеченская Республика,Шатойский муниципальный район,96-628-000-000,42.8727101,45.68956158464782,admin_center
474,20,Чеченская Республика,Урус-Мартановский муниципальный район,96-634-000-000,43.133102,45.538425,admin_center
475,20,Чеченская Республика,Шалинский муниципальный район,96-637-000-000,43.153942,45.906578,admin_center
476,20,Чеченская Республика,Шелковской муниципальный район,96-640-000-000,43.506142,46.333469,admin_center
477,20,Чеченская Республика,Шаройский муниципальный район,96-691-000-000,42.655331,45.852562,admin_center
478,21,Чувашская Республика,городской округ город Чебоксары,97-701-000-000,56.1307195,47.2449597,admin_center
479,21,Чувашская Республика,городской округ город Алатырь,97-704-000-000,54.84582955,46.5627484284573,admin_center
480,21,Чувашская Республика,городской округ город Канаш,97-707-000-000,55.5148161,47.49863071889008,admin_center
481,21,Чувашская Республика,городской округ город Новочебоксарск,97-710-000-000,56.1140023,47.4870341,admin_center
482,21,Чувашская Республика,городской округ город Шумерля,97-713-000-000,55.4985162,46.4186725,admin_center
504,22,Алтайский край,городской округ город Барнаул,01-701-000-000,53.3475493,83.7788448,admin_center
505,22,Алтайский край,городской округ город Алейск,01-703-000-000,52.4970352,82.7732311,admin_center
506,22,Алтайский край,городской округ город Белокуриха,01-704-000-000,51.9994856,84.9860861,admin_center
507,22,Алтайский край,городской округ город Бийск,01-705-000-000,52.5394905,85.2148673,admin_center
508,22,Алтайский край,городской округ город Заринск,01-706-000-000,53.707915,84.9348606,admin_center
509,22,Алтайский край,городской округ город Новоалтайск,01-713-000-000,53.393341,83.939407,admin_center
510,22,Алтайский край,городской округ город Рубцовск,01-716-000-000,51.5276264,81.2176174,admin_center
512,22,Алтайский край,городской округ город Яровое,01-730-000-000,52.919704,78.563568,admin_center
513,22,Алтайский край,городской округ ЗАТО Сибирский,01-755-000-000,53.557068,83.838425,admin_center
514,22,Алтайский край,Алейский муниципальный район,01-601-000-000,52.4970352,82.7732311,admin_center
515,22,Алтайский край,Алтайский муниципальный район,01-602-000-000,51.945145,85.336746,admin_center
516,22,Алтайский край,Баевский муниципальный район,01-603-000-000,53.2685571,80.77923,admin_center
517,22,Алтайский край,Бийский муниципальный район,01-604-000-000,52.5394905,85.2148673,admin_center
518,22,Алтайский край,Благовещенский муниципальный район,01-605-000-000,52.830602,79.8705683,admin_center
519,22,Алтайский край,Бурлинский муниципальный район,01-606-000-000,53.3364288,78.3306842,admin_center
520,22,Алтайский край,Быстроистокский муниципальный район,01-607-000-000,52.3742191,84.3931658,admin_center
521,22,Алтайский край,Волчихинский муниципальный район,01-608-000-000,52.0173355,80.3650849,admin_center
522,22,Алтайский край,Егорьевский муниципальный район,01-609-000-000,51.75893,80.892517,admin_center
523,22,Алтайский край,Ельцовский муниципальный район,01-610-000-000,53.2819421,86.2044919,admin_center
524,22,Алтайский край,Завьяловский муниципальный район,01-611-000-000,52.8386675,80.91978,admin_center
526,22,Алтайский край,Заринский муниципальный район,01-613-000-000,53.707915,84.9348606,admin_center
527,22,Алтайский край,Змеиногорский муниципальный район,01-614-000-000,51.1544658,82.1979928,admin_center
528,22,Алтайский край,Калманский муниципальный район,01-615-000-000,52.8982394,83.5438135,admin_center
529,22,Алтайский край,Каменский муниципальный район,01-616-000-000,53.79023085,81.31597534099072,admin_center
530,22,Алтайский край,Ключевский муниципальный район,01-617-000-000,52.2530605,79.1678164,admin_center
531,22,Алтайский край,Косихинский муниципальный район,01-618-000-000,53.3619517,84.5795068,admin_center
532,22,Алтайский край,Красногорский муниципальный район,01-619-000-000,52.296341,86.195274,admin_center
533,22,Алтайский край,Краснощёковский муниципальный район,01-620-000-000,51.669357,82.730652,admin_center
534,22,Алтайский край,Крутихинский муниципальный район,01-621-000-000,53.9619568,81.2143794,admin_center
535,22,Алтайский край,Кулундинский муниципальный район,01-622-000-000,52.566559,78.935448,admin_center
536,22,Алтайский край,Курьинский муниципальный район,01-623-000-000,51.6002902,82.2887814,admin_center
537,22,Алтайский край,Кытмановский муниципальный район,01-624-000-000,53.4636969,85.4502753,admin_center
538,22,Алтайский край,Локтевский муниципальный район,01-625-000-000,51.0004641,81.4638583,admin_center
539,22,Алтайский край,Мамонтовский муниципальный район,01-626-000-000,52.7067003,81.6312908,admin_center
540,22,Алтайский край,Михайловский муниципальный район,01-627-000-000,51.8212486,79.7193176,admin_center
541,22,Алтайский край,Новичихинский муниципальный район,01-628-000-000,52.2103282,81.3940414,admin_center
542,22,Алтайский край,Зональный муниципальный район,01-629-000-000,52.6639985,84.9347359,admin_center
543,22,Алтайский край,Павловский муниципальный район,01-630-000-000,53.3133356,82.9899119,admin_center
544,22,Алтайский край,Панкрушихинский муниципальный район,01-631-000-000,53.83286,80.3443,admin_center
545,22,Алтайский край,Первомайский муниципальный район,01-632-000-000,53.393341,83.939407,admin_center
546,22,Алтайский край,Петропавловский муниципальный район,01-633-000-000,52.069763,84.108116,admin_center
547,22,Алтайский край,Поспелихинский муниципальный район,01-634-000-000,51.9707861,81.7339244,admin_center
548,22,Алтайский край,Ребрихинский муниципальный район,01-635-000-000,53.0752803,82.338217,admin_center
549,22,Алтайский край,Родинский муниципальный район,01-636-000-000,52.496135,80.2104298,admin_center
550,22,Алтайский край,Романовский муниципальный район,01-637-000-000,52.6187229,81.226359,admin_center
551,22,Алтайский край,Рубцовский муниципальный район,01-638-000-000,51.5276264,81.2176174,admin_center
552,22,Алтайский край,Смоленский муниципальный район,01-640-000-000,52.305302,85.079384,admin_center
554,22,Алтайский край,Советский муниципальный район,01-642-000-000,52.282604,85.409721,admin_center
555,22,Алтайский край,Солонешенский муниципальный район,01-643-000-000,51.655628,84.318352,admin_center
556,22,Алтайский край,Солтонский муниципальный район,01-644-000-000,52.8365518,86.4756389,admin_center
557,22,Алтайский край,Шелаболихинский муниципальный район,01-645-000-000,53.4174823,82.5971994,admin_center
558,22,Алтайский край,Табунский муниципальный район,01-646-000-000,52.7747185,78.7904097,admin_center
559,22,Алтайский край,Тальменский муниципальный район,01-647-000-000,53.8176306,83.562011,admin_center
560,22,Алтайский край,Тогульский муниципальный район,01-648-000-000,53.4658177,85.9136273,admin_center
561,22,Алтайский край,Топчихинский муниципальный район,01-649-000-000,52.8175669,83.115343,admin_center
562,22,Алтайский край,Третьяковский муниципальный район,01-650-000-000,51.006229,81.999641,admin_center
563,22,Алтайский край,Троицкий муниципальный район,01-651-000-000,52.981388,84.677628,admin_center
564,22,Алтайский край,Тюменцевский муниципальный район,01-652-000-000,53.3189514,81.4979587,admin_center
565,22,Алтайский край,Угловский муниципальный район,01-653-000-000,51.3608091,80.1883865,admin_center
566,22,Алтайский край,Усть-Калманский муниципальный район,01-654-000-000,52.1171375,83.3047794,admin_center
567,22,Алтайский край,Усть-Пристанский муниципальный район,01-655-000-000,52.3912939,83.668251,admin_center
568,22,Алтайский край,Хабарский муниципальный район,01-656-000-000,53.6236801,79.5404777,admin_center
569,22,Алтайский край,Целинный муниципальный район,01-657-000-000,53.0806917,85.6647246,admin_center
571,22,Алтайский край,Шипуновский муниципальный район,01-659-000-000,52.218868,82.261627,admin_center
572,22,Алтайский край,Немецкий национальный муниципальный район,01-660-000-000,53.2265802,78.9865883,admin_center
573,75,Забайкальский край,городской округ город Чита,76-701-000-000,52.033409,113.500893,admin_center
574,75,Забайкальский край,городской округ город Петровск-Забайкальский,76-715-000-000,51.28062685,108.8386403192038,admin_center
575,75,Забайкальский край,городской округ ЗАТО поселок Горный,76-785-000-000,51.55468,113.033165,admin_center
576,75,Забайкальский край,Акшинский муниципальный район,76-603-000-000,50.280815,113.285149,admin_center
577,75,Забайкальский край,Александрово-Заводский муниципальный район,76-604-000-000,50.923641,117.934097,admin_center
578,75,Забайкальский край,Балейский муниципальный район,76-606-000-000,51.578789,116.646042,admin_center
579,75,Забайкальский край,Борзинский муниципальный район,76-609-000-000,50.3851808,116.5330685,admin_center
581,75,Забайкальский край,Забайкальский муниципальный район,76-612-000-000,49.644653,117.329025,admin_center
584,75,Забайкальский край,Карымский муниципальный район,76-620-000-000,51.623402,114.34063,admin_center
585,75,Забайкальский край,муниципальный район Город Краснокаменск и Краснокаменский район,76-621-000-000,50.096992,118.041344,admin_center
586,75,Забайкальский край,Красночикойский муниципальный район,76-622-000-000,50.364742,108.75798,admin_center
587,75,Забайкальский край,Кыринский муниципальный район,76-624-000-000,49.578625,111.971039,admin_center
589,75,Забайкальский край,Нерчинский муниципальный район,76-628-000-000,51.97694,116.588341,admin_center
590,75,Забайкальский край,Нерчинско-Заводский муниципальный район,76-630-000-000,51.30904,119.616234,admin_center
591,75,Забайкальский край,Оловяннинский муниципальный район,76-632-000-000,50.943687,115.586937,admin_center
593,75,Забайкальский край,Петровск-Забайкальский муниципальный район,76-636-000-000,51.28062685,108.8386403192038,admin_center
595,75,Забайкальский край,Сретенский муниципальный район,76-640-000-000,52.243191,117.695541,admin_center
596,75,Забайкальский край,Тунгиро-Олёкминский муниципальный район,76-642-000-000,54.426773,119.94368,admin_center
597,75,Забайкальский край,Тунгокоченский муниципальный район,76-644-000-000,52.690086,115.188309,admin_center
598,75,Забайкальский край,Улётовский муниципальный район,76-646-000-000,51.35854,112.485115,admin_center
599,75,Забайкальский край,Хилокский муниципальный район,76-647-000-000,51.3628436,110.4579749,admin_center
600,75,Забайкальский край,Чернышевский муниципальный район,76-648-000-000,52.514069,117.01371,admin_center
601,75,Забайкальский край,Читинский муниципальный район,76-650-000-000,52.033409,113.500893,admin_center
602,75,Забайкальский край,Шелопугинский муниципальный район,76-652-000-000,51.649864,117.564728,admin_center
603,75,Забайкальский край,Шилкинский муниципальный район,76-654-000-000,51.851639,116.025894,admin_center
604,75,Забайкальский край,городской округ поселок Агинское,76-702-000-000,51.1057609,114.5408006,admin_center
605,75,Забайкальский край,Агинский муниципальный район,76-602-000-000,51.1057609,114.5408006,admin_center
606,75,Забайкальский край,Дульдургинский муниципальный район,76-611-000-000,50.7391314,113.3924757,admin_center
607,75,Забайкальский край,Могойтуйский муниципальный район,76-625-000-000,51.2831177,114.9299468,admin_center
608,41,Камчатский край,городской округ Петропавловск-Камчатский,30-701-000-000,53.0199838,158.6471356,admin_center
609,41,Камчатский край,городской округ Вилючинский ЗАТО,30-735-000-000,52.931834,158.405383,admin_center
611,41,Камчатский край,Быстринский муниципальный район,30-604-000-000,55.9282472,158.7043579,admin_center
612,41,Камчатский край,Елизовский муниципальный район,30-607-000-000,53.1864972,158.3836712,admin_center
614,41,Камчатский край,Соболевский муниципальный район,30-613-000-000,54.2976842,155.9424213,admin_center
615,41,Камчатский край,Усть-Большерецкий муниципальный район,30-616-000-000,52.8250585,156.2804925,admin_center
616,41,Камчатский край,Усть-Камчатский муниципальный район,30-619-000-000,56.2400377,162.5369568,admin_center
617,41,Камчатский край,городской округ поселок Палана,30-851-000-000,59.0827605,159.9512943,admin_center
618,41,Камчатский край,Карагинский муниципальный район,30-824-000-000,59.247414,163.069931,admin_center
619,41,Камчатский край,Олюторский муниципальный район,30-827-000-000,60.429134,166.057053,admin_center
620,41,Камчатский край,Пенжинский муниципальный район,30-829-000-000,62.4686,166.2046,admin_center
621,41,Камчатский край,Тигильский муниципальный район,30-832-000-000,57.650604,158.8234989,admin_center
622,23,Краснодарский край,городской округ город Краснодар,03-701-000-000,45.0112333,38.9845655,admin_center
623,23,Краснодарский край,городской округ город-курорт Анапа,03-703-000-000,44.894272,37.316887,admin_center
624,23,Краснодарский край,городской округ город Армавир,03-705-000-000,44.9993585,41.1294061,admin_center
625,23,Краснодарский край,городской округ город-курорт Геленджик,03-708-000-000,44.5609447,38.0766832,admin_center
626,23,Краснодарский край,городской округ город Горячий Ключ,03-709-000-000,44.6342653,39.1363613,admin_center
627,23,Краснодарский край,городской округ город Новороссийск,03-720-000-000,44.7239578,37.7690711,admin_center
628,23,Краснодарский край,городской округ город-курорт Сочи,03-726-000-000,43.5854823,39.723109,admin_center
629,23,Краснодарский край,Абинский муниципальный район,03-601-000-000,44.8649528,38.1578189,admin_center
630,23,Краснодарский край,Апшеронский муниципальный район,03-605-000-000,44.4618046,39.741048,admin_center
631,23,Краснодарский край,Белоглинский муниципальный район,03-607-000-000,46.078419,40.863701,admin_center
632,23,Краснодарский край,Белореченский муниципальный район,03-608-000-000,44.7614149,39.8712943,admin_center
633,23,Краснодарский край,Брюховецкий муниципальный район,03-610-000-000,45.8006166,39.0003034,admin_center
634,23,Краснодарский край,Выселковский муниципальный район,03-612-000-000,45.5806221,39.6574237,admin_center
635,23,Краснодарский край,Гулькевичский муниципальный район,03-613-000-000,45.3565119,40.6962256,admin_center
636,23,Краснодарский край,Динской муниципальный район,03-614-000-000,45.2168713,39.2249757,admin_center
637,23,Краснодарский край,Ейский муниципальный район,03-616-000-000,46.7112094,38.2747987,admin_center
638,23,Краснодарский край,Кавказский муниципальный район,03-618-000-000,45.4344413,40.5750274,admin_center
639,23,Краснодарский край,Калининский муниципальный район,03-619-000-000,45.4856626,38.6598137,admin_center
640,23,Краснодарский край,Каневской муниципальный район,03-620-000-000,46.0845999,38.9721929,admin_center
641,23,Краснодарский край,Кореновский муниципальный район,03-621-000-000,45.4635863,39.4487565,admin_center
642,23,Краснодарский край,Красноармейский муниципальный район,03-623-000-000,45.366794,38.2115057,admin_center
643,23,Краснодарский край,Крыловский муниципальный район,03-624-000-000,46.321865,39.962914,admin_center
644,23,Краснодарский край,Крымский муниципальный район,03-625-000-000,44.9295889,37.9880177,admin_center
645,23,Краснодарский край,Курганинский муниципальный район,03-627-000-000,44.8851635,40.5894674,admin_center
646,23,Краснодарский край,Кущевский муниципальный район,03-628-000-000,46.5650084,39.6273712,admin_center
647,23,Краснодарский край,Лабинский муниципальный район,03-630-000-000,44.6347953,40.7242185,admin_center
648,23,Краснодарский край,Ленинградский муниципальный район,03-632-000-000,46.3212449,39.389554,admin_center
649,23,Краснодарский край,Мостовский муниципальный район,03-633-000-000,44.4138041,40.7899446,admin_center
650,23,Краснодарский край,Новокубанский муниципальный район,03-634-000-000,45.1083184,41.0366896,admin_center
651,23,Краснодарский край,Новопокровский муниципальный район,03-635-000-000,45.953815,40.707203,admin_center
652,23,Краснодарский край,Отрадненский муниципальный район,03-637-000-000,44.3975687,41.5263169,admin_center
653,23,Краснодарский край,Павловский муниципальный район,03-639-000-000,46.1352,39.783,admin_center
654,23,Краснодарский край,Приморско-Ахтарский муниципальный район,03-641-000-000,46.043181,38.1554803,admin_center
655,23,Краснодарский край,Северский муниципальный район,03-643-000-000,44.853421,38.6781253,admin_center
656,23,Краснодарский край,Славянский муниципальный район,03-645-000-000,45.2492346,38.10926744160152,admin_center
657,23,Краснодарский край,Староминский муниципальный район,03-647-000-000,46.5359488,39.0625056,admin_center
658,23,Краснодарский край,Тбилисский муниципальный район,03-649-000-000,45.3635681,40.1898342,admin_center
659,23,Краснодарский край,Темрюкский муниципальный район,03-651-000-000,45.2751663,37.3905481,admin_center
660,23,Краснодарский край,Тимашевский муниципальный район,03-653-000-000,45.6129685,38.9357743,admin_center
661,23,Краснодарский край,Тихорецкий муниципальный район,03-654-000-000,45.854679,40.128124,admin_center
662,23,Краснодарский край,Туапсинский муниципальный район,03-655-000-000,44.0984747,39.0718875,admin_center
663,23,Краснодарский край,Успенский муниципальный район,03-656-000-000,44.8346548,41.3850485,admin_center
664,23,Краснодарский край,Усть-Лабинский муниципальный район,03-657-000-000,45.2178027,39.6896725,admin_center
665,23,Краснодарский край,Щербиновский муниципальный район,03-659-000-000,46.6284506,38.6624971,admin_center
666,24,Красноярский край,городской округ город Красноярск,04-701-000-000,56.0091173,92.872586,admin_center
667,24,Красноярский край,городской округ город Ачинск,04-703-000-000,56.2694846,90.4953964,admin_center
668,24,Красноярский край,городской округ город Боготол,04-706-000-000,56.211464,89.531639,admin_center
669,24,Красноярский край,городской округ город Бородино,04-707-000-000,55.9,94.89365,admin_center
670,24,Красноярский край,городской округ город Дивногорск,04-709-000-000,55.959644,92.37542,admin_center
671,24,Красноярский край,городской округ город Енисейск,04-712-000-000,58.4532212,92.1748169,admin_center
672,24,Красноярский край,городской округ ЗАТО город Железногорск,04-735-000-000,56.250938,93.53286,admin_center
673,24,Красноярский край,городской округ ЗАТО город Зеленогорск,04-737-000-000,56.11356,94.589279,admin_center
674,24,Красноярский край,городской округ город Канск,04-720-000-000,56.205997,95.706787,admin_center
675,24,Красноярский край,городской округ город Лесосибирск,04-722-000-000,58.2165271,92.5078354,admin_center
676,24,Красноярский край,городской округ город Минусинск,04-723-000-000,53.6862056,91.6567752,admin_center
677,24,Красноярский край,городской округ город Назарово,04-726-000-000,56.011593,90.418503,admin_center
678,24,Красноярский край,городской округ город Норильск,04-729-000-000,69.3444054,88.2096151,admin_center
679,24,Красноярский край,городской округ город Сосновоборск,04-733-000-000,56.121494,93.33873,admin_center
680,24,Красноярский край,городской округ город Шарыпово,04-740-000-000,55.5329127,89.1864204,admin_center
681,24,Красноярский край,городской округ поселок Кедровый,04-775-000-000,56.23724,92.323425,admin_center
682,24,Красноярский край,городской округ ЗАТО поселок Солнечный,04-780-000-000,55.2845472,89.823283,admin_center
683,24,Красноярский край,Абанский муниципальный район,04-601-000-000,56.67667,96.067764,admin_center
684,24,Красноярский край,Ачинский муниципальный район,04-603-000-000,56.2694846,90.4953964,admin_center
685,24,Красноярский край,Балахтинский муниципальный район,04-604-000-000,55.383221,91.615273,admin_center
686,24,Красноярский край,Березовский муниципальный район,04-605-000-000,56.038422,93.133194,admin_center
687,24,Красноярский край,Бирилюсский муниципальный район,04-606-000-000,56.95171,90.685806,admin_center
688,24,Красноярский край,Боготольский муниципальный район,04-608-000-000,56.211464,89.531639,admin_center
689,24,Красноярский край,Богучанский муниципальный район,04-609-000-000,58.382816,97.461578,admin_center
690,24,Красноярский край,Большемуртинский муниципальный район,04-610-000-000,56.909847,93.138016,admin_center
691,24,Красноярский край,Большеулуйский муниципальный район,04-611-000-000,56.656811,90.57975,admin_center
692,24,Красноярский край,Дзержинский муниципальный район,04-613-000-000,56.838005,95.22139,admin_center
693,24,Красноярский край,Емельяновский муниципальный район,04-614-000-000,56.167255,92.688454,admin_center
694,24,Красноярский край,Енисейский муниципальный район,04-615-000-000,58.4532212,92.1748169,admin_center
695,24,Красноярский край,Ермаковский муниципальный район,04-616-000-000,53.278046,92.396088,admin_center
696,24,Красноярский край,Идринский муниципальный район,04-617-000-000,54.370876,92.133156,admin_center
697,24,Красноярский край,Иланский муниципальный район,04-618-000-000,56.23806,96.06694,admin_center
698,24,Красноярский край,Ирбейский муниципальный район,04-619-000-000,55.644501,95.456528,admin_center
699,24,Красноярский край,Казачинский муниципальный район,04-620-000-000,57.694408,93.281029,admin_center
700,24,Красноярский край,Канский муниципальный район,04-621-000-000,56.205997,95.706787,admin_center
701,24,Красноярский край,Каратузский муниципальный район,04-622-000-000,53.600666,92.868996,admin_center
702,24,Красноярский край,Кежемский муниципальный район,04-624-000-000,58.6027015,99.1887515,admin_center
703,24,Красноярский край,Козульский муниципальный район,04-626-000-000,56.165138,91.391975,admin_center
704,24,Красноярский край,Краснотуранский муниципальный район,04-628-000-000,54.316296,91.567825,admin_center
705,24,Красноярский край,Курагинский муниципальный район,04-630-000-000,53.888092,92.680222,admin_center
706,24,Красноярский край,Манский муниципальный район,04-631-000-000,55.719715,93.764816,admin_center
707,24,Красноярский край,Минусинский муниципальный район,04-633-000-000,53.6862056,91.6567752,admin_center
708,24,Красноярский край,Мотыгинский муниципальный район,04-635-000-000,58.184208,94.694298,admin_center
709,24,Красноярский край,Назаровский муниципальный район,04-637-000-000,56.011593,90.418503,admin_center
710,24,Красноярский край,Нижнеингашский муниципальный район,04-639-000-000,56.203602,96.544518,admin_center
711,24,Красноярский край,Новоселовский муниципальный район,04-641-000-000,55.005177,90.967201,admin_center
712,24,Красноярский край,Партизанский муниципальный район,04-643-000-000,55.499271,94.393066,admin_center
714,24,Красноярский край,Рыбинский муниципальный район,04-647-000-000,55.965401,94.708107,admin_center
715,24,Красноярский край,Саянский муниципальный район,04-648-000-000,55.258972,94.906372,admin_center
716,24,Красноярский край,Северо-Енисейский муниципальный район,04-649-000-000,60.374702,93.032997,admin_center
717,24,Красноярский край,Сухобузимский муниципальный район,04-651-000-000,56.499875,93.2785676,admin_center
718,24,Красноярский край,Таймырский Долгано-Ненецкий муниципальный район,04-653-000-000,69.4038179,86.17219,admin_center
719,24,Красноярский край,Тасеевский муниципальный район,04-652-000-000,57.216042,94.898598,admin_center
720,24,Красноярский край,Туруханский муниципальный район,04-654-000-000,65.7934285,87.9589375,admin_center
722,24,Красноярский край,Ужурский муниципальный район,04-656-000-000,55.3197221,89.8424197,admin_center
723,24,Красноярский край,Уярский муниципальный район,04-657-000-000,55.809986,94.327774,admin_center
725,24,Красноярский край,Шушенский муниципальный район,04-659-000-000,53.32782,91.945374,admin_center
726,24,Красноярский край,Эвенкийский муниципальный район,04-650-000-000,64.2741955,100.2169635,admin_center
727,59,Пермский край,городской округ Пермский,57-701-000-000,58.014965,56.246723,admin_center
728,59,Пермский край,городской округ Березниковский,57-708-000-000,59.4084171,56.8036958,admin_center
729,59,Пермский край,городской округ Губахинский,57-717-000-000,58.842407,57.555058,admin_center
730,59,Пермский край,городской округ город Кунгур,57-722-000-000,57.4397771,56.9266073,admin_center
731,59,Пермский край,городской округ Лысьвенский,57-726-000-000,58.105056,57.8028461,admin_center
732,59,Пермский край,городской округ Соликамский,57-730-000-000,59.649437,56.779594,admin_center
733,59,Пермский край,городской округ ЗАТО Звёздный,57-763-000-000,57.73531,56.313526,admin_center
750,59,Пермский край,Кунгурский муниципальный район,57-630-000-000,57.4397771,56.9266073,admin_center
759,59,Пермский край,Соликамский муниципальный район,57-650-000-000,59.649437,56.779594,admin_center
762,59,Пермский край,Усольский муниципальный район,57-653-000-000,59.4180251,56.6830803,admin_center
775,25,Приморский край,городской округ Владивостокский,05-701-000-000,43.1150678,131.8855768,admin_center
776,25,Приморский край,городской округ Арсеньевский,05-703-000-000,44.1644451,133.2704255,admin_center
777,25,Приморский край,городской округ Артемовский,05-705-000-000,43.3570377,132.1853629,admin_center
778,25,Приморский край,городской округ Большой Камень,05-706-000-000,43.1121194,132.3509104,admin_center
779,25,Приморский край,городской округ Дальнегорский,05-707-000-000,44.559457,135.5759241,admin_center
780,25,Приморский край,городской округ Дальнереченский,05-708-000-000,45.9337195,133.7349056,admin_center
781,25,Приморский край,городской округ Лесозаводский,05-711-000-000,45.4653394,133.4047457,admin_center
782,25,Приморский край,городской округ Находкинский,05-714-000-000,42.8246489,132.8926,admin_center
783,25,Приморский край,городской округ Партизанский,05-717-000-000,43.1406647,133.1433137,admin_center
784,25,Приморский край,городской округ Спасск-Дальний,05-720-000-000,44.5980135,132.815701,admin_center
785,25,Приморский край,городской округ Уссурийский,05-723-000-000,43.7972447,131.9520752,admin_center
786,25,Приморский край,городской округ ЗАТО Фокино,05-747-000-000,42.9772084,132.404905,admin_center
788,25,Приморский край,Дальнереченский муниципальный район,05-607-000-000,45.9337195,133.7349056,admin_center
790,25,Приморский край,Кировский муниципальный район,05-612-000-000,45.0897627,133.5062027,admin_center
793,25,Приморский край,Михайловский муниципальный район,05-620-000-000,43.9370245,132.0033145,admin_center
794,25,Приморский край,Надеждинский муниципальный район,05-623-000-000,43.3709905,131.9933355,admin_center
800,25,Приморский край,Спасский муниципальный район,05-637-000-000,44.5980135,132.815701,admin_center
809,26,Ставропольский край,городской округ город Ставрополь,07-701-000-000,45.0433245,41.9690934,admin_center
812,26,Ставропольский край,городской округ город-курорт Ессентуки,07-710-000-000,44.0470042,42.8576575,admin_center
813,26,Ставропольский край,городской округ город-курорт Железноводск,07-712-000-000,44.1424034,43.0090751,admin_center
816,26,Ставропольский край,городской округ город-курорт Кисловодск,07-715-000-000,43.9128743,42.7192186,admin_center
818,26,Ставропольский край,городской округ город Лермонтов,07-718-000-000,44.1050468,42.9731466,admin_center
820,26,Ставропольский край,городской округ город Невинномысск,07-724-000-000,44.6245814,41.9475941,admin_center
824,26,Ставропольский край,городской округ город-курорт Пятигорск,07-727-000-000,44.039775,43.0706669,admin_center
842,27,Хабаровский край,городской округ город Хабаровск,08-701-000-000,48.4812568,135.0762968,admin_center
843,27,Хабаровский край,городской округ город Комсомольск-на-Амуре,08-709-000-000,50.5497277,137.0099189,admin_center
844,27,Хабаровский край,Амурский муниципальный район,08-603-000-000,50.2265588,136.9100919,admin_center
845,27,Хабаровский край,Аяно-Майский муниципальный район,08-606-000-000,56.4609007,138.1817339,admin_center
846,27,Хабаровский край,Бикинский муниципальный район,08-609-000-000,46.819363,134.254822,admin_center
847,27,Хабаровский край,Ванинский муниципальный район,08-612-000-000,49.090481,140.260864,admin_center
848,27,Хабаровский край,Верхнебуреинский муниципальный район,08-614-000-000,51.134487,133.035553,admin_center
849,27,Хабаровский край,Вяземский муниципальный район,08-617-000-000,47.533455,134.757874,admin_center
850,27,Хабаровский край,Комсомольский муниципальный район,08-620-000-000,50.5497277,137.0099189,admin_center
851,27,Хабаровский край,муниципальный район имени Лазо,08-624-000-000,47.968636,135.054947,admin_center
852,27,Хабаровский край,Нанайский муниципальный район,08-628-000-000,49.4412636,136.5486873372029,admin_center
853,27,Хабаровский край,Николаевский муниципальный район,08-631-000-000,53.138729,140.72493,admin_center
855,27,Хабаровский край,муниципальный район имени Полины Осипенко,08-637-000-000,52.422848,136.48938,admin_center
856,27,Хабаровский край,Советско-Гаванский муниципальный район,08-642-000-000,48.9663026,140.284958,admin_center
857,27,Хабаровский край,Солнечный муниципальный район,08-644-000-000,50.723808,136.64006,admin_center
858,27,Хабаровский край,Тугуро-Чумиканский муниципальный район,08-646-000-000,54.6961817,135.2824292,admin_center
859,27,Хабаровский край,Ульчский муниципальный район,08-650-000-000,52.3825564,140.4500273781285,admin_center
860,27,Хабаровский край,Хабаровский муниципальный район,08-655-000-000,48.4812568,135.0762968,admin_center
861,28,Амурская область,городской округ город Благовещенск,10-701-000-000,50.2600417,127.5337378,admin_center
862,28,Амурская область,городской округ город Белогорск,10-710-000-000,50.921326,128.47287,admin_center
863,28,Амурская область,городской округ город Зея,10-712-000-000,53.7403584,127.2716246,admin_center
864,28,Амурская область,городской округ город Райчихинск,10-720-000-000,49.796788,129.4030842,admin_center
865,28,Амурская область,городской округ город Свободный,10-730-000-000,51.377354,128.13475,admin_center
866,28,Амурская область,городской округ город Тында,10-732-000-000,55.149694,124.7375884,admin_center
867,28,Амурская область,городской округ город Шимановск,10-740-000-000,51.9987022,127.6719156,admin_center
868,28,Амурская область,городской округ рабочий поселок (поселок городского типа) Прогресс,10-775-000-000,49.7428748,129.6753189,admin_center
869,28,Амурская область,городской округ ЗАТО Циолковский,10-770-000-000,51.7632244,128.1326962890658,admin_center
877,28,Амурская область,Константиновский муниципальный район,10-630-000-000,49.6180004,127.9852534,admin_center
878,28,Амурская область,Магдагачинский муниципальный район,10-631-000-000,53.4509086,125.8035421,admin_center
879,28,Амурская область,Мазановский муниципальный район,10-632-000-000,51.6624387,128.920503,admin_center
880,28,Амурская область,Михайловский муниципальный район,10-635-000-000,49.621155,128.65097,admin_center
881,28,Амурская область,Октябрьский муниципальный район,10-638-000-000,50.371284,129.107193,admin_center
883,28,Амурская область,Свободненский муниципальный район,10-642-000-000,51.377354,128.13475,admin_center
884,28,Амурская область,Селемджинский муниципальный район,10-645-000-000,53.068481,132.940369,admin_center
890,29,Архангельская область,городской округ город Архангельск,11-701-000-000,64.543022,40.537121,admin_center
891,29,Архангельская область,городской округ город Коряжма,11-708-000-000,61.3152522,47.1607291,admin_center
892,29,Архангельская область,городской округ Котлас,11-710-000-000,61.252151,46.647629,admin_center
893,29,Архангельская область,городской округ ЗАТО Мирный,11-725-000-000,62.762352,40.328644,admin_center
894,29,Архангельская область,городской округ Новая Земля,11-712-000-000,71.5376984,52.3427343,admin_center
895,29,Архангельская область,городской округ город Новодвинск,11-715-000-000,64.419212,40.793793,admin_center
896,29,Архангельская область,городской округ Северодвинск,11-730-000-000,64.563385,39.823769,admin_center
897,29,Архангельская область,Вельский муниципальный район,11-605-000-000,61.0756446,42.0979582,admin_center
902,29,Архангельская область,Коношский муниципальный район,11-622-000-000,60.973812,40.25671,admin_center
905,29,Архангельская область,Ленский муниципальный район,11-635-000-000,62.172482,49.088966,admin_center
909,29,Архангельская область,Онежский муниципальный район,11-646-000-000,63.911644,38.094822,admin_center
916,83,Ненецкий автономный округ,городской округ город Нарьян-Мар,11-851-000-000,67.6380175,53.0071044,admin_center
917,83,Ненецкий автономный округ,муниципальный район Заполярный район,11-811-000-000,67.676239,53.129215,admin_center
918,30,Астраханская область,городской округ город Астрахань,12-701-000-000,46.3498308,48.0326203,admin_center
919,30,Астраханская область,городской округ ЗАТО Знаменск,12-719-000-000,48.588829,45.725632,admin_center
920,30,Астраханская область,Ахтубинский муниципальный район,12-605-000-000,48.2848132,46.1643706,admin_center
921,30,Астраханская область,Володарский муниципальный район,12-610-000-000,46.398243,48.536438,admin_center
922,30,Астраханская область,Енотаевский муниципальный район,12-615-000-000,47.2443998,47.0354919,admin_center
923,30,Астраханская область,Икрянинский муниципальный район,12-620-000-000,46.0979213,47.7362688,admin_center
924,30,Астраханская область,Камызякский муниципальный район,12-625-000-000,46.120527,48.0815617,admin_center
925,30,Астраханская область,Красноярский муниципальный район,12-630-000-000,46.5329449,48.3526951,admin_center
926,30,Астраханская область,Лиманский муниципальный район,12-635-000-000,45.7835085,47.2255472,admin_center
927,30,Астраханская область,Наримановский муниципальный район,12-640-000-000,46.6798783,47.86102647452168,admin_center
928,30,Астраханская область,Приволжский муниципальный район,12-642-000-000,46.3387984,48.194564,admin_center
929,30,Астраханская область,Харабалинский муниципальный район,12-645-000-000,47.4083742,47.2538899,admin_center
930,30,Астраханская область,Черноярский муниципальный район,12-650-000-000,48.061531,46.113724,admin_center
931,31,Белгородская область,городской округ город Белгород,14-701-000-000,50.5955595,36.5873394,admin_center
932,31,Белгородская область,городской округ Губкинский,14-730-000-000,51.283714,37.53466,admin_center
933,31,Белгородская область,городской округ Старооскольский,14-740-000-000,51.298038,37.833202,admin_center
935,31,Белгородская область,Белгородский муниципальный район,14-610-000-000,50.5238347,36.4567071,admin_center
936,31,Белгородская область,Борисовский муниципальный район,14-615-000-000,50.6089408,36.0124922,admin_center
938,31,Белгородская область,Вейделевский муниципальный район,14-625-000-000,50.1518962,38.4453089,admin_center
939,31,Белгородская область,Волоконовский муниципальный район,14-630-000-000,50.4861556,37.8411269,admin_center
941,31,Белгородская область,Ивнянский муниципальный район,14-638-000-000,51.062305,36.137352,admin_center
942,31,Белгородская область,Корочанский муниципальный район,14-640-000-000,50.810741,37.195316,admin_center
943,31,Белгородская область,Красненский муниципальный район,14-641-000-000,50.93185,38.679359,admin_center
944,31,Белгородская область,Красногвардейский муниципальный район,14-642-000-000,50.65234985,38.40550244400589,admin_center
945,31,Белгородская область,Краснояружский муниципальный район,14-643-000-000,50.800701,35.655228,admin_center
947,31,Белгородская область,Прохоровский муниципальный район,14-646-000-000,51.0345463,36.7324649,admin_center
948,31,Белгородская область,Ракитянский муниципальный район,14-648-000-000,50.833622,35.832401,admin_center
949,31,Белгородская область,Ровеньский муниципальный район,14-650-000-000,49.91473,38.892006,admin_center
950,31,Белгородская область,Чернянский муниципальный район,14-654-000-000,50.9408767,37.8041746,admin_center
953,32,Брянская область,городской округ город Брянск,15-701-000-000,53.3360474,34.219216,admin_center
954,32,Брянская область,городской округ город Клинцы,15-715-000-000,52.758511,32.240097,admin_center
955,32,Брянская область,городской округ город Новозыбков,15-720-000-000,52.537086,31.93367,admin_center
956,32,Брянская область,городской округ город Сельцо,15-725-000-000,53.369976,34.100616,admin_center
957,32,Брянская область,городской округ город Фокино,15-710-000-000,53.4526625,34.4154587,admin_center
958,32,Брянская область,городской округ город Стародуб,15-750-000-000,52.584446,32.760098,admin_center
959,32,Брянская область,Брасовский муниципальный район,15-604-000-000,52.572232,34.5716674,admin_center
960,32,Брянская область,Брянский муниципальный район,15-608-000-000,53.303204,34.080036,admin_center
961,32,Брянская область,Выгоничский муниципальный район,15-610-000-000,53.0978,34.0683,admin_center
962,32,Брянская область,Гордеевский муниципальный район,15-611-000-000,52.958405,31.973463,admin_center
963,32,Брянская область,Дубровский муниципальный район,15-612-000-000,53.689777,33.50499,admin_center
964,32,Брянская область,Дятьковский муниципальный район,15-616-000-000,53.6003804,34.3335523,admin_center
965,32,Брянская область,Жирятинский муниципальный район,15-620-000-000,53.22504,33.724644,admin_center
967,32,Брянская область,Злынковский муниципальный район,15-623-000-000,52.4274018,31.7371106,admin_center
968,32,Брянская область,Карачевский муниципальный район,15-624-000-000,53.1221822,34.9825906,admin_center
969,32,Брянская область,Клетнянский муниципальный район,15-626-000-000,53.385601,33.215599,admin_center
970,32,Брянская область,Климовский муниципальный район,15-628-000-000,52.37711394999999,32.18946418759795,admin_center
971,32,Брянская область,Клинцовский муниципальный район,15-630-000-000,52.758511,32.240097,admin_center
972,32,Брянская область,Комаричский муниципальный район,15-632-000-000,52.416153,34.788486,admin_center
973,32,Брянская область,Красногорский муниципальный район,15-634-000-000,53.0056558,31.6028497,admin_center
974,32,Брянская область,Мглинский муниципальный район,15-636-000-000,53.0591919,32.8500077,admin_center
975,32,Брянская область,Навлинский муниципальный район,15-638-000-000,52.8271323,34.4993843,admin_center
976,32,Брянская область,Новозыбковский муниципальный район,15-640-000-000,52.537086,31.93367,admin_center
977,32,Брянская область,Погарский муниципальный район,15-642-000-000,52.554283,33.263706,admin_center
978,32,Брянская область,Почепский муниципальный район,15-644-000-000,52.92878,33.454536,admin_center
979,32,Брянская область,Рогнединский муниципальный район,15-646-000-000,53.7979999,33.5582578,admin_center
980,32,Брянская область,Севский муниципальный район,15-648-000-000,52.156021,34.494572,admin_center
981,32,Брянская область,Стародубский муниципальный район,15-650-000-000,52.584446,32.760098,admin_center
982,32,Брянская область,Суземский муниципальный район,15-652-000-000,52.316133,34.0759496,admin_center
983,32,Брянская область,Суражский муниципальный район,15-654-000-000,53.0131501,32.3931633,admin_center
984,32,Брянская область,Трубчевский муниципальный район,15-656-000-000,52.5835,33.767467,admin_center
985,32,Брянская область,Унечский муниципальный район,15-658-000-000,52.8451,32.6867,admin_center
986,33,Владимирская область,городской округ город Владимир,17-701-000-000,56.1288899,40.4075203,admin_center
987,33,Владимирская область,городской округ город Гусь-Хрустальный,17-720-000-000,55.6149968,40.6708665,admin_center
988,33,Владимирская область,городской округ город Ковров,17-725-000-000,56.374603,41.311676,admin_center
989,33,Владимирская область,городской округ округ Муром,17-735-000-000,55.5738,42.0447,admin_center
990,33,Владимирская область,городской округ ЗАТО город Радужный,17-737-000-000,55.9939587,40.3294411,admin_center
991,33,Владимирская область,Александровский муниципальный район,17-605-000-000,56.39211265,38.71124026724134,admin_center
992,33,Владимирская область,Вязниковский муниципальный район,17-610-000-000,56.2469403,42.1585948,admin_center
993,33,Владимирская область,Гороховецкий муниципальный район,17-615-000-000,56.20657,42.679035,admin_center
994,33,Владимирская область,Гусь-Хрустальный муниципальный район,17-620-000-000,55.6149968,40.6708665,admin_center
995,33,Владимирская область,Камешковский муниципальный район,17-625-000-000,56.3462575,40.997098,admin_center
996,33,Владимирская область,Киржачский муниципальный район,17-630-000-000,56.1592229,38.8721255,admin_center
997,33,Владимирская область,Ковровский муниципальный район,17-635-000-000,56.374603,41.311676,admin_center
998,33,Владимирская область,Кольчугинский муниципальный район,17-640-000-000,56.2939784,39.3759931,admin_center
999,33,Владимирская область,Меленковский муниципальный район,17-642-000-000,55.3368374,41.6314063,admin_center
1000,33,Владимирская область,Муромский муниципальный район,17-644-000-000,55.5738,42.0447,admin_center
1001,33,Владимирская область,Петушинский муниципальный район,17-646-000-000,55.92980185,39.4508310119064,admin_center
1002,33,Владимирская область,Селивановский муниципальный район,17-648-000-000,55.8651703,41.7662028,admin_center
1003,33,Владимирская область,Собинский муниципальный район,17-650-000-000,55.9903976,40.0150802,admin_center
1004,33,Владимирская область,Судогодский муниципальный район,17-652-000-000,55.95650075,40.87630713906415,admin_center
1005,33,Владимирская область,Суздальский муниципальный район,17-654-000-000,56.4193908,40.4487893,admin_center
1006,33,Владимирская область,Юрьев-Польский муниципальный район,17-656-000-000,56.4971948,39.67864,admin_center
1007,34,Волгоградская область,городской округ город-герой Волгоград,18-701-000-000,48.6484138,44.3849755901299,admin_center
1008,34,Волгоградская область,городской округ город Волжский,18-710-000-000,48.7862021,44.7519454,admin_center
1009,34,Волгоградская область,городской округ город Камышин,18-715-000-000,50.0808422,45.4048003,admin_center
1010,34,Волгоградская область,городской округ город Михайловка,18-720-000-000,50.0797109,43.2342365,admin_center
1011,34,Волгоградская область,городской округ город Урюпинск,18-725-000-000,50.7970972,42.0051866,admin_center
1012,34,Волгоградская область,городской округ город Фролово,18-728-000-000,49.7645711,43.6539516,admin_center
1013,34,Волгоградская область,Алексеевский муниципальный район,18-602-000-000,50.2909025,42.1849358,admin_center
1014,34,Волгоградская область,Быковский муниципальный район,18-604-000-000,49.7665,45.3831,admin_center
1015,34,Волгоградская область,Городищенский муниципальный район,18-605-000-000,48.810127,44.476082,admin_center
1016,34,Волгоградская область,Даниловский муниципальный район,18-606-000-000,50.3519626,44.1205144,admin_center
1017,34,Волгоградская область,Дубовский муниципальный район,18-608-000-000,49.06052,44.830776,admin_center
1018,34,Волгоградская область,Еланский муниципальный район,18-610-000-000,50.946434,43.743038,admin_center
1019,34,Волгоградская область,Жирновский муниципальный район,18-612-000-000,50.978779,44.778908,admin_center
1020,34,Волгоградская область,Иловлинский муниципальный район,18-614-000-000,49.306286,43.979027,admin_center
1021,34,Волгоградская область,Калачевский муниципальный район,18-616-000-000,48.6818764,43.5379998,admin_center
1022,34,Волгоградская область,Камышинский муниципальный район,18-618-000-000,50.0808422,45.4048003,admin_center
1023,34,Волгоградская область,Киквидзенский муниципальный район,18-620-000-000,50.741516,43.056446,admin_center
1024,34,Волгоградская область,Клетский муниципальный район,18-622-000-000,49.311558,43.059322,admin_center
1025,34,Волгоградская область,Котельниковский муниципальный район,18-624-000-000,47.6332274,43.14109,admin_center
1026,34,Волгоградская область,Котовский муниципальный район,18-626-000-000,50.322208,44.801643,admin_center
1027,34,Волгоградская область,Кумылженский муниципальный район,18-646-000-000,49.8800246,42.5912737,admin_center
1028,34,Волгоградская область,Ленинский муниципальный район,18-630-000-000,48.7102843,45.20405224111999,admin_center
1029,34,Волгоградская область,Нехаевский муниципальный район,18-634-000-000,50.408291,41.752254,admin_center
1030,34,Волгоградская область,Николаевский муниципальный район,18-636-000-000,50.02859125000001,45.46389913481958,admin_center
1031,34,Волгоградская область,Новоаннинский муниципальный район,18-638-000-000,50.529675,42.667362,admin_center
1032,34,Волгоградская область,Новониколаевский муниципальный район,18-640-000-000,50.97493,42.366272,admin_center
1033,34,Волгоградская область,Октябрьский муниципальный район,18-642-000-000,47.968594,43.653126,admin_center
1034,34,Волгоградская область,Ольховский муниципальный район,18-643-000-000,49.852688,44.562557,admin_center
1035,34,Волгоградская область,Палласовский муниципальный район,18-645-000-000,50.04529814999999,46.89316089497515,admin_center
1036,34,Волгоградская область,Руднянский муниципальный район,18-647-000-000,50.796791,44.556606,admin_center
1037,34,Волгоградская область,Светлоярский муниципальный район,18-649-000-000,48.477432,44.785168,admin_center
1038,34,Волгоградская область,Серафимовичский муниципальный район,18-650-000-000,49.580608,42.730164,admin_center
1039,34,Волгоградская область,Среднеахтубинский муниципальный район,18-651-000-000,48.7128782,44.86866064696045,admin_center
1040,34,Волгоградская область,Старополтавский муниципальный район,18-652-000-000,50.475101,46.480801,admin_center
1041,34,Волгоградская область,Суровикинский муниципальный район,18-653-000-000,48.605141,42.844147,admin_center
1042,34,Волгоградская область,Урюпинский муниципальный район,18-654-000-000,50.7970972,42.0051866,admin_center
1043,34,Волгоградская область,Фроловский муниципальный район,18-656-000-000,49.7645711,43.6539516,admin_center
1044,34,Волгоградская область,Чернышковский муниципальный район,18-658-000-000,48.422199,42.225616,admin_center
1045,35,Вологодская область,городской округ город Вологда,19-701-000-000,59.2189391,39.8933913,admin_center
1046,35,Вологодская область,городской округ город Череповец,19-730-000-000,59.128696,37.916389,admin_center
1055,35,Вологодская область,Вытегорский муниципальный район,19-622-000-000,61.006498,36.4514921,admin_center
1071,35,Вологодская область,Череповецкий муниципальный район,19-656-000-000,59.128696,37.916389,admin_center
1072,35,Вологодская область,Шекснинский муниципальный район,19-658-000-000,59.2069457,38.5009851,admin_center
1073,36,Воронежская область,городской округ город Воронеж,20-701-000-000,51.6605982,39.2005858,admin_center
1074,36,Воронежская область,городской округ Борисоглебский,20-710-000-000,51.368015,42.075169,admin_center
1075,36,Воронежская область,городской округ город Нововоронеж,20-727-000-000,51.30905,39.2160054,admin_center
1076,36,Воронежская область,Аннинский муниципальный район,20-602-000-000,51.488499,40.417393,admin_center
1077,36,Воронежская область,Бобровский муниципальный район,20-604-000-000,51.0967999,40.0307798,admin_center
1078,36,Воронежская область,Богучарский муниципальный район,20-605-000-000,49.9324498,40.5544754,admin_center
1079,36,Воронежская область,Бутурлиновский муниципальный район,20-608-000-000,50.828491,40.587322,admin_center
1080,36,Воронежская область,Верхнемамонский муниципальный район,20-610-000-000,50.1677646,40.3966104,admin_center
1081,36,Воронежская область,Верхнехавский муниципальный район,20-611-000-000,51.8439568,39.9334627,admin_center
1082,36,Воронежская область,Воробьёвский муниципальный район,20-612-000-000,50.645149,40.924503,admin_center
1083,36,Воронежская область,Грибановский муниципальный район,20-613-000-000,51.450348,41.960777,admin_center
1084,36,Воронежская область,Калачеевский муниципальный район,20-615-000-000,50.4259519,41.0161721,admin_center
1085,36,Воронежская область,Каменский муниципальный район,20-617-000-000,50.713001,39.432598,admin_center
1086,36,Воронежская область,Кантемировский муниципальный район,20-619-000-000,49.702282,39.854115,admin_center
1087,36,Воронежская область,Каширский муниципальный район,20-620-000-000,51.408161,39.588478,admin_center
1088,36,Воронежская область,Лискинский муниципальный район,20-621-000-000,50.9873813,39.4972321,admin_center
1089,36,Воронежская область,Нижнедевицкий муниципальный район,20-623-000-000,51.5459,38.3638,admin_center
1090,36,Воронежская область,Новоусманский муниципальный район,20-625-000-000,51.6439692,39.4107009,admin_center
1091,36,Воронежская область,Новохопёрский муниципальный район,20-627-000-000,51.095146,41.616955,admin_center
1092,36,Воронежская область,Ольховатский муниципальный район,20-629-000-000,50.280743,39.297153,admin_center
1093,36,Воронежская область,Острогожский муниципальный район,20-631-000-000,50.864902,39.077244,admin_center
1094,36,Воронежская область,Павловский муниципальный район,20-633-000-000,50.4520214,40.1399663,admin_center
1095,36,Воронежская область,Панинский муниципальный район,20-635-000-000,51.648148,40.134346,admin_center
1096,36,Воронежская область,Петропавловский муниципальный район,20-637-000-000,50.093231,40.885334,admin_center
1097,36,Воронежская область,Поворинский муниципальный район,20-639-000-000,51.199276,42.24094,admin_center
1098,36,Воронежская область,Подгоренский муниципальный район,20-641-000-000,50.403614,39.638832,admin_center
1099,36,Воронежская область,Рамонский муниципальный район,20-643-000-000,51.910381,39.342144,admin_center
1100,36,Воронежская область,Репьёвский муниципальный район,20-645-000-000,51.080557,38.6439058,admin_center
1101,36,Воронежская область,Россошанский муниципальный район,20-647-000-000,50.1961874,39.5764857,admin_center
1102,36,Воронежская область,Семилукский муниципальный район,20-649-000-000,51.690403,39.022186,admin_center
1103,36,Воронежская область,Таловский муниципальный район,20-651-000-000,51.11654645,40.72493628584353,admin_center
1104,36,Воронежская область,Терновский муниципальный район,20-654-000-000,51.684982,41.590942,admin_center
1105,36,Воронежская область,Хохольский муниципальный район,20-656-000-000,51.5779217,38.7866515,admin_center
1106,36,Воронежская область,Эртильский муниципальный район,20-658-000-000,51.8367188,40.7982804,admin_center
1107,37,Ивановская область,городской округ Иваново,24-701-000-000,56.9984452,40.9737394,admin_center
1108,37,Ивановская область,городской округ Вичуга,24-703-000-000,57.2200735,41.9239228,admin_center
1109,37,Ивановская область,городской округ Кинешма,24-705-000-000,57.4426901,42.1687834,admin_center
1110,37,Ивановская область,городской округ Кохма,24-706-000-000,56.9315448,41.0939402,admin_center
1111,37,Ивановская область,городской округ Тейково,24-707-000-000,56.8554753,40.5405863,admin_center
1112,37,Ивановская область,городской округ Шуя,24-711-000-000,56.8558465,41.3838496,admin_center
1113,37,Ивановская область,Вичугский муниципальный район,24-601-000-000,57.2200735,41.9239228,admin_center
1114,37,Ивановская область,Верхнеландеховский муниципальный район,24-602-000-000,56.840488,42.595818,admin_center
1115,37,Ивановская область,Гаврилово-Посадский муниципальный район,24-603-000-000,56.5585501,40.1205669,admin_center
1116,37,Ивановская область,Заволжский муниципальный район,24-605-000-000,57.47784385,42.14006934304795,admin_center
1117,37,Ивановская область,Ивановский муниципальный район,24-607-000-000,56.9984452,40.9737394,admin_center
1118,37,Ивановская область,Ильинский муниципальный район,24-609-000-000,56.9713637,39.7714702,admin_center
1119,37,Ивановская область,Кинешемский муниципальный район,24-611-000-000,57.4426901,42.1687834,admin_center
1120,37,Ивановская область,Комсомольский муниципальный район,24-613-000-000,57.027321,40.377602,admin_center
1121,37,Ивановская область,Лежневский муниципальный район,24-614-000-000,56.775677,40.887329,admin_center
1122,37,Ивановская область,Лухский муниципальный район,24-615-000-000,57.007736,42.252235,admin_center
1123,37,Ивановская область,Палехский муниципальный район,24-617-000-000,56.8023842,41.8539925,admin_center
1124,37,Ивановская область,Пестяковский муниципальный район,24-619-000-000,56.7087539,42.6705083,admin_center
1125,37,Ивановская область,Приволжский муниципальный район,24-620-000-000,57.380333,41.281178,admin_center
1126,37,Ивановская область,Пучежский муниципальный район,24-621-000-000,56.9820977,43.168062,admin_center
1127,37,Ивановская область,Родниковский муниципальный район,24-623-000-000,57.105225,41.72839,admin_center
1128,37,Ивановская область,Савинский муниципальный район,24-625-000-000,56.5907172,41.2151323,admin_center
1129,37,Ивановская область,Тейковский муниципальный район,24-629-000-000,56.8554753,40.5405863,admin_center
1130,37,Ивановская область,Фурмановский муниципальный район,24-631-000-000,57.248756,41.10923,admin_center
1131,37,Ивановская область,Шуйский муниципальный район,24-633-000-000,56.8558465,41.3838496,admin_center
1132,37,Ивановская область,Южский муниципальный район,24-635-000-000,56.5840428,42.0109249,admin_center
1133,37,Ивановская область,Юрьевецкий муниципальный район,24-637-000-000,57.30654364999999,43.10327169573893,admin_center
1134,38,Иркутская область,городской округ город Иркутск,25-701-000-000,52.2891225,104.279829,admin_center
1135,38,Иркутская область,городской округ Ангарский,25-703-000-000,52.5443167,103.8882138,admin_center
1136,38,Иркутская область,городской округ город Братск,25-714-000-000,56.1517085,101.6334907,admin_center
1137,38,Иркутская область,городской округ Зима,25-720-000-000,53.9211241,102.0491543,admin_center
1138,38,Иркутская область,городской округ город Саянск,25-726-000-000,54.1123301,102.1785158,admin_center
1139,38,Иркутская область,городской округ город Тулун,25-732-000-000,54.562096,100.579216,admin_center
1140,38,Иркутская область,городской округ город Усолье-Сибирское,25-736-000-000,52.7512013,103.6621625,admin_center
1141,38,Иркутская область,городской округ город Усть-Илимск,25-738-000-000,57.959473,102.734192,admin_center
1142,38,Иркутская область,городской округ город Черемхово,25-745-000-000,53.148434,103.070145,admin_center
1143,38,Иркутская область,городской округ город Свирск,25-746-000-000,53.066269,103.342331,admin_center
1144,38,Иркутская область,Балаганский муниципальный район,25-601-000-000,54.006798,103.054024,admin_center
1145,38,Иркутская область,Бодайбинский муниципальный район,25-602-000-000,57.8499525,114.2039967,admin_center
1146,38,Иркутская область,Братский муниципальный район,25-604-000-000,56.1517085,101.6334907,admin_center
1147,38,Иркутская область,Жигаловский муниципальный район,25-606-000-000,54.812668,105.15229,admin_center
1148,38,Иркутская область,Заларинский муниципальный район,25-608-000-000,53.566238,102.515991,admin_center
1149,38,Иркутская область,Зиминский муниципальный район,25-610-000-000,53.9211241,102.0491543,admin_center
1150,38,Иркутская область,Иркутский муниципальный район,25-612-000-000,52.2891225,104.279829,admin_center
1151,38,Иркутская область,Казачинско-Ленский муниципальный район,25-614-000-000,56.271587,107.567009,admin_center
1152,38,Иркутская область,Катангский муниципальный район,25-616-000-000,61.275021,108.009712,admin_center
1153,38,Иркутская область,Качугский муниципальный район,25-618-000-000,53.960819,105.885147,admin_center
1154,38,Иркутская область,Киренский муниципальный район,25-620-000-000,57.776356,108.116295,admin_center
1155,38,Иркутская область,Куйтунский муниципальный район,25-622-000-000,54.344154,101.506195,admin_center
1156,38,Иркутская область,Мамско-Чуйский муниципальный район,25-624-000-000,58.310555,112.903419,admin_center
1157,38,Иркутская область,Нижнеилимский муниципальный район,25-626-000-000,56.577915,104.12294,admin_center
1158,38,Иркутская область,Нижнеудинский муниципальный район,25-628-000-000,54.9084881,99.0302862,admin_center
1159,38,Иркутская область,Ольхонский муниципальный район,25-630-000-000,52.799557,106.404564,admin_center
1160,38,Иркутская область,Слюдянский муниципальный район,25-634-000-000,51.656769,103.719292,admin_center
1161,38,Иркутская область,Тайшетский муниципальный район,25-636-000-000,55.9385304,98.0196711,admin_center
1162,38,Иркутская область,Тулунский муниципальный район,25-638-000-000,54.562096,100.579216,admin_center
1163,38,Иркутская область,Усольский муниципальный район,25-640-000-000,52.8142174,103.52552,admin_center
1164,38,Иркутская область,Усть-Илимский муниципальный район,25-642-000-000,57.959473,102.734192,admin_center
1165,38,Иркутская область,Усть-Кутский муниципальный район,25-644-000-000,56.7810026,105.7460255,admin_center
1166,38,Иркутская область,Усть-Удинский муниципальный район,25-646-000-000,54.1691395,103.0319541036817,admin_center
1167,38,Иркутская область,Черемховский муниципальный район,25-648-000-000,53.148434,103.070145,admin_center
1168,38,Иркутская область,Чунский муниципальный район,25-650-000-000,56.091248,99.633705,admin_center
1169,38,Иркутская область,Шелеховский муниципальный район,25-655-000-000,52.2097478,104.097683,admin_center
1170,38,Иркутская область,Аларский муниципальный район,25-605-000-000,53.3494147,102.7949052,admin_center
1171,38,Иркутская область,Баяндаевский муниципальный район,25-607-000-000,53.067226,105.517876,admin_center
1172,38,Иркутская область,Боханский муниципальный район,25-609-000-000,53.153561,103.766212,admin_center
1173,38,Иркутская область,Нукутский муниципальный район,25-629-000-000,53.700245,102.711548,admin_center
1174,38,Иркутская область,Осинский муниципальный район,25-631-000-000,53.388348,103.877457,admin_center
1175,38,Иркутская область,Эхирит-Булагатский муниципальный район,25-657-000-000,52.8052218,104.7534712,admin_center
1176,39,Калининградская область,городской округ город Калининград,27-701-000-000,54.710128,20.5105838,admin_center
1177,39,Калининградская область,городской округ Ладушкинский,27-711-000-000,54.5712666,20.1734409,admin_center
1178,39,Калининградская область,городской округ Мамоновский,27-712-000-000,54.4636264,19.9414303,admin_center
1179,39,Калининградская область,городской округ Пионерский,27-717-000-000,54.948227,20.22591,admin_center
1180,39,Калининградская область,городской округ Светловский,27-725-000-000,54.673355,20.131153,admin_center
1181,39,Калининградская область,городской округ Советский,27-730-000-000,55.0809688,21.8882673,admin_center
1182,39,Калининградская область,городской округ Янтарный,27-740-000-000,54.87104305,19.94147043003838,admin_center
1187,39,Калининградская область,городской округ Гусевский,27-709-000-000,54.5921685,22.2014752,admin_center
1198,40,Калужская область,городской округ город Калуга,29-701-000-000,54.5101087,36.2598115,admin_center
1199,40,Калужская область,городской округ город Обнинск,29-715-000-000,55.0951738,36.611913,admin_center
1200,40,Калужская область,Бабынинский муниципальный район,29-602-000-000,54.3910744,35.7400192,admin_center
1201,40,Калужская область,Барятинский муниципальный район,29-604-000-000,54.3102823,34.5190756,admin_center
1202,40,Калужская область,Боровский муниципальный район,29-606-000-000,55.2049516,36.48485294979915,admin_center
1203,40,Калужская область,Дзержинский муниципальный район,29-608-000-000,54.8069199,35.9301213,admin_center
1204,40,Калужская область,Думиничский муниципальный район,29-610-000-000,53.933388,35.105518000000004,admin_center
1205,40,Калужская область,Жиздринский муниципальный район,29-612-000-000,53.7485337,34.7353545,admin_center
1206,40,Калужская область,Жуковский муниципальный район,29-613-000-000,55.0338,36.7489,admin_center
1207,40,Калужская область,Кировский муниципальный район,29-614-000-000,54.0742905,34.3025979,admin_center
1208,40,Калужская область,Износковский муниципальный район,29-615-000-000,54.9911,35.3064,admin_center
1209,40,Калужская область,Козельский муниципальный район,29-616-000-000,54.03832175,35.78290647818667,admin_center
1210,40,Калужская область,Куйбышевский муниципальный район,29-618-000-000,54.0140623,33.9446908,admin_center
1211,40,Калужская область,Людиновский муниципальный район,29-620-000-000,53.8454692,34.43152145267353,admin_center
1212,40,Калужская область,Малоярославецкий муниципальный район,29-623-000-000,55.012181,36.4590246,admin_center
1213,40,Калужская область,Медынский муниципальный район,29-625-000-000,54.969,35.857,admin_center
1214,40,Калужская область,Мещовский муниципальный район,29-627-000-000,54.3207145,35.2796334,admin_center
1215,40,Калужская область,Мосальский муниципальный район,29-629-000-000,54.4872876,34.9789866,admin_center
1216,40,Калужская область,Перемышльский муниципальный район,29-632-000-000,54.2607,36.1647,admin_center
1217,40,Калужская область,Спас-Деменский муниципальный район,29-634-000-000,54.412586,34.0309659,admin_center
1218,40,Калужская область,Сухиничский муниципальный район,29-636-000-000,54.096976,35.35334952467876,admin_center
1219,40,Калужская область,Тарусский муниципальный район,29-638-000-000,54.7293536,37.1815538,admin_center
1220,40,Калужская область,Ульяновский муниципальный район,29-642-000-000,53.723654,35.5298461,admin_center
1221,40,Калужская область,Ферзиковский муниципальный район,29-644-000-000,54.51565365,36.76025305349451,admin_center
1222,40,Калужская область,Хвастовичский муниципальный район,29-646-000-000,53.465855,35.089252,admin_center
1223,40,Калужская область,Юхновский муниципальный район,29-650-000-000,54.7415766,35.2264393,admin_center
1224,42,Кемеровская область,городской округ Кемеровский,32-701-000-000,55.3550907,86.0871213,admin_center
1225,42,Кемеровская область,городской округ Анжеро-Судженский,32-704-000-000,56.077808,86.019356,admin_center
1226,42,Кемеровская область,городской округ Беловский,32-707-000-000,54.419323,86.303429,admin_center
1227,42,Кемеровская область,городской округ Березовский,32-710-000-000,55.6696946,86.275154,admin_center
1228,42,Кемеровская область,городской округ Калтанский,32-715-000-000,53.519459,87.286179,admin_center
1229,42,Кемеровская область,городской округ Киселевский,32-716-000-000,54.0049872,86.6354771,admin_center
1230,42,Кемеровская область,городской округ Ленинск-Кузнецкий,32-719-000-000,54.665443,86.166115,admin_center
1231,42,Кемеровская область,городской округ Междуреченский,32-725-000-000,53.6863763,88.0703443,admin_center
1232,42,Кемеровская область,городской округ Мысковский,32-728-000-000,53.71386,87.800316,admin_center
1233,42,Кемеровская область,городской округ Новокузнецкий,32-731-000-000,53.7575903,87.1358494,admin_center
1234,42,Кемеровская область,городской округ Осинниковский,32-734-000-000,53.606995,87.332893,admin_center
1235,42,Кемеровская область,городской округ Полысаевский,32-732-000-000,54.603142,86.276024,admin_center
1236,42,Кемеровская область,городской округ Прокопьевский,32-737-000-000,53.8879117,86.7492072,admin_center
1237,42,Кемеровская область,городской округ Тайгинский,32-740-000-000,56.065071,85.631325,admin_center
1238,42,Кемеровская область,городской округ Юргинский,32-749-000-000,55.7136,84.934799,admin_center
1239,42,Кемеровская область,городской округ Краснобродский,32-751-000-000,54.157387,86.448097,admin_center
1250,42,Кемеровская область,Таштагольский муниципальный район,32-627-000-000,52.7594694,87.8484499,admin_center
1258,43,Кировская область,городской округ город Киров,33-701-000-000,58.6035661,49.6666241,admin_center
1259,43,Кировская область,городской округ город Вятские Поляны,33-704-000-000,56.2229946,51.0749038,admin_center
1260,43,Кировская область,городской округ город Кирово-Чепецк,33-707-000-000,58.555069,50.0313048,admin_center
1261,43,Кировская область,городской округ город Котельнич,33-710-000-000,58.3057312,48.32643959050836,admin_center
1262,43,Кировская область,городской округ город Слободской,33-713-000-000,58.7277816,50.1771234,admin_center
1263,43,Кировская область,городской округ ЗАТО Первомайский,33-787-000-000,59.0649749,49.2849891,admin_center
1266,43,Кировская область,Белохолуницкий муниципальный район,33-605-000-000,58.8432546,50.8528865,admin_center
1269,43,Кировская область,Верхошижемский муниципальный район,33-608-000-000,58.0140582,49.1040391,admin_center
1270,43,Кировская область,Вятскополянский муниципальный район,33-610-000-000,56.2229946,51.0749038,admin_center
1271,43,Кировская область,Даровской муниципальный район,33-612-000-000,58.7705606,47.9584366,admin_center
1272,43,Кировская область,Зуевский муниципальный район,33-614-000-000,58.4060241,51.1388605,admin_center
1274,43,Кировская область,Кильмезский муниципальный район,33-617-000-000,56.9449015,51.0613993,admin_center
1275,43,Кировская область,Кирово-Чепецкий муниципальный район,33-618-000-000,58.555069,50.0313048,admin_center
1276,43,Кировская область,Котельничский муниципальный район,33-619-000-000,58.3057312,48.32643959050836,admin_center
1277,43,Кировская область,Куменский муниципальный район,33-620-000-000,58.1100761,49.9173135,admin_center
1280,43,Кировская область,Малмыжский муниципальный район,33-623-000-000,56.5206314,50.6775905,admin_center
1282,43,Кировская область,Нагорский муниципальный район,33-625-000-000,59.3159141,50.8017309,admin_center
1284,43,Кировская область,Нолинский муниципальный район,33-627-000-000,57.5599476,49.93850528482464,admin_center
1285,43,Кировская область,Омутнинский муниципальный район,33-628-000-000,58.668304,52.17625,admin_center
1287,43,Кировская область,Оричевский муниципальный район,33-630-000-000,58.4013081,49.0564965,admin_center
1288,43,Кировская область,Орловский муниципальный район,33-645-000-000,58.5363174,48.8850765,admin_center
1290,43,Кировская область,Подосиновский муниципальный район,33-632-000-000,60.279064,47.06477,admin_center
1293,43,Кировская область,Слободской муниципальный район,33-635-000-000,58.7277816,50.1771234,admin_center
1294,43,Кировская область,Советский муниципальный район,33-636-000-000,57.5914193,48.95836130705428,admin_center
1295,43,Кировская область,Сунский муниципальный район,33-637-000-000,57.8335115,50.0589449,admin_center
1296,43,Кировская область,Тужинский муниципальный район,33-638-000-000,57.6053835,47.9373723,admin_center
1298,43,Кировская область,Уржумский муниципальный район,33-641-000-000,57.1101118,50.0003067,admin_center
1300,43,Кировская область,Шабалинский муниципальный район,33-647-000-000,58.3163535,47.0858159,admin_center
1301,43,Кировская область,Юрьянский муниципальный район,33-649-000-000,59.0422736,49.2802038,admin_center
1302,43,Кировская область,Яранский муниципальный район,33-650-000-000,57.3042882,47.8855774,admin_center
1303,44,Костромская область,городской округ город Кострома,34-701-000-000,57.7679158,40.9269141,admin_center
1304,44,Костромская область,городской округ город Буй,34-705-000-000,58.4816821,41.532956,admin_center
1305,44,Костромская область,городской округ город Волгореченск,34-706-000-000,57.44224775,41.15947358625323,admin_center
1306,44,Костромская область,городской округ город Галич,34-708-000-000,58.381382,42.347916,admin_center
1307,44,Костромская область,городской округ город Мантурово,34-714-000-000,58.333271,44.761791,admin_center
1308,44,Костромская область,городской округ город Шарья,34-730-000-000,58.36974795,45.51729631871895,admin_center
1309,44,Костромская область,Антроповский муниципальный район,34-602-000-000,58.3976,43.005,admin_center
1310,44,Костромская область,Буйский муниципальный район,34-604-000-000,58.4816821,41.532956,admin_center
1311,44,Костромская область,Вохомский муниципальный район,34-606-000-000,58.9306116,46.7588656,admin_center
1312,44,Костромская область,Галичский муниципальный район,34-608-000-000,58.381382,42.347916,admin_center
1313,44,Костромская область,Кадыйский муниципальный район,34-610-000-000,57.784485,43.189411,admin_center
1315,44,Костромская область,Костромской муниципальный район,34-614-000-000,57.7679158,40.9269141,admin_center
1316,44,Костромская область,Красносельский муниципальный район,34-616-000-000,57.509319,41.237621,admin_center
1317,44,Костромская область,Макарьевский муниципальный район,34-618-000-000,57.880402,43.80724,admin_center
1318,44,Костромская область,Мантуровский муниципальный район,34-620-000-000,58.333271,44.761791,admin_center
1321,44,Костромская область,муниципальный район город Нерехта и Нерехтский район,34-626-000-000,57.460655,40.573799,admin_center
1322,44,Костромская область,Октябрьский муниципальный район,34-628-000-000,58.9755482,47.0195907,admin_center
1329,44,Костромская область,Судиславский муниципальный район,34-642-000-000,57.881283,41.712421,admin_center
1330,44,Костромская область,Сусанинский муниципальный район,34-644-000-000,58.147578,41.5851443,admin_center
1331,44,Костромская область,Чухломский муниципальный район,34-646-000-000,58.7560222,42.68065,admin_center
1332,44,Костромская область,Шарьинский муниципальный район,34-648-000-000,58.36974795,45.51729631871895,admin_center
1333,45,Курганская область,городской округ город Курган,37-701-000-000,55.4409357,65.3421169,admin_center
1334,45,Курганская область,городской округ город Шадринск,37-705-000-000,56.087364,63.629482,admin_center
1359,46,Курская область,городской округ город Курск,38-701-000-000,51.72703565,36.19224795692111,admin_center
1360,46,Курская область,городской округ город Железногорск,38-705-000-000,52.3389459,35.3511755,admin_center
1361,46,Курская область,городской округ город Курчатов,38-708-000-000,51.659466,35.658863,admin_center
1362,46,Курская область,городской округ город Льгов,38-710-000-000,51.6906587,35.2839999,admin_center
1363,46,Курская область,городской округ город Щигры,38-715-000-000,51.870821,36.9131896,admin_center
1364,46,Курская область,Беловский муниципальный район,38-602-000-000,51.055645,35.710098,admin_center
1365,46,Курская область,Большесолдатский муниципальный район,38-603-000-000,51.333981,35.510269,admin_center
1366,46,Курская область,Глушковский муниципальный район,38-604-000-000,51.3391315,34.6373099,admin_center
1367,46,Курская область,Горшеченский муниципальный район,38-606-000-000,51.5272373,38.02442271789279,admin_center
1368,46,Курская область,Дмитриевский муниципальный район,38-608-000-000,52.1217424,35.07538926047222,admin_center
1369,46,Курская область,Железногорский муниципальный район,38-610-000-000,52.3389459,35.3511755,admin_center
1370,46,Курская область,Золотухинский муниципальный район,38-612-000-000,52.0847664,36.3799043,admin_center
1371,46,Курская область,Касторенский муниципальный район,38-614-000-000,51.8292176,38.131399,admin_center
1372,46,Курская область,Конышевский муниципальный район,38-616-000-000,51.840931,35.29014596117754,admin_center
1373,46,Курская область,Кореневский муниципальный район,38-618-000-000,51.414234,34.897091,admin_center
1374,46,Курская область,Курский муниципальный район,38-620-000-000,51.7135353,36.3302263,admin_center
1375,46,Курская область,Курчатовский муниципальный район,38-621-000-000,51.659466,35.658863,admin_center
1376,46,Курская область,Льговский муниципальный район,38-622-000-000,51.6906587,35.2839999,admin_center
1377,46,Курская область,Мантуровский муниципальный район,38-623-000-000,51.452503,37.130699,admin_center
1378,46,Курская область,Медвенский муниципальный район,38-624-000-000,51.417706,36.118046,admin_center
1379,46,Курская область,Обоянский муниципальный район,38-626-000-000,51.211079,36.276245,admin_center
1380,46,Курская область,Октябрьский муниципальный район,38-628-000-000,51.65387,35.937195,admin_center
1381,46,Курская область,Поныровский муниципальный район,38-630-000-000,52.3192156,36.3020868,admin_center
1382,46,Курская область,Пристенский муниципальный район,38-632-000-000,51.236023,36.6941094,admin_center
1383,46,Курская область,Рыльский муниципальный район,38-634-000-000,51.570538,34.683506,admin_center
1384,46,Курская область,Советский муниципальный район,38-636-000-000,51.84898,37.72422,admin_center
1385,46,Курская область,Солнцевский муниципальный район,38-638-000-000,51.4145748,36.75391333852473,admin_center
1386,46,Курская область,Суджанский муниципальный район,38-640-000-000,51.190708,35.270855,admin_center
1387,46,Курская область,Тимский муниципальный район,38-642-000-000,51.621746,37.122578,admin_center
1388,46,Курская область,Фатежский муниципальный район,38-644-000-000,52.0909529,35.85372325873458,admin_center
1389,46,Курская область,Хомутовский муниципальный район,38-646-000-000,51.9284482,34.56190766377678,admin_center
1390,46,Курская область,Черемисиновский муниципальный район,38-648-000-000,51.88437315,37.26924752789665,admin_center
1391,46,Курская область,Щигровский муниципальный район,38-650-000-000,51.870821,36.9131896,admin_center
1392,47,Ленинградская область,Бокситогорский муниципальный район,41-603-000-000,59.4729021,33.8489952,admin_center
1393,47,Ленинградская область,Волосовский муниципальный район,41-606-000-000,59.44439375,29.49251575862619,admin_center
1394,47,Ленинградская область,Волховский муниципальный район,41-609-000-000,59.9275868,32.3276803,admin_center
1395,47,Ленинградская область,Всеволожский муниципальный район,41-612-000-000,60.0425967,30.58180461128939,admin_center
1396,47,Ленинградская область,Выборгский муниципальный район,41-615-000-000,60.7326723,28.74469092882248,admin_center
1397,47,Ленинградская область,Гатчинский муниципальный район,41-618-000-000,59.5706273,30.1305083,admin_center
1398,47,Ленинградская область,Кингисеппский муниципальный район,41-621-000-000,59.3743982,28.5981591,admin_center
1399,47,Ленинградская область,Киришский муниципальный район,41-624-000-000,59.450325,32.010578,admin_center
1400,47,Ленинградская область,Кировский муниципальный район,41-625-000-000,59.8813954,30.9855331,admin_center
1401,47,Ленинградская область,Лодейнопольский муниципальный район,41-627-000-000,60.7339323,33.5457731,admin_center
1402,47,Ленинградская область,Ломоносовский муниципальный район,41-630-000-000,59.91032,29.776194,admin_center
1403,47,Ленинградская область,Лужский муниципальный район,41-633-000-000,58.735699,29.8475013,admin_center
1404,47,Ленинградская область,Подпорожский муниципальный район,41-636-000-000,60.914291,34.162354,admin_center
1405,47,Ленинградская область,Приозерский муниципальный район,41-639-000-000,61.0385285,30.1248482,admin_center
1406,47,Ленинградская область,Сланцевский муниципальный район,41-642-000-000,59.11726,28.086979,admin_center
1407,47,Ленинградская область,Тихвинский муниципальный район,41-645-000-000,59.644323,33.5418624,admin_center
1408,47,Ленинградская область,Тосненский муниципальный район,41-648-000-000,59.5412777,30.8773645,admin_center
1409,47,Ленинградская область,городской округ Сосновоборский,41-754-000-000,59.8968655,29.0765628,admin_center
1410,48,Липецкая область,городской округ город Липецк,42-701-000-000,52.6041877,39.5936899,admin_center
1411,48,Липецкая область,городской округ город Елец,42-715-000-000,52.6219865,38.5003298,admin_center
1412,48,Липецкая область,Воловский муниципальный район,42-603-000-000,52.0283838,37.8790391,admin_center
1413,48,Липецкая область,Грязинский муниципальный район,42-606-000-000,52.48744725,39.93593469574095,admin_center
1414,48,Липецкая область,Данковский муниципальный район,42-609-000-000,53.2533095,39.1591798,admin_center
1415,48,Липецкая область,Добринский муниципальный район,42-612-000-000,52.1658357,40.4772102,admin_center
1416,48,Липецкая область,Добровский муниципальный район,42-615-000-000,52.8613369,39.8102066,admin_center
1417,48,Липецкая область,Долгоруковский муниципальный район,42-618-000-000,52.3243879,38.3495961,admin_center
1418,48,Липецкая область,Елецкий муниципальный район,42-621-000-000,52.6219865,38.5003298,admin_center
1419,48,Липецкая область,Задонский муниципальный район,42-624-000-000,52.387798,38.92672,admin_center
1420,48,Липецкая область,Измалковский муниципальный район,42-627-000-000,52.6931659,37.9693559,admin_center
1421,48,Липецкая область,Краснинский муниципальный район,42-630-000-000,52.863953,38.783821,admin_center
1422,48,Липецкая область,Лебедянский муниципальный район,42-633-000-000,53.0126146,39.127593,admin_center
1423,48,Липецкая область,Лев-Толстовский муниципальный район,42-636-000-000,53.212541,39.4477568,admin_center
1424,48,Липецкая область,Липецкий муниципальный район,42-640-000-000,52.6041877,39.5936899,admin_center
1425,48,Липецкая область,Становлянский муниципальный район,42-642-000-000,52.7632714,38.3639594,admin_center
1426,48,Липецкая область,Тербунский муниципальный район,42-645-000-000,52.146828,38.278389,admin_center
1427,48,Липецкая область,Усманский муниципальный район,42-648-000-000,52.0506929,39.7399996,admin_center
1428,48,Липецкая область,Хлевенский муниципальный район,42-652-000-000,52.197231,39.086029,admin_center
1429,48,Липецкая область,Чаплыгинский муниципальный район,42-656-000-000,53.243015,39.966801,admin_center
1430,49,Магаданская область,городской округ город Магадан,44-701-000-000,59.5604768,150.7988617,admin_center
1439,50,Московская область,городской округ Балашиха,46-704-000-000,55.7997662,37.9373707,admin_center
1440,50,Московская область,городской округ Бронницы,46-705-000-000,55.42009275,38.27196953296119,admin_center
1441,50,Московская область,городской округ Власиха,46-773-000-000,55.6838591,37.1919786,admin_center
1442,50,Московская область,городской округ Восход,46-763-000-000,55.9738318,36.45897,admin_center
1443,50,Московская область,городской округ Дзержинский,46-711-000-000,55.6309186,37.8496653,admin_center
1444,50,Московская область,городской округ Долгопрудный,46-716-000-000,55.9341491,37.5142417,admin_center
1445,50,Московская область,городской округ Домодедово,46-709-000-000,55.4368213,37.7680693,admin_center
1446,50,Московская область,городской округ Дубна,46-718-000-000,56.7362705,37.1623696,admin_center
1447,50,Московская область,городской округ Егорьевск,46-722-000-000,55.3829765,39.0356223,admin_center
1448,50,Московская область,городской округ Жуковский,46-725-000-000,55.5972801,38.1199863,admin_center
1449,50,Московская область,городской округ Зарайск,46-729-000-000,54.7585694,38.8818137,admin_center
1450,50,Московская область,городской округ Звенигород,46-730-000-000,55.7293613,36.8585382,admin_center
1451,50,Московская область,городской округ Звёздный городок,46-774-000-000,55.8774221,38.1130637,admin_center
1452,50,Московская область,городской округ Ивантеевка,46-732-000-000,55.9714098,37.9200739,admin_center
1453,50,Московская область,городской округ Истра,46-733-000-000,55.9145993,36.8595482,admin_center
1454,50,Московская область,городской округ Кашира,46-735-000-000,54.837449,38.1505119,admin_center
1455,50,Московская область,городской округ Коломенский,46-738-000-000,55.0938743,38.7670121,admin_center
1456,50,Московская область,городской округ Королёв,46-734-000-000,55.9190049,37.8150443,admin_center
1457,50,Московская область,городской округ Котельники,46-739-000-000,55.661668,37.8673073,admin_center
1458,50,Московская область,городской округ Красноармейск,46-743-000-000,56.1210895,38.1457655,admin_center
1459,50,Московская область,городской округ Красногорск,46-744-000-000,55.8217545,37.3400897,admin_center
1460,50,Московская область,городской округ Краснознаменск,46-706-000-000,55.5971787,37.0395057,admin_center
1461,50,Московская область,городской округ Лобня,46-740-000-000,56.03377690000001,37.46122371880293,admin_center
1462,50,Московская область,городской округ Лосино-Петровский,46-742-000-000,55.8705593,38.2032701,admin_center
1463,50,Московская область,городской округ Луховицы,46-747-000-000,54.9655573,39.0277188,admin_center
1464,50,Московская область,городской округ Лыткарино,46-741-000-000,55.5822477,37.9080217,admin_center
1465,50,Московская область,городской округ Люберцы,46-748-000-000,55.6783142,37.89377,admin_center
1466,50,Московская область,городской округ Молодёжный,46-761-000-000,55.325936,36.7847582,admin_center
1467,50,Московская область,городской округ Мытищи,46-746-000-000,55.9094928,37.7339358,admin_center
1468,50,Московская область,городской округ Наро-Фоминский,46-750-000-000,55.3842784,36.723507,admin_center
1469,50,Московская область,городской округ Озёры,46-756-000-000,54.8581651,38.54637793943108,admin_center
1470,50,Московская область,городской округ Орехово-Зуево,46-757-000-000,55.8083278,38.9790038,admin_center
1471,50,Московская область,городской округ Павловский Посад,46-759-000-000,55.7813357,38.6507838,admin_center
1472,50,Московская область,городской округ Подольск,46-760-000-000,55.4308841,37.5453056,admin_center
1473,50,Московская область,городской округ Протвино,46-767-000-000,54.8707703,37.2188629,admin_center
1474,50,Московская область,городской округ Пущино,46-762-000-000,54.8347213,37.6139685,admin_center
1475,50,Московская область,городской округ Реутов,46-764-000-000,55.7622453,37.856555,admin_center
1476,50,Московская область,городской округ Рошаль,46-765-000-000,55.6583239,39.8717137,admin_center
1477,50,Московская область,городской округ Рузский,46-766-000-000,55.6998907,36.1946992,admin_center
1478,50,Московская область,городской округ Серебряные Пруды,46-772-000-000,54.4679803,38.7223679,admin_center
1479,50,Московская область,городской округ Серпухов,46-770-000-000,54.9155247,37.4195533,admin_center
1480,50,Московская область,городской округ Ступино,46-776-000-000,54.886598,38.0772589,admin_center
1481,50,Московская область,городской округ Фрязино,46-780-000-000,55.954618,38.0567691,admin_center
1482,50,Московская область,городской округ Химки,46-783-000-000,55.8917293,37.4396994,admin_center
1483,50,Московская область,городской округ Черноголовка,46-781-000-000,56.0061165,38.3835224,admin_center
1484,50,Московская область,городской округ Чехов,46-784-000-000,55.1426603,37.4545328,admin_center
1485,50,Московская область,городской округ Шатура,46-786-000-000,55.578403,39.5437584,admin_center
1486,50,Московская область,городской округ Шаховская,46-787-000-000,56.031464,35.5102036,admin_center
1487,50,Московская область,городской округ Электрогорск,46-791-000-000,55.8792983,38.7858721,admin_center
1488,50,Московская область,городской округ Электросталь,46-790-000-000,55.7903785,38.4405711,admin_center
1497,50,Московская область,Одинцовский муниципальный район,46-641-000-000,55.678223,37.2668096,admin_center
1502,50,Московская область,Серпуховский муниципальный район,46-651-000-000,54.9155247,37.4195533,admin_center
1505,50,Московская область,Щёлковский муниципальный район,46-659-000-000,55.9206499,37.9915576,admin_center
1506,51,Мурманская область,городской округ город Мурманск,47-701-000-000,68.970665,33.07497,admin_center
1513,51,Мурманская область,городской округ ЗАТО Александровск,47-737-000-000,69.199524,33.445839,admin_center
1514,51,Мурманская область,городской округ ЗАТО поселок Видяево,47-735-000-000,69.3180029,32.8067302,admin_center
1515,51,Мурманская область,городской округ ЗАТО город Заозерск,47-733-000-000,69.400925,32.441334,admin_center
1516,51,Мурманская область,городской округ ЗАТО город Островной,47-731-000-000,68.0544447,39.5129384,admin_center
1517,51,Мурманская область,городской округ ЗАТО город Североморск,47-730-000-000,69.069168,33.416656,admin_center
1518,51,Мурманская область,Кандалакшский муниципальный район,47-608-000-000,67.1507901,32.4082716,admin_center
1519,51,Мурманская область,Кольский муниципальный район,47-605-000-000,68.880638,33.019726,admin_center
1520,51,Мурманская область,Ловозерский муниципальный район,47-610-000-000,68.0058828,35.0172148,admin_center
1522,51,Мурманская область,Терский муниципальный район,47-620-000-000,66.6780339,34.3376019,admin_center
1523,52,Нижегородская область,городской округ город Нижний Новгород,22-701-000-000,56.3264816,44.0051395,admin_center
1524,52,Нижегородская область,городской округ город Арзамас,22-703-000-000,55.3987879,43.8210933,admin_center
1525,52,Нижегородская область,городской округ город Бор,22-712-000-000,56.3598289,44.0542641,admin_center
1526,52,Нижегородская область,городской округ город Выкса,22-715-000-000,55.318774,42.1800408,admin_center
1527,52,Нижегородская область,городской округ город Дзержинск,22-721-000-000,56.2382157,43.4617405,admin_center
1528,52,Нижегородская область,городской округ город Кулебаки,22-727-000-000,55.429287,42.511879,admin_center
1529,52,Нижегородская область,городской округ Навашинский,22-730-000-000,55.544071,42.188671,admin_center
1530,52,Нижегородская область,городской округ Перевозский,22-739-000-000,55.596546,44.544846,admin_center
1531,52,Нижегородская область,городской округ ЗАТО город Саров,22-704-000-000,54.93854140000001,43.31126093952879,admin_center
1532,52,Нижегородская область,городской округ Семеновский,22-737-000-000,56.788342,44.49155,admin_center
1533,52,Нижегородская область,городской округ город Шахунья,22-758-000-000,57.6730182,46.6152378,admin_center
1534,52,Нижегородская область,городской округ город Первомайск,22-734-000-000,54.8666491,43.8054106,admin_center
1535,52,Нижегородская область,городской округ Сокольский,22-749-000-000,57.143093,43.16357,admin_center
1536,52,Нижегородская область,городской округ город Чкаловск,22-755-000-000,56.764915,43.243324,admin_center
1538,52,Нижегородская область,Арзамасский муниципальный район,22-603-000-000,55.3987879,43.8210933,admin_center
1575,53,Новгородская область,городской округ Великий Новгород,49-701-000-000,58.5609587,31.2809005856491,admin_center
1576,53,Новгородская область,Батецкий муниципальный район,49-603-000-000,58.647774,30.299807,admin_center
1577,53,Новгородская область,Боровичский муниципальный район,49-606-000-000,58.389009,33.9068275,admin_center
1578,53,Новгородская область,Валдайский муниципальный район,49-608-000-000,57.9791414,33.2537994,admin_center
1582,53,Новгородская область,Любытинский муниципальный район,49-616-000-000,58.8142322,33.3976972,admin_center
1583,53,Новгородская область,Маловишерский муниципальный район,49-620-000-000,58.844215,32.218636,admin_center
1586,53,Новгородская область,Новгородский муниципальный район,49-625-000-000,58.5609587,31.2809005856491,admin_center
1587,53,Новгородская область,Окуловский муниципальный район,49-628-000-000,58.3740782,33.3009383,admin_center
1588,53,Новгородская область,Парфинский муниципальный район,49-630-000-000,57.9713226,31.649848,admin_center
1590,53,Новгородская область,Поддорский муниципальный район,49-634-000-000,57.470387,31.111748,admin_center
1592,53,Новгородская область,Старорусский муниципальный район,49-639-000-000,57.9898923,31.3634905,admin_center
1594,53,Новгородская область,Холмский муниципальный район,49-647-000-000,57.15407424999999,31.17085196949452,admin_center
1595,53,Новгородская область,Чудовский муниципальный район,49-650-000-000,59.1240916,31.68621497690631,admin_center
1596,53,Новгородская область,Шимский муниципальный район,49-655-000-000,58.2117,30.724808,admin_center
1597,54,Новосибирская область,городской округ город Новосибирск,50-701-000-000,54.96781445,82.95159894278376,admin_center
1598,54,Новосибирская область,городской округ город Бердск,50-708-000-000,54.7437662,83.06268907860164,admin_center
1599,54,Новосибирская область,городской округ город Искитим,50-712-000-000,54.61506035,83.29727586648599,admin_center
1600,54,Новосибирская область,городской округ город Обь,50-717-000-000,54.9951335,82.6933946,admin_center
1601,54,Новосибирская область,городской округ рабочий поселок Кольцово,50-740-000-000,54.9367736,83.187139,admin_center
1602,54,Новосибирская область,Баганский муниципальный район,50-603-000-000,54.0968728,77.6718776,admin_center
1603,54,Новосибирская область,Барабинский муниципальный район,50-604-000-000,55.3567611,78.350348,admin_center
1604,54,Новосибирская область,Болотнинский муниципальный район,50-606-000-000,55.6715707,84.388557,admin_center
1605,54,Новосибирская область,Венгеровский муниципальный район,50-608-000-000,55.681034,76.739029,admin_center
1606,54,Новосибирская область,Доволенский муниципальный район,50-610-000-000,54.495785,79.667091,admin_center
1607,54,Новосибирская область,Здвинский муниципальный район,50-613-000-000,54.703968,78.667595,admin_center
1608,54,Новосибирская область,Искитимский муниципальный район,50-615-000-000,54.61506035,83.29727586648599,admin_center
1609,54,Новосибирская область,Карасукский муниципальный район,50-617-000-000,53.73447,78.032372,admin_center
1610,54,Новосибирская область,Каргатский муниципальный район,50-619-000-000,55.1929899,80.2828252,admin_center
1611,54,Новосибирская область,Колыванский муниципальный район,50-621-000-000,55.3068791,82.7433464,admin_center
1612,54,Новосибирская область,Коченевский муниципальный район,50-623-000-000,55.021442,82.207718,admin_center
1613,54,Новосибирская область,Кочковский муниципальный район,50-625-000-000,54.334766,80.487846,admin_center
1614,54,Новосибирская область,Краснозерский муниципальный район,50-627-000-000,53.984768,79.228577,admin_center
1615,54,Новосибирская область,Куйбышевский муниципальный район,50-630-000-000,55.4454258,78.3222294,admin_center
1616,54,Новосибирская область,Купинский муниципальный район,50-632-000-000,54.364929,77.30854,admin_center
1617,54,Новосибирская область,Кыштовский муниципальный район,50-634-000-000,56.55957,76.624588,admin_center
1618,54,Новосибирская область,Маслянинский муниципальный район,50-636-000-000,54.345501,84.21067,admin_center
1619,54,Новосибирская область,Мошковский муниципальный район,50-638-000-000,55.304806,83.611855,admin_center
1620,54,Новосибирская область,Новосибирский муниципальный район,50-640-000-000,54.96781445,82.95159894278376,admin_center
1621,54,Новосибирская область,Ордынский муниципальный район,50-642-000-000,54.366676,81.904022,admin_center
1622,54,Новосибирская область,Северный муниципальный район,50-644-000-000,56.3500996,78.3649455,admin_center
1623,54,Новосибирская область,Сузунский муниципальный район,50-648-000-000,53.783924,82.316231,admin_center
1624,54,Новосибирская область,Татарский муниципальный район,50-650-000-000,55.216961,75.962196,admin_center
1625,54,Новосибирская область,Тогучинский муниципальный район,50-652-000-000,55.23769,84.402458,admin_center
1626,54,Новосибирская область,Убинский муниципальный район,50-654-000-000,55.306721,79.679375,admin_center
1627,54,Новосибирская область,Усть-Таркский муниципальный район,50-655-000-000,55.563934,75.706017,admin_center
1628,54,Новосибирская область,Чановский муниципальный район,50-656-000-000,55.308064,76.759605,admin_center
1629,54,Новосибирская область,Черепановский муниципальный район,50-657-000-000,54.226101,83.370468,admin_center
1630,54,Новосибирская область,Чистоозерный муниципальный район,50-658-000-000,54.712204,76.582344,admin_center
1631,54,Новосибирская область,Чулымский муниципальный район,50-659-000-000,55.09,80.970459,admin_center
1632,55,Омская область,городской округ город Омск,52-701-000-000,54.991375,73.371529,admin_center
1633,55,Омская область,Азовский немецкий национальный муниципальный район,52-601-000-000,54.70385,73.026871,admin_center
1634,55,Омская область,Большереченский муниципальный район,52-603-000-000,56.094585,74.639519,admin_center
1635,55,Омская область,Большеуковский муниципальный район,52-606-000-000,56.949043,72.625717,admin_center
1636,55,Омская область,Горьковский муниципальный район,52-609-000-000,55.371033,74.362556,admin_center
1637,55,Омская область,Знаменский муниципальный район,52-612-000-000,57.127403,73.821983,admin_center
1638,55,Омская область,Исилькульский муниципальный район,52-615-000-000,54.904892,71.259987,admin_center
1639,55,Омская область,Калачинский муниципальный район,52-618-000-000,55.049091,74.582428,admin_center
1640,55,Омская область,Колосовский муниципальный район,52-621-000-000,56.467625,73.606575,admin_center
1641,55,Омская область,Кормиловский муниципальный район,52-623-000-000,55.002613,74.092224,admin_center
1642,55,Омская область,Крутинский муниципальный район,52-626-000-000,56.006351,71.511307,admin_center
1643,55,Омская область,Любинский муниципальный район,52-629-000-000,55.156715,72.699005,admin_center
1644,55,Омская область,Марьяновский муниципальный район,52-630-000-000,54.960659,72.637947,admin_center
1645,55,Омская область,Москаленский муниципальный район,52-632-000-000,54.939468,71.92588,admin_center
1646,55,Омская область,Муромцевский муниципальный район,52-634-000-000,56.369392,75.237198,admin_center
1647,55,Омская область,Называевский муниципальный район,52-636-000-000,55.564896,71.349365,admin_center
1648,55,Омская область,Нижнеомский муниципальный район,52-639-000-000,55.43359,74.938004,admin_center
1649,55,Омская область,Нововаршавский муниципальный район,52-641-000-000,54.170616,74.696037,admin_center
1650,55,Омская область,Одесский муниципальный район,52-642-000-000,54.20969,72.965538,admin_center
1651,55,Омская область,Оконешниковский муниципальный район,52-643-000-000,54.8373364,75.0727251,admin_center
1652,55,Омская область,Омский муниципальный район,52-644-000-000,55.019558,73.580765,admin_center
1653,55,Омская область,Павлоградский муниципальный район,52-646-000-000,54.205006,73.556488,admin_center
1654,55,Омская область,Полтавский муниципальный район,52-648-000-000,54.3642388,71.7609168,admin_center
1655,55,Омская область,Русско-Полянский муниципальный район,52-650-000-000,53.780357,73.882103,admin_center
1656,55,Омская область,Саргатский муниципальный район,52-651-000-000,55.603386,73.490257,admin_center
1657,55,Омская область,Седельниковский муниципальный район,52-652-000-000,56.945618,75.306061,admin_center
1658,55,Омская область,Таврический муниципальный район,52-653-000-000,54.586674,73.637436,admin_center
1659,55,Омская область,Тарский муниципальный район,52-654-000-000,56.8757689,74.4196755,admin_center
1660,55,Омская область,Тевризский муниципальный район,52-655-000-000,57.513668,72.398911,admin_center
1661,55,Омская область,Тюкалинский муниципальный район,52-656-000-000,55.870556,72.196617,admin_center
1662,55,Омская область,Усть-Ишимский муниципальный район,52-657-000-000,57.693462,71.169968,admin_center
1663,55,Омская область,Черлакский муниципальный район,52-658-000-000,54.154067,74.7974987,admin_center
1664,55,Омская область,Шербакульский муниципальный район,52-659-000-000,54.631046,72.392822,admin_center
1665,56,Оренбургская область,городской округ город Оренбург,53-701-000-000,51.7671248,55.0978517,admin_center
1666,56,Оренбургская область,городской округ Абдулинский,53-704-000-000,53.6828,53.655701,admin_center
1667,56,Оренбургская область,городской округ город Бугуруслан,53-708-000-000,53.6527806,52.4340458,admin_center
1668,56,Оренбургская область,городской округ город Бузулук,53-712-000-000,52.7586837,52.28831670221607,admin_center
1669,56,Оренбургская область,городской округ Гайский,53-713-000-000,51.471443,58.440517,admin_center
1670,56,Оренбургская область,городской округ Кувандыкский,53-714-000-000,51.478756,57.350796,admin_center
1671,56,Оренбургская область,городской округ город Медногорск,53-715-000-000,51.4049435,57.5803138,admin_center
1672,56,Оренбургская область,городской округ город Новотроицк,53-720-000-000,51.196369,58.298527,admin_center
1673,56,Оренбургская область,городской округ город Орск,53-723-000-000,51.2305015,58.4738015,admin_center
1674,56,Оренбургская область,городской округ Соль-Илецкий,53-725-000-000,51.161289,54.996372,admin_center
1675,56,Оренбургская область,городской округ Сорочинский,53-727-000-000,52.426971,53.154175,admin_center
1676,56,Оренбургская область,городской округ Ясненский,53-732-000-000,51.036957,59.873268,admin_center
1677,56,Оренбургская область,городской округ ЗАТО поселок Комаровский,53-755-000-000,51.025272,59.867516,admin_center
1678,56,Оренбургская область,Адамовский муниципальный район,53-604-000-000,51.520966,59.940235,admin_center
1679,56,Оренбургская область,Акбулакский муниципальный район,53-605-000-000,51.006439,55.62648,admin_center
1680,56,Оренбургская область,Александровский муниципальный район,53-606-000-000,52.680561,54.413418,admin_center
1681,56,Оренбургская область,Асекеевский муниципальный район,53-607-000-000,53.580097,52.82431,admin_center
1682,56,Оренбургская область,Беляевский муниципальный район,53-610-000-000,51.398891,56.409542,admin_center
1683,56,Оренбургская область,Бугурусланский муниципальный район,53-611-000-000,53.6527806,52.4340458,admin_center
1684,56,Оренбургская область,Бузулукский муниципальный район,53-612-000-000,52.7586837,52.28831670221607,admin_center
1685,56,Оренбургская область,Грачёвский муниципальный район,53-615-000-000,52.919601,52.879501,admin_center
1686,56,Оренбургская область,Домбаровский муниципальный район,53-617-000-000,50.760067,59.536777,admin_center
1687,56,Оренбургская область,Илекский муниципальный район,53-619-000-000,51.527264,53.383327,admin_center
1688,56,Оренбургская область,Кваркенский муниципальный район,53-622-000-000,52.084141,59.722305,admin_center
1689,56,Оренбургская область,Красногвардейский муниципальный район,53-623-000-000,52.8480171,53.4871553,admin_center
1690,56,Оренбургская область,Курманаевский муниципальный район,53-625-000-000,52.506886,52.067692,admin_center
1691,56,Оренбургская область,Матвеевский муниципальный район,53-627-000-000,53.511856,53.482029,admin_center
1692,56,Оренбургская область,Новоорский муниципальный район,53-630-000-000,51.3812897,58.9857207,admin_center
1693,56,Оренбургская область,Новосергиевский муниципальный район,53-631-000-000,52.081001,53.653702,admin_center
1694,56,Оренбургская область,Октябрьский муниципальный район,53-633-000-000,52.345226,55.507576,admin_center
1695,56,Оренбургская область,Оренбургский муниципальный район,53-634-000-000,51.7671248,55.0978517,admin_center
1696,56,Оренбургская область,Первомайский муниципальный район,53-636-000-000,51.902344,51.639091,admin_center
1697,56,Оренбургская область,Переволоцкий муниципальный район,53-637-000-000,51.8749502,54.2080495,admin_center
1698,56,Оренбургская область,Пономарёвский муниципальный район,53-638-000-000,53.314846,54.121265,admin_center
1699,56,Оренбургская область,Сакмарский муниципальный район,53-640-000-000,51.9846,55.333401,admin_center
1700,56,Оренбургская область,Саракташский муниципальный район,53-641-000-000,51.7833,56.3591,admin_center
1701,56,Оренбургская область,Светлинский муниципальный район,53-642-000-000,50.820313,60.850288,admin_center
1702,56,Оренбургская область,Северный муниципальный район,53-643-000-000,54.091789,52.541626,admin_center
1703,56,Оренбургская область,Ташлинский муниципальный район,53-651-000-000,51.7696795,52.7403401,admin_center
1704,56,Оренбургская область,Тоцкий муниципальный район,53-652-000-000,52.530071,52.748413,admin_center
1705,56,Оренбургская область,Тюльганский муниципальный район,53-653-000-000,52.342068,56.161255,admin_center
1706,56,Оренбургская область,Шарлыкский муниципальный район,53-656-000-000,52.9276338,54.7455627,admin_center
1707,57,Орловская область,городской округ город Орёл,54-701-000-000,52.96801714999999,36.09949941816104,admin_center
1708,57,Орловская область,городской округ город Ливны,54-705-000-000,52.42861105,37.60360592292363,admin_center
1709,57,Орловская область,городской округ город Мценск,54-710-000-000,53.28197315,36.56915665105407,admin_center
1710,57,Орловская область,Болховский муниципальный район,54-604-000-000,53.448994,36.002232,admin_center
1711,57,Орловская область,Верховский муниципальный район,54-608-000-000,52.810467,37.239925,admin_center
1712,57,Орловская область,Глазуновский муниципальный район,54-610-000-000,52.499466,36.322838,admin_center
1713,57,Орловская область,Дмитровский муниципальный район,54-612-000-000,52.509418,35.145725,admin_center
1714,57,Орловская область,Должанский муниципальный район,54-615-000-000,52.0552637,37.5295749,admin_center
1715,57,Орловская область,Залегощенский муниципальный район,54-618-000-000,52.90242,36.893154,admin_center
1716,57,Орловская область,Знаменский муниципальный район,54-620-000-000,53.276566,35.682129,admin_center
1717,57,Орловская область,Колпнянский муниципальный район,54-623-000-000,52.222736,37.028606,admin_center
1718,57,Орловская область,Краснозоренский муниципальный район,54-624-000-000,52.780712,37.690243,admin_center
1719,57,Орловская область,Кромской муниципальный район,54-625-000-000,52.688126,35.768337,admin_center
1720,57,Орловская область,Корсаковский муниципальный район,54-626-000-000,53.266396,37.358795,admin_center
1721,57,Орловская область,Ливенский муниципальный район,54-629-000-000,52.42861105,37.60360592292363,admin_center
1722,57,Орловская область,Малоархангельский муниципальный район,54-632-000-000,52.399578,36.504021,admin_center
1723,57,Орловская область,Мценский муниципальный район,54-636-000-000,53.28197315,36.56915665105407,admin_center
1724,57,Орловская область,Новодеревеньковский муниципальный район,54-639-000-000,52.854115,37.446629,admin_center
1725,57,Орловская область,Новосильский муниципальный район,54-643-000-000,52.972939,37.041908,admin_center
1727,57,Орловская область,Покровский муниципальный район,54-650-000-000,52.607849,36.866261,admin_center
1728,57,Орловская область,Свердловский муниципальный район,54-652-000-000,52.672192,36.380112,admin_center
1729,57,Орловская область,Сосковский муниципальный район,54-653-000-000,52.74749,35.38665,admin_center
1730,57,Орловская область,Троснянский муниципальный район,54-654-000-000,52.448105,35.780979,admin_center
1731,57,Орловская область,Урицкий муниципальный район,54-655-000-000,52.97002115,35.71989336815815,admin_center
1732,57,Орловская область,Хотынецкий муниципальный район,54-657-000-000,53.12459645,35.40448606686389,admin_center
1733,57,Орловская область,Шаблыкинский муниципальный район,54-659-000-000,52.853958,35.195244,admin_center
1734,58,Пензенская область,городской округ город Пенза,56-701-000-000,53.1937836,45.00674125060966,admin_center
1735,58,Пензенская область,городской округ город Кузнецк,56-705-000-000,53.11946635,46.59347676165702,admin_center
1736,58,Пензенская область,городской округ ЗАТО город Заречный,56-734-000-000,53.196014,45.169273,admin_center
1737,58,Пензенская область,Башмаковский муниципальный район,56-603-000-000,53.2122204,43.0360244,admin_center
1738,58,Пензенская область,Бековский муниципальный район,56-609-000-000,52.4581207,43.7039446,admin_center
1739,58,Пензенская область,Белинский муниципальный район,56-612-000-000,52.9669338,43.4130625,admin_center
1740,58,Пензенская область,Бессоновский муниципальный район,56-613-000-000,53.309643,45.041382,admin_center
1741,58,Пензенская область,Вадинский муниципальный район,56-615-000-000,53.689247,43.044308,admin_center
1742,58,Пензенская область,Городищенский муниципальный район,56-618-000-000,53.273724,45.702282,admin_center
1743,58,Пензенская область,Земетчинский муниципальный район,56-623-000-000,53.4947753,42.618641,admin_center
1744,58,Пензенская область,Иссинский муниципальный район,56-626-000-000,53.865589,44.839645,admin_center
1745,58,Пензенская область,Каменский муниципальный район,56-629-000-000,53.1850012,44.0529066,admin_center
1746,58,Пензенская область,Камешкирский муниципальный район,56-631-000-000,52.862823,46.091095,admin_center
1747,58,Пензенская область,Колышлейский муниципальный район,56-633-000-000,52.702633,44.535477,admin_center
1748,58,Пензенская область,Кузнецкий муниципальный район,56-640-000-000,53.11946635,46.59347676165702,admin_center
1749,58,Пензенская область,Лопатинский муниципальный район,56-642-000-000,52.614059,45.810112,admin_center
1750,58,Пензенская область,Лунинский муниципальный район,56-643-000-000,53.588295,45.222881,admin_center
1751,58,Пензенская область,Малосердобинский муниципальный район,56-644-000-000,52.46751,44.957035,admin_center
1752,58,Пензенская область,Мокшанский муниципальный район,56-645-000-000,53.439527,44.6059867,admin_center
1753,58,Пензенская область,Наровчатский муниципальный район,56-647-000-000,53.879417,43.699471,admin_center
1754,58,Пензенская область,Неверкинский муниципальный район,56-649-000-000,52.79063,46.738441,admin_center
1755,58,Пензенская область,Нижнеломовский муниципальный район,56-651-000-000,53.529991,43.673626,admin_center
1756,58,Пензенская область,Никольский муниципальный район,56-653-000-000,53.714596,46.085175,admin_center
1757,58,Пензенская область,Пачелмский муниципальный район,56-654-000-000,53.3320723,43.3199188,admin_center
1758,58,Пензенская область,Пензенский муниципальный район,56-655-000-000,52.824474,45.049759,admin_center
1759,58,Пензенская область,Сердобский муниципальный район,56-656-000-000,52.4559067,44.2029162,admin_center
1760,58,Пензенская область,Сосновоборский муниципальный район,56-657-000-000,53.294201,46.245583,admin_center
1761,58,Пензенская область,Спасский муниципальный район,56-606-000-000,53.92689525,43.19261628955434,admin_center
1762,58,Пензенская область,Тамалинский муниципальный район,56-658-000-000,52.539822,43.255024,admin_center
1763,58,Пензенская область,Шемышейский муниципальный район,56-659-000-000,52.894306,45.392784,admin_center
1764,60,Псковская область,городской округ город Псков,58-701-000-000,57.8173923,28.3343465,admin_center
1765,60,Псковская область,городской округ город Великие Луки,58-710-000-000,56.342361,30.527922,admin_center
1766,60,Псковская область,Бежаницкий муниципальный район,58-604-000-000,56.9738846,29.8845309,admin_center
1767,60,Псковская область,Великолукский муниципальный район,58-606-000-000,56.342361,30.527922,admin_center
1768,60,Псковская область,Гдовский муниципальный район,58-608-000-000,58.743066,27.8156854,admin_center
1769,60,Псковская область,Дедовичский муниципальный район,58-610-000-000,57.551205,29.945297,admin_center
1770,60,Псковская область,Дновский муниципальный район,58-612-000-000,57.8288277,29.9611357,admin_center
1772,60,Псковская область,Куньинский муниципальный район,58-616-000-000,56.294902,30.9819213,admin_center
1776,60,Псковская область,Новосокольнический муниципальный район,58-626-000-000,56.34245945,30.15707084017992,admin_center
1778,60,Псковская область,Островский муниципальный район,58-633-000-000,57.3414472,28.33858206894103,admin_center
1779,60,Псковская область,Палкинский муниципальный район,58-637-000-000,57.540539,28.009026,admin_center
1781,60,Псковская область,Плюсский муниципальный район,58-643-000-000,58.420612,29.3706,admin_center
1782,60,Псковская область,Порховский муниципальный район,58-647-000-000,57.7680489,29.55114188079801,admin_center
1783,60,Псковская область,Псковский муниципальный район,58-649-000-000,57.8173923,28.3343465,admin_center
1784,60,Псковская область,Пустошкинский муниципальный район,58-650-000-000,56.33481725,29.37414069021668,admin_center
1785,60,Псковская область,Пушкиногорский муниципальный район,58-651-000-000,57.018421,28.917532,admin_center
1787,60,Псковская область,Себежский муниципальный район,58-654-000-000,56.2774187,28.4848862,admin_center
1789,60,Псковская область,Усвятский муниципальный район,58-658-000-000,55.7432428,30.7538528,admin_center
1790,61,Ростовская область,городской округ город Ростов-на-Дону,60-701-000-000,47.2216548,39.7096061,admin_center
1791,61,Ростовская область,городской округ город Азов,60-704-000-000,47.1139219,39.4259657,admin_center
1792,61,Ростовская область,городской округ город Батайск,60-707-000-000,47.107994,39.76833214202735,admin_center
1793,61,Ростовская область,городской округ город Волгодонск,60-712-000-000,47.5412272,42.22788957160185,admin_center
1794,61,Ростовская область,городской округ город Гуково,60-715-000-000,48.0460281,39.94867724242869,admin_center
1795,61,Ростовская область,городской округ город Донецк,60-717-000-000,48.31877129999999,39.96400656850676,admin_center
1796,61,Ростовская область,городской округ город Зверево,60-718-000-000,48.020645,40.118561,admin_center
1797,61,Ростовская область,городской округ город Каменск-Шахтинский,60-719-000-000,48.27551875,40.2318349278581,admin_center
1798,61,Ростовская область,городской округ город Новочеркасск,60-727-000-000,47.41974955,40.08673295927329,admin_center
1799,61,Ростовская область,городской округ город Новошахтинск,60-730-000-000,47.79626975,39.89356042203926,admin_center
1800,61,Ростовская область,городской округ город Таганрог,60-737-000-000,47.2392184,38.87550310009352,admin_center
1801,61,Ростовская область,городской округ город Шахты,60-740-000-000,47.7119167,40.2115699,admin_center
1802,61,Ростовская область,Азовский муниципальный район,60-601-000-000,47.1139219,39.4259657,admin_center
1803,61,Ростовская область,Аксайский муниципальный район,60-602-000-000,47.268696,39.861362,admin_center
1804,61,Ростовская область,Багаевский муниципальный район,60-605-000-000,47.321434,40.382904,admin_center
1805,61,Ростовская область,Белокалитвинский муниципальный район,60-606-000-000,48.1751778,40.7902124,admin_center
1806,61,Ростовская область,Боковский муниципальный район,60-607-000-000,49.228859,41.834743,admin_center
1807,61,Ростовская область,Верхнедонской муниципальный район,60-608-000-000,49.793972,41.13895,admin_center
1808,61,Ростовская область,Веселовский муниципальный район,60-609-000-000,47.0918158,40.7415457,admin_center
1809,61,Ростовская область,Волгодонской муниципальный район,60-612-000-000,47.541866,42.021465,admin_center
1810,61,Ростовская область,Дубовский муниципальный район,60-613-000-000,47.411167,42.764225,admin_center
1811,61,Ростовская область,Егорлыкский муниципальный район,60-615-000-000,46.5630814,40.6495045,admin_center
1812,61,Ростовская область,Заветинский муниципальный район,60-617-000-000,47.117554,43.888069,admin_center
1813,61,Ростовская область,Зерноградский муниципальный район,60-618-000-000,46.844845,40.304813,admin_center
1814,61,Ростовская область,Зимовниковский муниципальный район,60-619-000-000,47.148918,42.46497,admin_center
1815,61,Ростовская область,Кагальницкий муниципальный район,60-622-000-000,46.879551,40.145775,admin_center
1816,61,Ростовская область,Каменский муниципальный район,60-623-000-000,48.5245462,40.3261435,admin_center
1817,61,Ростовская область,Кашарский муниципальный район,60-624-000-000,49.036999,41.008045,admin_center
1818,61,Ростовская область,Константиновский муниципальный район,60-625-000-000,47.582352,41.097084,admin_center
1819,61,Ростовская область,Красносулинский муниципальный район,60-626-000-000,47.8932048,40.0580434,admin_center
1820,61,Ростовская область,Куйбышевский муниципальный район,60-627-000-000,47.8117551,38.908325,admin_center
1821,61,Ростовская область,Мартыновский муниципальный район,60-630-000-000,47.271027,41.667885,admin_center
1822,61,Ростовская область,Матвеево-Курганский муниципальный район,60-631-000-000,47.568459,38.861942,admin_center
1823,61,Ростовская область,Миллеровский муниципальный район,60-632-000-000,48.9196264,40.391854,admin_center
1824,61,Ростовская область,Милютинский муниципальный район,60-633-000-000,48.62788,41.669491,admin_center
1825,61,Ростовская область,Морозовский муниципальный район,60-634-000-000,48.352379,41.828762,admin_center
1826,61,Ростовская область,Мясниковский муниципальный район,60-635-000-000,47.283455,39.501518,admin_center
1827,61,Ростовская область,Неклиновский муниципальный район,60-636-000-000,47.41428,38.896759,admin_center
1828,61,Ростовская область,Обливский муниципальный район,60-640-000-000,48.5359734,42.5014974,admin_center
1829,61,Ростовская область,Октябрьский муниципальный район,60-641-000-000,47.6692096,40.2052904,admin_center
1830,61,Ростовская область,Орловский муниципальный район,60-642-000-000,46.869869,42.051865,admin_center
1831,61,Ростовская область,Песчанокопский муниципальный район,60-644-000-000,46.184349,41.084557,admin_center
1832,61,Ростовская область,Пролетарский муниципальный район,60-645-000-000,46.700161,41.724079,admin_center
1833,61,Ростовская область,Ремонтненский муниципальный район,60-647-000-000,46.56118,43.656048,admin_center
1834,61,Ростовская область,Родионово-Несветайский муниципальный район,60-648-000-000,47.6135406,39.7012529,admin_center
1835,61,Ростовская область,Сальский муниципальный район,60-650-000-000,46.476669,41.541008,admin_center
1836,61,Ростовская область,Семикаракорский муниципальный район,60-651-000-000,47.516393,40.8122575,admin_center
1837,61,Ростовская область,Советский муниципальный район,60-652-000-000,49.009205,42.120247,admin_center
1838,61,Ростовская область,Тарасовский муниципальный район,60-653-000-000,48.727145,40.3554416,admin_center
1839,61,Ростовская область,Тацинский муниципальный район,60-654-000-000,48.193871,41.280865,admin_center
1840,61,Ростовская область,Усть-Донецкий муниципальный район,60-655-000-000,47.640224,40.868748,admin_center
1841,61,Ростовская область,Целинский муниципальный район,60-656-000-000,46.533634,41.028214,admin_center
1842,61,Ростовская область,Цимлянский муниципальный район,60-657-000-000,47.650585,42.098232,admin_center
1843,61,Ростовская область,Чертковский муниципальный район,60-658-000-000,49.3799763,40.1491516,admin_center
1844,61,Ростовская область,Шолоховский муниципальный район,60-659-000-000,49.628994,41.725105,admin_center
1845,62,Рязанская область,городской округ город Рязань,61-701-000-000,54.6275359,39.7401716,admin_center
1846,62,Рязанская область,городской округ город Касимов,61-705-000-000,54.939178,41.4065368680201,admin_center
1847,62,Рязанская область,городской округ город Сасово,61-710-000-000,54.35392,41.926643,admin_center
1848,62,Рязанская область,городской округ город Скопин,61-715-000-000,53.823524,39.549274,admin_center
1849,62,Рязанская область,Ермишинский муниципальный район,61-602-000-000,54.7677911,42.2760267,admin_center
1850,62,Рязанская область,Захаровский муниципальный район,61-604-000-000,54.370804,39.281532,admin_center
1851,62,Рязанская область,Кадомский муниципальный район,61-606-000-000,54.5591315,42.4683026,admin_center
1852,62,Рязанская область,Касимовский муниципальный район,61-608-000-000,54.939178,41.4065368680201,admin_center
1853,62,Рязанская область,Клепиковский муниципальный район,61-610-000-000,55.130867,40.176037,admin_center
1854,62,Рязанская область,Кораблинский муниципальный район,61-612-000-000,53.9268971,40.034462,admin_center
1855,62,Рязанская область,Милославский муниципальный район,61-615-000-000,53.579839,39.445062,admin_center
1856,62,Рязанская область,Михайловский муниципальный район,61-617-000-000,54.2443989,39.0473579,admin_center
1857,62,Рязанская область,Александро-Невский муниципальный район,61-620-000-000,53.47530065,40.20570951195819,admin_center
1858,62,Рязанская область,Пителинский муниципальный район,61-623-000-000,54.575684,41.814919,admin_center
1859,62,Рязанская область,Пронский муниципальный район,61-625-000-000,54.121353,39.605293,admin_center
1861,62,Рязанская область,Рыбновский муниципальный район,61-627-000-000,54.7268415,39.5088612,admin_center
1863,62,Рязанская область,Рязанский муниципальный район,61-634-000-000,54.6275359,39.7401716,admin_center
1864,62,Рязанская область,Сапожковский муниципальный район,61-637-000-000,53.943381,40.6826073,admin_center
1865,62,Рязанская область,Сараевский муниципальный район,61-640-000-000,53.7212373,40.9967135,admin_center
1866,62,Рязанская область,Сасовский муниципальный район,61-642-000-000,54.35392,41.926643,admin_center
1867,62,Рязанская область,Скопинский муниципальный район,61-644-000-000,53.823524,39.549274,admin_center
1868,62,Рязанская область,Спасский муниципальный район,61-646-000-000,54.4078801,40.380539,admin_center
1869,62,Рязанская область,Старожиловский муниципальный район,61-648-000-000,54.228333,39.911388,admin_center
1870,62,Рязанская область,Ухоловский муниципальный район,61-650-000-000,53.791138,40.488274,admin_center
1871,62,Рязанская область,Чучковский муниципальный район,61-653-000-000,54.2685218,41.4479928,admin_center
1872,62,Рязанская область,Шацкий муниципальный район,61-656-000-000,54.028687,41.712601,admin_center
1873,62,Рязанская область,Шиловский муниципальный район,61-658-000-000,54.3226555,40.8874676,admin_center
1874,63,Самарская область,городской округ Самара,36-701-000-000,53.2194648,50.2039316,admin_center
1875,63,Самарская область,городской округ Жигулевск,36-704-000-000,53.4005122,49.4955657,admin_center
1876,63,Самарская область,городской округ Кинель,36-708-000-000,53.219738,50.633228,admin_center
1877,63,Самарская область,городской округ Новокуйбышевск,36-713-000-000,53.099243,49.948364,admin_center
1878,63,Самарская область,городской округ Октябрьск,36-718-000-000,53.18055005,48.74651999302929,admin_center
1879,63,Самарская область,городской округ Отрадный,36-724-000-000,53.376175,51.348053,admin_center
1880,63,Самарская область,городской округ Похвистнево,36-727-000-000,53.646797,52.123344,admin_center
1881,63,Самарская область,городской округ Сызрань,36-735-000-000,53.15538,48.474121,admin_center
1882,63,Самарская область,городской округ Тольятти,36-740-000-000,53.5149884,49.4073316,admin_center
1883,63,Самарская область,городской округ Чапаевск,36-750-000-000,52.981285,49.711193,admin_center
1884,63,Самарская область,Алексеевский муниципальный район,36-602-000-000,52.58308,51.273315,admin_center
1885,63,Самарская область,Безенчукский муниципальный район,36-604-000-000,52.985322,49.4322968,admin_center
1886,63,Самарская область,Богатовский муниципальный район,36-606-000-000,53.057625,51.333107,admin_center
1887,63,Самарская область,Большеглушицкий муниципальный район,36-608-000-000,52.3921744,50.4723158,admin_center
1888,63,Самарская область,Большечерниговский муниципальный район,36-610-000-000,52.0951085,50.867893,admin_center
1889,63,Самарская область,Борский муниципальный район,36-612-000-000,53.025925,51.698658,admin_center
1890,63,Самарская область,Волжский муниципальный район,36-614-000-000,53.2194648,50.2039316,admin_center
1891,63,Самарская область,Елховский муниципальный район,36-615-000-000,53.8669944,50.2889016,admin_center
1892,63,Самарская область,Исаклинский муниципальный район,36-616-000-000,54.1327138,51.5340222,admin_center
1893,63,Самарская область,Камышлинский муниципальный район,36-617-000-000,54.112331,52.144077,admin_center
1894,63,Самарская область,Кинельский муниципальный район,36-618-000-000,53.219738,50.633228,admin_center
1895,63,Самарская область,Кинель-Черкасский муниципальный район,36-620-000-000,53.4644344,51.4755083,admin_center
1896,63,Самарская область,Клявлинский муниципальный район,36-622-000-000,54.2648503,52.0262235,admin_center
1897,63,Самарская область,Кошкинский муниципальный район,36-624-000-000,54.2043367,50.4704827,admin_center
1898,63,Самарская область,Красноармейский муниципальный район,36-626-000-000,52.711071,50.033352,admin_center
1899,63,Самарская область,Красноярский муниципальный район,36-628-000-000,53.4935913,50.393488,admin_center
1900,63,Самарская область,Нефтегорский муниципальный район,36-630-000-000,52.80381,51.163864,admin_center
1901,63,Самарская область,Пестравский муниципальный район,36-632-000-000,52.4105973,49.9491334,admin_center
1902,63,Самарская область,Похвистневский муниципальный район,36-634-000-000,53.646797,52.123344,admin_center
1903,63,Самарская область,Приволжский муниципальный район,36-636-000-000,52.859441,48.6015765,admin_center
1904,63,Самарская область,Сергиевский муниципальный район,36-638-000-000,53.94128,51.165012,admin_center
1905,63,Самарская область,Ставропольский муниципальный район,36-640-000-000,53.5149884,49.4073316,admin_center
1906,63,Самарская область,Сызранский муниципальный район,36-642-000-000,53.15538,48.474121,admin_center
1907,63,Самарская область,Хворостянский муниципальный район,36-644-000-000,52.617241,48.953163,admin_center
1908,63,Самарская область,Челно-Вершинский муниципальный район,36-646-000-000,54.4197817,51.0817001,admin_center
1909,63,Самарская область,Шенталинский муниципальный район,36-648-000-000,54.4374232,51.4637213,admin_center
1910,63,Самарская область,Шигонский муниципальный район,36-650-000-000,53.387,48.6782,admin_center
1911,64,Саратовская область,городской округ город Саратов,63-701-000-000,51.530018,46.034683,admin_center
1914,64,Саратовская область,городской округ ЗАТО Светлый,63-775-000-000,51.6737086,45.6227753,admin_center
1915,64,Саратовская область,Александрово-Гайский муниципальный район,63-602-000-000,50.14246,48.568436,admin_center
1916,64,Саратовская область,Аркадакский муниципальный район,63-603-000-000,51.942913,43.489098,admin_center
1917,64,Саратовская область,Аткарский муниципальный район,63-604-000-000,51.8750207,44.997499,admin_center
1918,64,Саратовская область,Базарно-Карабулакский муниципальный район,63-606-000-000,52.277653,46.410679,admin_center
1919,64,Саратовская область,Балаковский муниципальный район,63-607-000-000,52.01812,47.819141,admin_center
1920,64,Саратовская область,Балашовский муниципальный район,63-608-000-000,51.5546717,43.1430732,admin_center
1921,64,Саратовская область,Балтайский муниципальный район,63-609-000-000,52.468105,46.628967,admin_center
1922,64,Саратовская область,Вольский муниципальный район,63-611-000-000,52.042755,47.386032,admin_center
1923,64,Саратовская область,Воскресенский муниципальный район,63-612-000-000,51.823921,46.931858,admin_center
1924,64,Саратовская область,Дергачевский муниципальный район,63-613-000-000,51.235374,48.768578,admin_center
1925,64,Саратовская область,Духовницкий муниципальный район,63-614-000-000,52.4793156,48.2021353,admin_center
1926,64,Саратовская область,Екатериновский муниципальный район,63-616-000-000,52.0536048,44.3498585,admin_center
1927,64,Саратовская область,Ершовский муниципальный район,63-617-000-000,51.349793,48.2657332,admin_center
1928,64,Саратовская область,Ивантеевский муниципальный район,63-619-000-000,52.269524,49.107063,admin_center
1929,64,Саратовская область,Калининский муниципальный район,63-621-000-000,51.499947,44.484581,admin_center
1930,64,Саратовская область,Красноармейский муниципальный район,63-622-000-000,51.025776,45.69252,admin_center
1931,64,Саратовская область,Краснокутский муниципальный район,63-623-000-000,50.9459056,46.972462,admin_center
1932,64,Саратовская область,Краснопартизанский муниципальный район,63-624-000-000,51.756121,48.5385335,admin_center
1933,64,Саратовская область,Лысогорский муниципальный район,63-625-000-000,51.544968,44.836826,admin_center
1934,64,Саратовская область,Марксовский муниципальный район,63-626-000-000,51.7069911,46.7483653,admin_center
1935,64,Саратовская область,Новобурасский муниципальный район,63-629-000-000,52.129726,46.076084,admin_center
1936,64,Саратовская область,Новоузенский муниципальный район,63-630-000-000,50.462326,48.135532,admin_center
1937,64,Саратовская область,Озинский муниципальный район,63-632-000-000,51.198559,49.72654,admin_center
1938,64,Саратовская область,Перелюбский муниципальный район,63-634-000-000,51.85857,50.344826,admin_center
1939,64,Саратовская область,Петровский муниципальный район,63-635-000-000,52.3094494,45.3889831,admin_center
1940,64,Саратовская область,Питерский муниципальный район,63-636-000-000,50.678619,47.443729,admin_center
1941,64,Саратовская область,Пугачевский муниципальный район,63-637-000-000,52.0121253,48.8109795,admin_center
1942,64,Саратовская область,Ровенский муниципальный район,63-639-000-000,50.775948,46.057549,admin_center
1943,64,Саратовская область,Романовский муниципальный район,63-640-000-000,51.7410278,42.7557244,admin_center
1944,64,Саратовская область,Ртищевский муниципальный район,63-641-000-000,52.2599057,43.7877429,admin_center
1945,64,Саратовская область,Самойловский муниципальный район,63-642-000-000,51.1860003,43.7067631,admin_center
1946,64,Саратовская область,Саратовский муниципальный район,63-643-000-000,51.530018,46.034683,admin_center
1947,64,Саратовская область,Советский муниципальный район,63-644-000-000,51.378075,46.844463,admin_center
1948,64,Саратовская область,Татищевский муниципальный район,63-646-000-000,51.672623,45.5947,admin_center
1949,64,Саратовская область,Турковский муниципальный район,63-647-000-000,51.9927589,43.2745396,admin_center
1950,64,Саратовская область,Федоровский муниципальный район,63-648-000-000,51.237442,47.51474,admin_center
1951,64,Саратовская область,Хвалынский муниципальный район,63-649-000-000,52.495499,48.105888,admin_center
1952,64,Саратовская область,Энгельсский муниципальный район,63-650-000-000,51.5013775,46.1233093,admin_center
1953,65,Сахалинская область,городской округ город Южно-Сахалинск,64-701-000-000,46.9574273,142.727438,admin_center
1954,65,Сахалинская область,городской округ Александровск-Сахалинский район,64-704-000-000,50.8974983,142.1591667,admin_center
1955,65,Сахалинская область,городской округ Анивский,64-708-000-000,46.7147768,142.527515,admin_center
1956,65,Сахалинская область,городской округ Долинский,64-712-000-000,47.3241456,142.7979361,admin_center
1957,65,Сахалинская область,городской округ Корсаковский,64-716-000-000,46.632815,142.7810147,admin_center
1958,65,Сахалинская область,городской округ Курильский,64-720-000-000,45.2290413,147.8751845,admin_center
1959,65,Сахалинская область,городской округ Макаровский,64-724-000-000,48.6242527,142.7814002,admin_center
1960,65,Сахалинская область,городской округ Невельский,64-728-000-000,46.6877802,141.8601144,admin_center
1961,65,Сахалинская область,городской округ Ногликский,64-732-000-000,51.7953617,143.1365077,admin_center
1962,65,Сахалинская область,городской округ Охинский,64-736-000-000,53.5891992,142.9496845,admin_center
1963,65,Сахалинская область,городской округ Поронайский,64-740-000-000,49.2216366,143.1015759,admin_center
1964,65,Сахалинская область,городской округ Северо-Курильский,64-743-000-000,50.6683048,156.1154399,admin_center
1965,65,Сахалинская область,городской округ Смирныховский,64-746-000-000,49.7423531,142.8320066,admin_center
1966,65,Сахалинская область,городской округ Томаринский,64-748-000-000,47.7612087,142.063478,admin_center
1967,65,Сахалинская область,городской округ Тымовский,64-750-000-000,50.845556,142.655,admin_center
1968,65,Сахалинская область,городской округ Углегорский,64-752-000-000,49.079296,142.0633622,admin_center
1969,65,Сахалинская область,городской округ Холмский,64-754-000-000,47.0545875,142.0487125,admin_center
1970,65,Сахалинская область,городской округ Южно-Курильский,64-756-000-000,44.0270756,145.8613722,admin_center
1971,66,Свердловская область,городской округ город Екатеринбург,65-701-000-000,56.839104,60.60825,admin_center
1972,66,Свердловская область,городской округ город Алапаевск,65-728-000-000,57.850811,61.695,admin_center
1973,66,Свердловская область,городской округ Артемовский,65-703-000-000,57.3431854,61.8775035,admin_center
1974,66,Свердловская область,городской округ Асбестовский,65-730-000-000,57.0052746,61.4580765,admin_center
1975,66,Свердловская область,городской округ Малышевский,65-762-000-000,57.116123,61.397663,admin_center
1976,66,Свердловская область,городской округ Рефтинский,65-763-000-000,57.09153,61.678349,admin_center
1977,66,Свердловская область,городской округ Березовский,65-731-000-000,56.9097871,60.8120254,admin_center
1978,66,Свердловская область,городской округ Богданович,65-707-000-000,56.7683407,62.0520774,admin_center
1979,66,Свердловская область,городской округ Верхняя Пышма,65-732-000-000,56.9724682,60.5738926,admin_center
1980,66,Свердловская область,городской округ Среднеуральск,65-757-000-000,56.991631,60.46888,admin_center
1981,66,Свердловская область,городской округ Верхнесалдинский,65-708-000-000,58.043598,60.554832,admin_center
1982,66,Свердловская область,городской округ Заречный,65-737-000-000,56.8149706,61.3205936,admin_center
1983,66,Свердловская область,городской округ Ивдельский,65-738-000-000,60.6973287,60.4172583,admin_center
1984,66,Свердловская область,городской округ Пелым,65-764-000-000,61.017914,61.990154,admin_center
1985,66,Свердловская область,городской округ город Ирбит,65-739-000-000,57.674042,63.063778,admin_center
1986,66,Свердловская область,городской округ город Каменск-Уральский,65-740-000-000,56.415451,61.917797,admin_center
1987,66,Свердловская область,городской округ Камышловский,65-741-000-000,56.8484356,62.71879520931047,admin_center
1988,66,Свердловская область,городской округ Карпинск,65-742-000-000,59.7667893,60.0009267,admin_center
1989,66,Свердловская область,городской округ Волчанский,65-735-000-000,59.9347177,60.0779677,admin_center
1990,66,Свердловская область,городской округ Качканарский,65-743-000-000,58.6981697,59.4810114,admin_center
1991,66,Свердловская область,городской округ Кировградский,65-744-000-000,57.4264892,60.0664537,admin_center
1992,66,Свердловская область,городской округ Верхний Тагил,65-733-000-000,57.3745174,59.9320798,admin_center
1993,66,Свердловская область,городской округ Краснотурьинск,65-745-000-000,59.764631,60.1936117,admin_center
1994,66,Свердловская область,городской округ Красноуральск,65-746-000-000,58.357063,60.037445,admin_center
1995,66,Свердловская область,городской округ Красноуфимск,65-747-000-000,56.6180735,57.7713452,admin_center
1996,66,Свердловская область,городской округ Кушвинский,65-748-000-000,58.2816811,59.7625022,admin_center
1997,66,Свердловская область,городской округ Верхняя Тура,65-734-000-000,58.3605,59.81823,admin_center
1998,66,Свердловская область,городской округ город Лесной,65-749-000-000,58.63644,59.789658,admin_center
1999,66,Свердловская область,городской округ Невьянский,65-714-000-000,57.4924036,60.2105408,admin_center
2000,66,Свердловская область,городской округ город Нижний Тагил,65-751-000-000,57.905149,59.9508466,admin_center
2001,66,Свердловская область,городской округ Нижняя Салда,65-750-000-000,58.071352,60.7146772,admin_center
2002,66,Свердловская область,городской округ Нижнетуринский,65-715-000-000,58.6207762,59.8473233,admin_center
2003,66,Свердловская область,городской округ Новоуральский,65-752-000-000,57.247047,60.095818,admin_center
2004,66,Свердловская область,городской округ Первоуральск,65-753-000-000,56.90839575,59.94301101449327,admin_center
2005,66,Свердловская область,городской округ Полевской,65-754-000-000,56.442108,60.165859,admin_center
2006,66,Свердловская область,городской округ Ревда,65-719-000-000,56.8000651,59.9086688,admin_center
2007,66,Свердловская область,городской округ Дегтярск,65-736-000-000,56.698341,60.086807,admin_center
2008,66,Свердловская область,городской округ Режевской,65-720-000-000,57.370647,61.4042865,admin_center
2009,66,Свердловская область,городской округ Североуральский,65-755-000-000,60.15016,59.960517,admin_center
2010,66,Свердловская область,городской округ Серовский,65-756-000-000,59.6051267,60.5733483,admin_center
2011,66,Свердловская область,городской округ Сухой Лог,65-758-000-000,56.9047389,62.0350233,admin_center
2012,66,Свердловская область,городской округ Тавдинский,65-723-000-000,58.0413743,65.2719986,admin_center
2013,66,Свердловская область,городской округ ЗАТО Свободный,65-765-000-000,58.0515866,60.40531237318184,admin_center
2014,66,Свердловская область,городской округ поселок Уральский,65-767-000-000,56.674282,61.080585,admin_center
2015,66,Свердловская область,городской округ Алапаевское,65-771-000-000,57.850811,61.695,admin_center
2016,66,Свердловская область,городской округ Махнёвское,65-769-000-000,58.447056,61.707623,admin_center
2017,66,Свердловская область,городской округ Артинский,65-704-000-000,56.4255703,58.5326906,admin_center
2018,66,Свердловская область,городской округ Ачитский,65-705-000-000,56.801308,57.898392,admin_center
2019,66,Свердловская область,городской округ Белоярский,65-706-000-000,56.761642,61.414257,admin_center
2020,66,Свердловская область,городской округ Верхнее Дуброво,65-760-000-000,56.7549822,61.043128,admin_center
2021,66,Свердловская область,городской округ Верхотурский,65-709-000-000,58.861702,60.809338,admin_center
2022,66,Свердловская область,городской округ Гаринский,65-710-000-000,59.427441,62.35247,admin_center
2023,66,Свердловская область,городской округ Ирбитское,65-711-000-000,57.674042,63.063778,admin_center
2024,66,Свердловская область,городской округ Каменский,65-712-000-000,56.415451,61.917797,admin_center
2025,66,Свердловская область,городской округ Красноуфимский округ,65-713-000-000,56.6180735,57.7713452,admin_center
2026,66,Свердловская область,городской округ Верх-Нейвинский,65-761-000-000,57.2656361,60.131616,admin_center
2027,66,Свердловская область,городской округ Бисертский,65-759-000-000,56.8518027,59.0530375,admin_center
2028,66,Свердловская область,городской округ Новолялинский,65-716-000-000,59.052734,60.595974,admin_center
2029,66,Свердловская область,городской округ Горноуральский,65-717-000-000,57.905149,59.9508466,admin_center
2030,66,Свердловская область,городской округ Пышминский,65-718-000-000,56.950695,63.246532,admin_center
2031,66,Свердловская область,городской округ Сосьвинский,65-721-000-000,59.173889,61.861935,admin_center
2032,66,Свердловская область,городской округ Сысертский,65-722-000-000,56.5030175,60.8093215,admin_center
2033,66,Свердловская область,городской округ Арамильский,65-729-000-000,56.6962917,60.8330976,admin_center
2034,66,Свердловская область,городской округ Талицкий,65-724-000-000,57.014816,63.730244,admin_center
2035,66,Свердловская область,городской округ Тугулымский,65-725-000-000,57.059,64.6406,admin_center
2036,66,Свердловская область,городской округ Туринский,65-726-000-000,58.0525487,63.6908787,admin_center
2037,66,Свердловская область,городской округ Шалинский,65-727-000-000,57.2461908,58.7292306,admin_center
2038,66,Свердловская область,городской округ Староуткинск,65-766-000-000,57.2281921,59.3234276,admin_center
2039,66,Свердловская область,Байкаловский муниципальный район,65-608-000-000,57.393711,63.764805,admin_center
2040,66,Свердловская область,Камышловский муниципальный район,65-623-000-000,56.8484356,62.71879520931047,admin_center
2041,66,Свердловская область,Слободо-Туринский муниципальный район,65-639-000-000,57.61797,64.384918,admin_center
2042,66,Свердловская область,Нижнесергинский муниципальный район,65-628-000-000,56.6619,59.30003,admin_center
2043,66,Свердловская область,Таборинский муниципальный район,65-645-000-000,58.5196678,64.5566111,admin_center
2044,67,Смоленская область,городской округ город Смоленск,66-701-000-000,54.7814057,32.0461261,admin_center
2045,67,Смоленская область,городской округ город Десногорск,66-710-000-000,54.1516661,33.2881028,admin_center
2046,67,Смоленская область,Велижский муниципальный район,66-603-000-000,55.6045223,31.1949976,admin_center
2047,67,Смоленская область,Вяземский муниципальный район,66-605-000-000,55.1835215,34.33816673607038,admin_center
2048,67,Смоленская область,Гагаринский муниципальный район,66-608-000-000,55.55338655,34.99051315482606,admin_center
2049,67,Смоленская область,Глинковский муниципальный район,66-609-000-000,54.6425664,32.8729273,admin_center
2050,67,Смоленская область,Демидовский муниципальный район,66-611-000-000,55.2643778,31.5178326,admin_center
2051,67,Смоленская область,Дорогобужский муниципальный район,66-614-000-000,54.9148236,33.2989051,admin_center
2052,67,Смоленская область,Духовщинский муниципальный район,66-616-000-000,55.1907803,32.4060434,admin_center
2053,67,Смоленская область,Ельнинский муниципальный район,66-619-000-000,54.5764954,33.1891698,admin_center
2054,67,Смоленская область,Ершичский муниципальный район,66-621-000-000,53.673527,32.748249,admin_center
2055,67,Смоленская область,Кардымовский муниципальный район,66-623-000-000,54.8900665,32.43418980060523,admin_center
2056,67,Смоленская область,Краснинский муниципальный район,66-624-000-000,54.569439,31.439449,admin_center
2057,67,Смоленская область,Монастырщинский муниципальный район,66-627-000-000,54.3515818,31.8364896,admin_center
2058,67,Смоленская область,Новодугинский муниципальный район,66-630-000-000,55.630033,34.3010323,admin_center
2059,67,Смоленская область,Починковский муниципальный район,66-633-000-000,54.40639235,32.4440643251997,admin_center
2060,67,Смоленская область,Рославльский муниципальный район,66-636-000-000,53.9448028,32.84788573198853,admin_center
2061,67,Смоленская область,Руднянский муниципальный район,66-638-000-000,54.945702,31.0742556121863,admin_center
2062,67,Смоленская область,Сафоновский муниципальный район,66-641-000-000,55.1084278,33.2376513,admin_center
2063,67,Смоленская область,Смоленский муниципальный район,66-644-000-000,54.7814057,32.0461261,admin_center
2064,67,Смоленская область,Сычевский муниципальный район,66-646-000-000,55.8269908,34.2770455,admin_center
2065,67,Смоленская область,Темкинский муниципальный район,66-648-000-000,55.08142515,35.0033334683642,admin_center
2066,67,Смоленская область,Угранский муниципальный район,66-650-000-000,54.7813043,34.3185555,admin_center
2067,67,Смоленская область,Хиславичский муниципальный район,66-652-000-000,54.18577,32.1578503,admin_center
2068,67,Смоленская область,Холм-Жирковский муниципальный район,66-654-000-000,55.51387,33.488632,admin_center
2069,67,Смоленская область,Шумячский муниципальный район,66-656-000-000,53.8555499,32.4259307,admin_center
2070,67,Смоленская область,Ярцевский муниципальный район,66-658-000-000,55.0662279,32.6883609,admin_center
2071,68,Тамбовская область,городской округ город Тамбов,68-701-000-000,52.73111849999999,41.4341991460869,admin_center
2072,68,Тамбовская область,городской округ город Кирсанов,68-705-000-000,52.6509234,42.73015344421673,admin_center
2073,68,Тамбовская область,городской округ город Котовск,68-710-000-000,52.59332675,41.51307094486083,admin_center
2074,68,Тамбовская область,городской округ город Мичуринск,68-715-000-000,52.89899355,40.48326577268173,admin_center
2075,68,Тамбовская область,городской округ город Моршанск,68-720-000-000,53.4428,41.813,admin_center
2076,68,Тамбовская область,городской округ город Рассказово,68-725-000-000,52.6657884,41.89469890606984,admin_center
2077,68,Тамбовская область,городской округ город Уварово,68-730-000-000,51.9807749,42.26542253442362,admin_center
2097,68,Тамбовская область,Тамбовский муниципальный район,68-640-000-000,52.73111849999999,41.4341991460869,admin_center
2101,69,Тверская область,городской округ город Тверь,28-701-000-000,56.858675,35.9208284,admin_center
2102,69,Тверская область,городской округ город Вышний Волочек,28-714-000-000,57.5883648,34.5720732,admin_center
2103,69,Тверская область,городской округ город Кимры,28-726-000-000,56.8734395,37.3556968,admin_center
2104,69,Тверская область,городской округ ЗАТО Озерный,28-753-000-000,57.868053,33.686657,admin_center
2105,69,Тверская область,городской округ Осташковский,28-752-000-000,57.1557583,33.1013213,admin_center
2106,69,Тверская область,городской округ город Ржев,28-745-000-000,56.2565207,34.328649,admin_center
2107,69,Тверская область,городской округ ЗАТО Солнечный,28-756-000-000,57.2009505,33.0650603,admin_center
2108,69,Тверская область,городской округ город Торжок,28-750-000-000,57.0501176,34.95641719793115,admin_center
2109,69,Тверская область,городской округ Удомельский,28-751-000-000,57.877998,35.0042,admin_center
2115,69,Тверская область,Вышневолоцкий муниципальный район,28-612-000-000,57.5883648,34.5720732,admin_center
2123,69,Тверская область,Кимрский муниципальный район,28-628-000-000,56.8734395,37.3556968,admin_center
2135,69,Тверская область,Ржевский муниципальный район,28-648-000-000,56.2565207,34.328649,admin_center
2141,69,Тверская область,Торжокский муниципальный район,28-654-000-000,57.0501176,34.95641719793115,admin_center
2144,70,Томская область,городской округ город Томск,69-701-000-000,56.4887526,84.9523434,admin_center
2145,70,Томская область,городской округ город Кедровый,69-707-000-000,57.56192,79.570801,admin_center
2146,70,Томская область,городской округ город Стрежевой,69-710-000-000,60.732758,77.600807,admin_center
2147,70,Томская область,городской округ ЗАТО Северск,69-741-000-000,56.603161,84.881012,admin_center
2148,70,Томская область,Александровский муниципальный район,69-604-000-000,60.431446,77.865845,admin_center
2149,70,Томская область,Асиновский муниципальный район,69-608-000-000,56.999187,86.14167,admin_center
2150,70,Томская область,Бакчарский муниципальный район,69-612-000-000,57.020538,82.066872,admin_center
2151,70,Томская область,Верхнекетский муниципальный район,69-616-000-000,58.4475598,85.0389307,admin_center
2152,70,Томская область,Зырянский муниципальный район,69-620-000-000,56.834206,86.621178,admin_center
2153,70,Томская область,Каргасокский муниципальный район,69-624-000-000,59.0598053,80.8708719,admin_center
2154,70,Томская область,Кожевниковский муниципальный район,69-628-000-000,56.2600069,83.9750781,admin_center
2155,70,Томская область,Колпашевский муниципальный район,69-632-000-000,58.313667,82.903557,admin_center
2156,70,Томская область,Кривошеинский муниципальный район,69-636-000-000,57.343742,83.930153,admin_center
2157,70,Томская область,Молчановский муниципальный район,69-640-000-000,57.581014,83.7605886,admin_center
2158,70,Томская область,Парабельский муниципальный район,69-644-000-000,58.5997257,80.9445602,admin_center
2159,70,Томская область,Первомайский муниципальный район,69-648-000-000,57.070614,86.226082,admin_center
2160,70,Томская область,Тегульдетский муниципальный район,69-652-000-000,57.306404,88.167168,admin_center
2161,70,Томская область,Томский муниципальный район,69-654-000-000,56.4887526,84.9523434,admin_center
2162,70,Томская область,Чаинский муниципальный район,69-656-000-000,57.7915323,82.6441106,admin_center
2163,70,Томская область,Шегарский муниципальный район,69-658-000-000,56.554417,84.090408,admin_center
2164,71,Тульская область,городской округ город Тула,70-701-000-000,54.1930321,37.61754,admin_center
2165,71,Тульская область,городской округ город Алексин,70-706-000-000,54.5028103,37.0667213,admin_center
2166,71,Тульская область,городской округ рабочий поселок Новогуровский,70-702-000-000,54.4681741,37.3401784,admin_center
2167,71,Тульская область,городской округ город Донской,70-712-000-000,53.9729348,38.32639150177284,admin_center
2168,71,Тульская область,городской округ город Ефремов,70-714-000-000,53.141834,38.116188,admin_center
2169,71,Тульская область,городской округ город Новомосковск,70-724-000-000,54.011013,38.290943,admin_center
2170,71,Тульская область,городской округ Славный,70-730-000-000,53.5476674,36.472999,admin_center
2171,71,Тульская область,Арсеньевский муниципальный район,70-604-000-000,53.7357884,36.6620997,admin_center
2172,71,Тульская область,Белевский муниципальный район,70-606-000-000,53.811798,36.137001,admin_center
2173,71,Тульская область,Богородицкий муниципальный район,70-608-000-000,53.773571,38.126965,admin_center
2174,71,Тульская область,Веневский муниципальный район,70-612-000-000,54.3504,38.2656,admin_center
2175,71,Тульская область,Воловский муниципальный район,70-616-000-000,53.5548,38.006,admin_center
2176,71,Тульская область,Дубенский муниципальный район,70-618-000-000,54.1524925,36.9591856,admin_center
2177,71,Тульская область,Заокский муниципальный район,70-622-000-000,54.7331733,37.3989781,admin_center
2178,71,Тульская область,Каменский муниципальный район,70-624-000-000,53.2586327,37.6959452,admin_center
2179,71,Тульская область,Кимовский муниципальный район,70-626-000-000,53.9699,38.5327,admin_center
2180,71,Тульская область,Киреевский муниципальный район,70-628-000-000,53.926712,37.929916,admin_center
2181,71,Тульская область,Куркинский муниципальный район,70-630-000-000,53.4247526,38.6571206,admin_center
2182,71,Тульская область,Одоевский муниципальный район,70-636-000-000,53.936798,36.687901,admin_center
2183,71,Тульская область,Плавский муниципальный район,70-638-000-000,53.7068732,37.2920333,admin_center
2184,71,Тульская область,Суворовский муниципальный район,70-640-000-000,54.12236,36.500027,admin_center
2185,71,Тульская область,Тепло-Огаревский муниципальный район,70-642-000-000,53.6233396,37.5905627,admin_center
2186,71,Тульская область,Узловский муниципальный район,70-644-000-000,53.978512,38.160255,admin_center
2187,71,Тульская область,Чернский муниципальный район,70-646-000-000,53.450928,36.910103,admin_center
2188,71,Тульская область,Щекинский муниципальный район,70-648-000-000,54.004465,37.5179079,admin_center
2189,71,Тульская область,Ясногорский муниципальный район,70-650-000-000,54.4792708,37.693329,admin_center
2190,72,Тюменская область,городской округ город Тюмень,71-701-000-000,57.153534,65.542274,admin_center
2191,72,Тюменская область,городской округ Заводоуковский,71-703-000-000,56.509293,66.539261,admin_center
2192,72,Тюменская область,городской округ город Ишим,71-705-000-000,56.09537715,69.46592795241014,admin_center
2193,72,Тюменская область,городской округ город Тобольск,71-710-000-000,58.1998048,68.2512924,admin_center
2194,72,Тюменская область,городской округ город Ялуторовск,71-715-000-000,56.64897495,66.2968841383236,admin_center
2195,72,Тюменская область,Абатский муниципальный район,71-603-000-000,56.289024,70.453026,admin_center
2196,72,Тюменская область,Армизонский муниципальный район,71-605-000-000,55.945129,67.685402,admin_center
2197,72,Тюменская область,Аромашевский муниципальный район,71-607-000-000,56.865017,68.6473468,admin_center
2198,72,Тюменская область,Бердюжский муниципальный район,71-610-000-000,55.805538,68.308907,admin_center
2199,72,Тюменская область,Вагайский муниципальный район,71-613-000-000,57.9352224,69.0125864,admin_center
2200,72,Тюменская область,Викуловский муниципальный район,71-615-000-000,56.815155,70.605362,admin_center
2202,72,Тюменская область,Исетский муниципальный район,71-624-000-000,56.475377,65.3286838,admin_center
2203,72,Тюменская область,Ишимский муниципальный район,71-626-000-000,56.09537715,69.46592795241014,admin_center
2204,72,Тюменская область,Казанский муниципальный район,71-630-000-000,55.6434378,69.2419265,admin_center
2205,72,Тюменская область,Нижнетавдинский муниципальный район,71-632-000-000,57.665195,66.172325,admin_center
2206,72,Тюменская область,Омутинский муниципальный район,71-634-000-000,56.476646,67.66394,admin_center
2207,72,Тюменская область,Сладковский муниципальный район,71-636-000-000,55.528728,70.347,admin_center
2208,72,Тюменская область,Сорокинский муниципальный район,71-638-000-000,56.6295759,69.8076705,admin_center
2209,72,Тюменская область,Тобольский муниципальный район,71-642-000-000,58.1998048,68.2512924,admin_center
2210,72,Тюменская область,Тюменский муниципальный район,71-644-000-000,57.153534,65.542274,admin_center
2211,72,Тюменская область,Уватский муниципальный район,71-648-000-000,59.1428822,68.8961724,admin_center
2212,72,Тюменская область,Упоровский муниципальный район,71-650-000-000,56.312378,66.267189,admin_center
2213,72,Тюменская область,Юргинский муниципальный район,71-653-000-000,56.818596,67.392548,admin_center
2214,72,Тюменская область,Ялуторовский муниципальный район,71-656-000-000,56.64897495,66.2968841383236,admin_center
2215,72,Тюменская область,Ярковский муниципальный район,71-658-000-000,57.405594,67.07177,admin_center
2216,86,Ханты-Мансийский автономный округ — Югра,городской округ город Ханты-Мансийск,71-871-000-000,61.0034448,69.0190006,admin_center
2217,86,Ханты-Мансийский автономный округ — Югра,городской округ город Когалым,71-883-000-000,62.26798,74.4889068,admin_center
2218,86,Ханты-Мансийский автономный округ — Югра,городской округ город Лангепас,71-872-000-000,61.25166204999999,75.17881042039596,admin_center
2219,86,Ханты-Мансийский автономный округ — Югра,городской округ город Мегион,71-873-000-000,61.035404,76.108215,admin_center
2220,86,Ханты-Мансийский автономный округ — Югра,городской округ город Нефтеюганск,71-874-000-000,61.0962043,72.6111908351568,admin_center
2221,86,Ханты-Мансийский автономный округ — Югра,городской округ город Нижневартовск,71-875-000-000,60.9391866,76.55117870683605,admin_center
2222,86,Ханты-Мансийский автономный округ — Югра,городской округ город Нягань,71-879-000-000,62.1650621,65.45441966394608,admin_center
2223,86,Ханты-Мансийский автономный округ — Югра,городской округ город Покачи,71-884-000-000,61.73768990000001,75.60509414915978,admin_center
2224,86,Ханты-Мансийский автономный округ — Югра,городской округ город Пыть-Ях,71-885-000-000,60.7097399,72.85847962489736,admin_center
2225,86,Ханты-Мансийский автономный округ — Югра,городской округ город Радужный,71-877-000-000,62.135315,77.462616,admin_center
2226,86,Ханты-Мансийский автономный округ — Югра,городской округ город Сургут,71-876-000-000,61.2922349,73.41583674801504,admin_center
2227,86,Ханты-Мансийский автономный округ — Югра,городской округ город Урай,71-878-000-000,60.1192579,64.7599996856959,admin_center
2228,86,Ханты-Мансийский автономный округ — Югра,городской округ город Югорск,71-887-000-000,61.3159174,63.3344785884512,admin_center
2229,86,Ханты-Мансийский автономный округ — Югра,Белоярский муниципальный район,71-811-000-000,63.68158065,66.75617738996769,admin_center
2230,86,Ханты-Мансийский автономный округ — Югра,Березовский муниципальный район,71-812-000-000,63.935246,65.053566,admin_center
2231,86,Ханты-Мансийский автономный округ — Югра,Кондинский муниципальный район,71-816-000-000,59.5924863,65.90851,admin_center
2232,86,Ханты-Мансийский автономный округ — Югра,Нефтеюганский муниципальный район,71-818-000-000,61.0962043,72.6111908351568,admin_center
2233,86,Ханты-Мансийский автономный округ — Югра,Нижневартовский муниципальный район,71-819-000-000,60.9391866,76.55117870683605,admin_center
2234,86,Ханты-Мансийский автономный округ — Югра,Октябрьский муниципальный район,71-821-000-000,62.459541,66.045067,admin_center
2235,86,Ханты-Мансийский автономный округ — Югра,Советский муниципальный район,71-824-000-000,61.35802885,63.56218800350869,admin_center
2236,86,Ханты-Мансийский автономный округ — Югра,Сургутский муниципальный район,71-826-000-000,61.2922349,73.41583674801504,admin_center
2237,86,Ханты-Мансийский автономный округ — Югра,Ханты-Мансийский муниципальный район,71-829-000-000,61.0034448,69.0190006,admin_center
2238,89,Ямало-Ненецкий автономный округ,городской округ город Салехард,71-951-000-000,66.34953595,66.63347415344438,admin_center
2239,89,Ямало-Ненецкий автономный округ,городской округ город Губкинский,71-952-000-000,64.4337824,76.4898086,admin_center
2240,89,Ямало-Ненецкий автономный округ,городской округ город Лабытнанги,71-953-000-000,66.6888835,66.4347161435694,admin_center
2241,89,Ямало-Ненецкий автономный округ,городской округ город Муравленко,71-955-000-000,63.7947977,74.4969322,admin_center
2242,89,Ямало-Ненецкий автономный округ,городской округ город Новый Уренгой,71-956-000-000,66.02896595,78.08097865620685,admin_center
2243,89,Ямало-Ненецкий автономный округ,городской округ город Ноябрьск,71-958-000-000,63.1191178,75.34670351236167,admin_center
2246,89,Ямало-Ненецкий автономный округ,Приуральский муниципальный район,71-918-000-000,66.5582332,67.8051987,admin_center
2251,73,Ульяновская область,городской округ город Ульяновск,73-701-000-000,54.3150278,48.403373,admin_center
2252,73,Ульяновская область,городской округ город Димитровград,73-705-000-000,54.2188995,49.6038982,admin_center
2253,73,Ульяновская область,городской округ город Новоульяновск,73-715-000-000,54.1502073,48.3856508,admin_center
2254,73,Ульяновская область,Базарносызганский муниципальный район,73-602-000-000,53.7482676,46.7584818,admin_center
2255,73,Ульяновская область,Барышский муниципальный район,73-604-000-000,53.6540758,47.1013737,admin_center
2256,73,Ульяновская область,Вешкаймский муниципальный район,73-607-000-000,54.0487859,47.1238442,admin_center
2257,73,Ульяновская область,Инзенский муниципальный район,73-610-000-000,53.8579402,46.3573236,admin_center
2258,73,Ульяновская область,Карсунский муниципальный район,73-614-000-000,54.1970553,46.9793449,admin_center
2259,73,Ульяновская область,Кузоватовский муниципальный район,73-616-000-000,53.5408,47.685,admin_center
2260,73,Ульяновская область,Майнский муниципальный район,73-620-000-000,54.1140512,47.6264897,admin_center
2261,73,Ульяновская область,Мелекесский муниципальный район,73-622-000-000,54.2188995,49.6038982,admin_center
2262,73,Ульяновская область,Николаевский муниципальный район,73-625-000-000,53.1311155,47.2003659,admin_center
2263,73,Ульяновская область,Новомалыклинский муниципальный район,73-627-000-000,54.2050657,49.9308434,admin_center
2264,73,Ульяновская область,Новоспасский муниципальный район,73-629-000-000,53.1492062,47.7526084,admin_center
2265,73,Ульяновская область,Павловский муниципальный район,73-632-000-000,52.6894894,47.1398473,admin_center
2266,73,Ульяновская область,Радищевский муниципальный район,73-634-000-000,52.8520485,47.8706585,admin_center
2267,73,Ульяновская область,Сенгилеевский муниципальный район,73-636-000-000,53.9588733,48.7872182,admin_center
2268,73,Ульяновская область,Старокулаткинский муниципальный район,73-639-000-000,52.7313796,47.6207042,admin_center
2269,73,Ульяновская область,Старомайнский муниципальный район,73-642-000-000,54.6070643,48.9258988,admin_center
2270,73,Ульяновская область,Сурский муниципальный район,73-644-000-000,54.4800412,46.7234429,admin_center
2271,73,Ульяновская область,Тереньгульский муниципальный район,73-648-000-000,53.7161121,48.367123,admin_center
2272,73,Ульяновская область,Ульяновский муниципальный район,73-652-000-000,54.4269176,48.2749899,admin_center
2273,73,Ульяновская область,Цильнинский муниципальный район,73-654-000-000,54.5195634,47.9678555,admin_center
2274,73,Ульяновская область,Чердаклинский муниципальный район,73-656-000-000,54.3600605,48.8489979,admin_center
2275,74,Челябинская область,городской округ Челябинский,75-701-000-000,55.1598408,61.4025547,admin_center
2276,74,Челябинская область,городской округ Верхнеуфалейский,75-706-000-000,56.052029,60.226448,admin_center
2277,74,Челябинская область,городской округ Златоустовский,75-712-000-000,55.1674213,59.6792625,admin_center
2278,74,Челябинская область,городской округ Карабашский,75-715-000-000,55.4885688,60.2028784,admin_center
2279,74,Челябинская область,городской округ Копейский,75-728-000-000,55.1131951,61.6216332,admin_center
2280,74,Челябинская область,городской округ Кыштымский,75-734-000-000,55.7099215,60.5511275,admin_center
2281,74,Челябинская область,городской округ Магнитогорский,75-738-000-000,53.4242184,58.983136,admin_center
2282,74,Челябинская область,городской округ Миасский,75-742-000-000,55.0505685,60.1087125,admin_center
2283,74,Челябинская область,городской округ Озерский,75-743-000-000,55.76046,60.705101,admin_center
2284,74,Челябинская область,городской округ Снежинский,75-746-000-000,56.087009,60.732674,admin_center
2285,74,Челябинская область,городской округ Трехгорный,75-707-000-000,54.8151264,58.4466273,admin_center
2286,74,Челябинская область,городской округ Троицкий,75-752-000-000,54.0847722,61.5514047,admin_center
2287,74,Челябинская область,городской округ Усть-Катавский,75-755-000-000,54.9308,58.17484,admin_center
2288,74,Челябинская область,городской округ Чебаркульский,75-758-000-000,54.977795,60.37009,admin_center
2289,74,Челябинская область,городской округ Южноуральский,75-764-000-000,54.4425364,61.2682731,admin_center
2290,74,Челябинская область,городской округ Локомотивный,75-759-000-000,53.042561,60.614517,admin_center
2291,74,Челябинская область,Агаповский муниципальный район,75-603-000-000,53.296947,59.134914,admin_center
2292,74,Челябинская область,Аргаяшский муниципальный район,75-606-000-000,55.4908093,60.8776278,admin_center
2293,74,Челябинская область,Ашинский муниципальный район,75-609-000-000,54.9908896,57.2780531,admin_center
2294,74,Челябинская область,Брединский муниципальный район,75-612-000-000,52.4223974,60.3372556,admin_center
2295,74,Челябинская область,Варненский муниципальный район,75-614-000-000,53.3778252,60.9783588,admin_center
2296,74,Челябинская область,Верхнеуральский муниципальный район,75-617-000-000,53.8753392,59.2197592,admin_center
2297,74,Челябинская область,Еманжелинский муниципальный район,75-619-000-000,54.759121,61.313198,admin_center
2298,74,Челябинская область,Еткульский муниципальный район,75-620-000-000,54.828304,61.592037,admin_center
2299,74,Челябинская область,Карталинский муниципальный район,75-623-000-000,53.053261,60.639172,admin_center
2300,74,Челябинская область,Каслинский муниципальный район,75-626-000-000,55.8904193,60.7538518,admin_center
2301,74,Челябинская область,Катав-Ивановский муниципальный район,75-629-000-000,54.753479,58.205784,admin_center
2302,74,Челябинская область,Кизильский муниципальный район,75-632-000-000,52.72554,58.893696,admin_center
2304,74,Челябинская область,Красноармейский муниципальный район,75-634-000-000,55.283096,61.893074,admin_center
2305,74,Челябинская область,Кунашакский муниципальный район,75-636-000-000,55.698971,61.550903,admin_center
2306,74,Челябинская область,Кусинский муниципальный район,75-638-000-000,55.336521,59.445938,admin_center
2307,74,Челябинская область,Нагайбакский муниципальный район,75-642-000-000,53.5214103,59.8112001,admin_center
2308,74,Челябинская область,Нязепетровский муниципальный район,75-644-000-000,56.055508,59.598629,admin_center
2309,74,Челябинская область,Октябрьский муниципальный район,75-647-000-000,54.410706,62.728809,admin_center
2310,74,Челябинская область,Пластовский муниципальный район,75-648-000-000,54.369812,60.807091,admin_center
2311,74,Челябинская область,Саткинский муниципальный район,75-649-000-000,55.040287,59.028034,admin_center
2312,74,Челябинская область,Сосновский муниципальный район,75-652-000-000,55.3462664,61.341587,admin_center
2313,74,Челябинская область,Троицкий муниципальный район,75-654-000-000,54.0847722,61.5514047,admin_center
2314,74,Челябинская область,Увельский муниципальный район,75-655-000-000,54.441994,61.354397,admin_center
2315,74,Челябинская область,Уйский муниципальный район,75-656-000-000,54.373421,60.005447,admin_center
2316,74,Челябинская область,Чебаркульский муниципальный район,75-657-000-000,54.977795,60.37009,admin_center
2317,74,Челябинская область,Чесменский муниципальный район,75-659-000-000,53.8131555,60.6532186,admin_center
2318,76,Ярославская область,городской округ город Ярославль,78-701-000-000,57.6263877,39.8933705,admin_center
2319,76,Ярославская область,городской округ город Переславль-Залесский,78-705-000-000,56.7367178,38.8462714,admin_center
2320,76,Ярославская область,городской округ город Рыбинск,78-715-000-000,58.050373,38.834637,admin_center
2321,76,Ярославская область,Большесельский муниципальный район,78-603-000-000,57.7184728,38.9355599,admin_center
2322,76,Ярославская область,Борисоглебский муниципальный район,78-606-000-000,57.259,39.15,admin_center
2323,76,Ярославская область,Брейтовский муниципальный район,78-609-000-000,58.3033237,37.8594763,admin_center
2324,76,Ярославская область,Гаврилов-Ямский муниципальный район,78-612-000-000,57.3032827,39.8537697,admin_center
2325,76,Ярославская область,Даниловский муниципальный район,78-615-000-000,58.188808,40.175114,admin_center
2326,76,Ярославская область,Любимский муниципальный район,78-618-000-000,58.3595618,40.6866038,admin_center
2327,76,Ярославская область,Мышкинский муниципальный район,78-621-000-000,57.784725,38.451595,admin_center
2328,76,Ярославская область,Некоузский муниципальный район,78-623-000-000,57.90218,38.0624475,admin_center
2329,76,Ярославская область,Некрасовский муниципальный район,78-626-000-000,57.674248,40.372654,admin_center
2330,76,Ярославская область,Первомайский муниципальный район,78-629-000-000,58.4251138,40.3228779,admin_center
2331,76,Ярославская область,Переславский муниципальный район,78-632-000-000,56.7367178,38.8462714,admin_center
2332,76,Ярославская область,Пошехонский муниципальный район,78-634-000-000,58.503201,39.119701,admin_center
2333,76,Ярославская область,Ростовский муниципальный район,78-637-000-000,57.2012699,39.42218126099566,admin_center
2334,76,Ярославская область,Рыбинский муниципальный район,78-640-000-000,58.050373,38.834637,admin_center
2335,76,Ярославская область,Тутаевский муниципальный район,78-643-000-000,57.875385,39.527214,admin_center
2336,76,Ярославская область,Угличский муниципальный район,78-646-000-000,57.52483355,38.30708473150594,admin_center
2337,76,Ярославская область,Ярославский муниципальный район,78-650-000-000,57.6263877,39.8933705,admin_center
2338,79,Еврейская автономная область,городской округ город Биробиджан,99-701-000-000,48.7881668,132.9282082,admin_center
2339,79,Еврейская автономная область,Биробиджанский муниципальный район,99-605-000-000,48.7881668,132.9282082,admin_center
2340,79,Еврейская автономная область,Ленинский муниципальный район,99-610-000-000,47.9344425,132.6223808,admin_center
2341,79,Еврейская автономная область,Облученский муниципальный район,99-620-000-000,49.0145149,131.0538038,admin_center
2342,79,Еврейская автономная область,Октябрьский муниципальный район,99-625-000-000,47.6946588,131.0896669,admin_center
2343,79,Еврейская автономная область,Смидовичский муниципальный район,99-630-000-000,48.5956701,133.8138369,admin_center
2344,87,Чукотский автономный округ,городской округ Анадырь,77-701-000-000,64.7316875,177.5060925,admin_center
2345,87,Чукотский автономный округ,городской округ Эгвекинот,77-715-000-000,66.3227382,-179.120131,admin_center
2346,87,Чукотский автономный округ,городской округ Провиденский,77-710-000-000,64.3800982,-173.2386276724423,admin_center
2347,87,Чукотский автономный округ,городской округ Певек,77-705-000-000,69.7028171,170.2746851,admin_center
2348,87,Чукотский автономный округ,Анадырский муниципальный район,77-603-000-000,64.7316875,177.5060925,admin_center
2349,87,Чукотский автономный округ,Билибинский муниципальный район,77-609-000-000,68.0550305,166.4448515,admin_center
2350,87,Чукотский автономный округ,Чукотский муниципальный район,77-633-000-000,65.5837793,-171.005811,admin_center
2351,78,Санкт-Петербург,внутригородская территория города федерального значения муниципальный округ Коломна,40-301-000-000,59.92381075,30.283048466655902,polygon_point
2352,78,Санкт-Петербург,внутригородская территория города федерального значения муниципальный округ Сенной округ,40-302-000-000,59.9257993,30.317102470964116,polygon_point
2353,78,Санкт-Петербург,внутригородская территория города федерального значения муниципальный округ Адмиралтейский округ,40-303-000-000,59.931053750000004,30.296798094313957,polygon_point
2354,78,Санкт-Петербург,внутригородская территория города федерального значения муниципальный округ Семеновский,40-304-000-000,59.9173962,30.33016758944093,polygon_point
2355,78,Санкт-Петербург,внутригородская территория города федерального значения муниципальный округ Измайловское,40-305-000-000,59.90891895,30.308070824137843,polygon_point
2356,78,Санкт-Петербург,внутригородская территория города федерального значения муниципальный округ Екатерингофский,40-306-000-000,59.90845155,30.278646890355386,polygon_point
2357,78,Санкт-Петербург,внутригородская территория города федерального значения муниципальный округ № 7,40-307-000-000,59.93227445,30.269023772311524,polygon_point
2358,78,Санкт-Петербург,внутригородская территория города федерального значения муниципальный округ Васильевский,40-308-000-000,59.94406295,30.25996218611235,polygon_point
2359,78,Санкт-Петербург,внутригородская территория города федерального значения муниципальный округ Гавань,40-309-000-000,59.932817400000005,30.21023397715107,polygon_point
2360,78,Санкт-Петербург,внутригородская территория города федерального значения муниципальный округ Морской,40-310-000-000,59.94387315,30.21318769976233,polygon_point
2361,78,Санкт-Петербург,внутригородская территория города федерального значения муниципальный округ Остров Декабристов,40-311-000-000,59.955576449999995,30.226246107965103,polygon_point
2362,78,Санкт-Петербург,внутригородская территория города федерального значения поселок Левашово,40-312-000-000,60.088164,30.159588538092336,polygon_point
2363,78,Санкт-Петербург,внутригородская территория города федерального значения поселок Парголово,40-313-000-000,60.0870399,30.29730855711932,polygon_point
2364,78,Санкт-Петербург,внутригородская территория города федерального значения муниципальный округ Сампсониевское,40-314-000-000,59.9735363,30.338741435744446,polygon_point
2365,78,Санкт-Петербург,внутригородская территория города федерального значения муниципальный округ Светлановское,40-315-000-000,60.01056035,30.34305327943742,polygon_point
2366,78,Санкт-Петербург,внутригородская территория города федерального значения муниципальный округ Сосновское,40-316-000-000,60.02725305,30.348389608558342,polygon_point
2367,78,Санкт-Петербург,внутригородская территория города федерального значения муниципальный округ № 15,40-317-000-000,60.056029300000006,30.3722503242643,polygon_point
2368,78,Санкт-Петербург,внутригородская территория города федерального значения муниципальный округ Сергиевское,40-318-000-000,60.065269099999995,30.3563413462662,polygon_point
2369,78,Санкт-Петербург,внутригородская территория города федерального значения муниципальный округ Шувалово-Озерки,40-319-000-000,60.04707415,30.313703584358667,polygon_point
2370,78,Санкт-Петербург,внутригородская территория города федерального значения поселок Лисий Нос,40-320-000-000,60.0187037,29.989284878470094,polygon_point
2371,78,Санкт-Петербург,внутригородская территория города федерального значения муниципальный округ Лахта-Ольгино,40-321-000-000,60.01031655,30.13714526421321,polygon_point
2372,78,Санкт-Петербург,внутригородская территория города федерального значения муниципальный округ № 65,40-322-000-000,59.995145,30.22089848581865,polygon_point
2374,78,Санкт-Петербург,внутригородская территория города федерального значения муниципальный округ Комендантский аэродром,40-324-000-000,60.0035691,30.29766229617498,polygon_point
2375,78,Санкт-Петербург,внутригородская территория города федерального значения муниципальный округ Озеро Долгое,40-325-000-000,60.004278049999996,30.26587097949695,polygon_point
2376,78,Санкт-Петербург,внутригородская территория города федерального значения муниципальный округ Юнтолово,40-326-000-000,60.02215255,30.23595068376757,polygon_point
2377,78,Санкт-Петербург,внутригородская территория города федерального значения муниципальный округ Коломяги,40-327-000-000,60.04048795,30.22002375715998,polygon_point
2378,78,Санкт-Петербург,внутригородская территория города федерального значения муниципальный округ Гражданка,40-328-000-000,60.006623000000005,30.40706954088025,polygon_point
2379,78,Санкт-Петербург,внутригородская территория города федерального значения муниципальный округ Академическое,40-329-000-000,60.01435055,30.390351124612877,polygon_point
2380,78,Санкт-Петербург,внутригородская территория города федерального значения муниципальный округ Финляндский округ,40-330-000-000,59.968449,30.38021510310851,polygon_point
2381,78,Санкт-Петербург,внутригородская территория города федерального значения муниципальный округ № 21,40-331-000-000,60.0331439,30.42269532691664,polygon_point
2382,78,Санкт-Петербург,внутригородская территория города федерального значения муниципальный округ Пискаревка,40-332-000-000,59.9996547,30.418255712374037,polygon_point
2383,78,Санкт-Петербург,внутригородская территория города федерального значения муниципальный округ Северный,40-333-000-000,60.0446345,30.38138020261657,polygon_point
2384,78,Санкт-Петербург,внутригородская территория города федерального значения муниципальный округ Прометей,40-334-000-000,60.040685100000005,30.399658219123534,polygon_point
2385,78,Санкт-Петербург,внутригородская территория города федерального значения муниципальный округ Княжево,40-335-000-000,59.8490858,30.272214093874258,polygon_point
2386,78,Санкт-Петербург,внутригородская территория города федерального значения муниципальный округ Ульянка,40-336-000-000,59.83245935,30.22256065161564,polygon_point
2387,78,Санкт-Петербург,внутригородская территория города федерального значения муниципальный округ Дачное,40-337-000-000,59.8452805,30.231461895305067,polygon_point
2388,78,Санкт-Петербург,внутригородская территория города федерального значения муниципальный округ Автово,40-338-000-000,59.8720136,30.231673489091712,polygon_point
2389,78,Санкт-Петербург,внутригородская территория города федерального значения муниципальный округ Нарвский округ,40-339-000-000,59.890506349999995,30.27007331884261,polygon_point
2390,78,Санкт-Петербург,внутригородская территория города федерального значения муниципальный округ Красненькая речка,40-340-000-000,59.8548847,30.235377667105844,polygon_point
2391,78,Санкт-Петербург,внутригородская территория города федерального значения муниципальный округ Морские ворота,40-341-000-000,59.9008064,30.230125847041563,polygon_point
2392,78,Санкт-Петербург,внутригородская территория города федерального значения город Колпино,40-342-000-000,59.7599561,30.623037502374565,polygon_point
2393,78,Санкт-Петербург,внутригородская территория города федерального значения поселок Металлострой,40-343-000-000,59.79862155,30.557685702274874,polygon_point
2394,78,Санкт-Петербург,внутригородская территория города федерального значения поселок Петро-Славянка,40-344-000-000,59.80867515,30.483349519886787,polygon_point
2395,78,Санкт-Петербург,внутригородская территория города федерального значения поселок Понтонный,40-345-000-000,59.779489350000006,30.63155391376652,polygon_point
2396,78,Санкт-Петербург,внутригородская территория города федерального значения поселок Саперный,40-346-000-000,59.7726608,30.702698474729075,polygon_point
2397,78,Санкт-Петербург,внутригородская территория города федерального значения поселок Усть-Ижора,40-347-000-000,59.80625005,30.59555941209682,polygon_point
2398,78,Санкт-Петербург,внутригородская территория города федерального значения муниципальный округ Полюстрово,40-348-000-000,60.00021905,30.46666513718764,polygon_point
2399,78,Санкт-Петербург,внутригородская территория города федерального значения муниципальный округ Большая Охта,40-349-000-000,59.9478543,30.425987524050193,polygon_point
2400,78,Санкт-Петербург,внутригородская территория города федерального значения муниципальный округ Малая Охта,40-350-000-000,59.93224845,30.419629212920178,polygon_point
2401,78,Санкт-Петербург,внутригородская территория города федерального значения муниципальный округ Пороховые,40-351-000-000,59.94874385,30.467913777937476,polygon_point
2402,78,Санкт-Петербург,внутригородская территория города федерального значения муниципальный округ Ржевка,40-352-000-000,59.9775754,30.499458303135995,polygon_point
2403,78,Санкт-Петербург,внутригородская территория города федерального значения город Красное Село,40-353-000-000,59.72775835,30.078186969282456,polygon_point
2404,78,Санкт-Петербург,внутригородская территория города федерального значения муниципальный округ Юго-Запад,40-354-000-000,59.8542326,30.212917685329387,polygon_point
2405,78,Санкт-Петербург,внутригородская территория города федерального значения муниципальный округ Южно-Приморский,40-355-000-000,59.85896165,30.16515624648388,polygon_point
2406,78,Санкт-Петербург,внутригородская территория города федерального значения муниципальный округ Сосновая поляна,40-356-000-000,59.845756699999995,30.128318599307118,polygon_point
2407,78,Санкт-Петербург,внутригородская территория города федерального значения муниципальный округ Урицк,40-357-000-000,59.83428625,30.178848310716013,polygon_point
2408,78,Санкт-Петербург,внутригородская территория города федерального значения муниципальный округ Константиновское,40-358-000-000,59.81989695,30.12003570370517,polygon_point
2409,78,Санкт-Петербург,внутригородская территория города федерального значения муниципальный округ Горелово,40-359-000-000,59.791431700000004,30.118877595288026,polygon_point
2410,78,Санкт-Петербург,внутригородская территория города федерального значения город Кронштадт,40-360-000-000,59.98728715,29.77598425776103,polygon_point
2411,78,Санкт-Петербург,внутригородская территория города федерального значения город Зеленогорск,40-361-000-000,60.2130777,29.716334193909233,polygon_point
2412,78,Санкт-Петербург,внутригородская территория города федерального значения город Сестрорецк,40-362-000-000,60.0725639,30.025874136061727,polygon_point
2413,78,Санкт-Петербург,внутригородская территория города федерального значения поселок Белоостров,40-363-000-000,60.1353614,30.028056709693878,polygon_point
2414,78,Санкт-Петербург,внутригородская территория города федерального значения поселок Комарово,40-364-000-000,60.19683465,29.810159565041836,polygon_point
2415,78,Санкт-Петербург,внутригородская территория города федерального значения поселок Молодежное,40-365-000-000,60.2004509,29.507602972550156,polygon_point
2416,78,Санкт-Петербург,внутригородская территория города федерального значения поселок Песочный,40-366-000-000,60.1167093,30.10236523395776,polygon_point
2417,78,Санкт-Петербург,внутригородская территория города федерального значения поселок Репино,40-367-000-000,60.17308765,29.87755728679457,polygon_point
2418,78,Санкт-Петербург,внутригородская территория города федерального значения поселок Серово,40-368-000-000,60.2132744,29.53936377674438,polygon_point
2419,78,Санкт-Петербург,внутригородская территория города федерального значения поселок Смолячково,40-369-000-000,60.18839255,29.477589672160637,polygon_point
2420,78,Санкт-Петербург,внутригородская территория города федерального значения поселок Солнечное,40-370-000-000,60.1573829,29.93756514654973,polygon_point
2421,78,Санкт-Петербург,внутригородская территория города федерального значения поселок Ушково,40-371-000-000,60.217657200000005,29.613073410184832,polygon_point
2422,78,Санкт-Петербург,внутригородская территория города федерального значения город Ломоносов,40-372-000-000,59.901703350000005,29.779386895698615,polygon_point
2423,78,Санкт-Петербург,внутригородская территория города федерального значения муниципальный округ Московская застава,40-373-000-000,59.8853765,30.320043440777184,polygon_point
2424,78,Санкт-Петербург,внутригородская территория города федерального значения муниципальный округ Гагаринское,40-374-000-000,59.84804095,30.352559621302596,polygon_point
2425,78,Санкт-Петербург,внутригородская территория города федерального значения муниципальный округ Новоизмайловское,40-375-000-000,59.85177315,30.302655359029533,polygon_point
2426,78,Санкт-Петербург,внутригородская территория города федерального значения муниципальный округ Пулковский меридиан,40-376-000-000,59.807236849999995,30.272948430065746,polygon_point
2427,78,Санкт-Петербург,внутригородская территория города федерального значения муниципальный округ Звездное,40-377-000-000,59.830997100000005,30.33526684218881,polygon_point
2428,78,Санкт-Петербург,внутригородская территория города федерального значения муниципальный округ Невская застава,40-378-000-000,59.90305145,30.405874174800473,polygon_point
2429,78,Санкт-Петербург,внутригородская территория города федерального значения муниципальный округ Ивановский,40-379-000-000,59.87340365,30.432140543454672,polygon_point
2430,78,Санкт-Петербург,внутригородская территория города федерального значения муниципальный округ Обуховский,40-380-000-000,59.86096755,30.459889879984186,polygon_point
2431,78,Санкт-Петербург,внутригородская территория города федерального значения муниципальный округ Рыбацкое,40-381-000-000,59.837889950000005,30.495315608573183,polygon_point
2432,78,Санкт-Петербург,внутригородская территория города федерального значения муниципальный округ Народный,40-382-000-000,59.8748392,30.483039073586617,polygon_point
2433,78,Санкт-Петербург,внутригородская территория города федерального значения муниципальный округ № 54,40-383-000-000,59.899570100000005,30.474535712923718,polygon_point
2434,78,Санкт-Петербург,внутригородская территория города федерального значения муниципальный округ Невский округ,40-384-000-000,59.90975275,30.449643631224916,polygon_point
2435,78,Санкт-Петербург,внутригородская территория города федерального значения муниципальный округ Оккервиль,40-385-000-000,59.915285499999996,30.487840936724425,polygon_point
2436,78,Санкт-Петербург,внутригородская территория города федерального значения муниципальный округ Правобережный,40-386-000-000,59.924781949999996,30.46219101690381,polygon_point
2437,78,Санкт-Петербург,внутригородская территория города федерального значения город Павловск,40-387-000-000,59.672366049999994,30.41636871993707,polygon_point
2438,78,Санкт-Петербург,внутригородская территория города федерального значения поселок Тярлево,40-388-000-000,59.7058473,30.4503338740207,polygon_point
2439,78,Санкт-Петербург,внутригородская территория города федерального значения муниципальный округ Введенский,40-389-000-000,59.95190805,30.297607115485704,polygon_point
2440,78,Санкт-Петербург,внутригородская территория города федерального значения муниципальный округ Кронверкское,40-390-000-000,59.9557075,30.314560145947926,polygon_point
2441,78,Санкт-Петербург,внутригородская территория города федерального значения муниципальный округ Посадский,40-391-000-000,59.95795495,30.32832382042426,polygon_point
2442,78,Санкт-Петербург,внутригородская территория города федерального значения муниципальный округ Аптекарский остров,40-392-000-000,59.971303750000004,30.319285472201816,polygon_point
2443,78,Санкт-Петербург,внутригородская территория города федерального значения муниципальный округ округ Петровский,40-393-000-000,59.9578588,30.267648010120393,polygon_point
2444,78,Санкт-Петербург,внутригородская территория города федерального значения муниципальный округ Чкаловское,40-394-000-000,59.968130099999996,30.26366148918581,polygon_point
2445,78,Санкт-Петербург,внутригородская территория города федерального значения город Петергоф,40-395-000-000,59.8655646,29.92632884974587,polygon_point
2446,78,Санкт-Петербург,внутригородская территория города федерального значения поселок Стрельна,40-396-000-000,59.8406806,30.042220707622725,polygon_point
2447,78,Санкт-Петербург,внутригородская территория города федерального значения город Пушкин,40-397-000-000,59.69777945,30.34123762416133,polygon_point
2448,78,Санкт-Петербург,внутригородская территория города федерального значения поселок Александровская,40-398-000-000,59.73244365,30.33915675712231,polygon_point
2449,78,Санкт-Петербург,внутригородская территория города федерального значения поселок Шушары,40-901-000-000,59.75897105,30.460010775024926,polygon_point
2450,78,Санкт-Петербург,внутригородская территория города федерального значения муниципальный округ Волковское,40-902-000-000,59.8918277,30.36893256956631,polygon_point
2451,78,Санкт-Петербург,внутригородская территория города федерального значения муниципальный округ № 72,40-903-000-000,59.86861355,30.402340526417497,polygon_point
2452,78,Санкт-Петербург,внутригородская территория города федерального значения муниципальный округ Купчино,40-904-000-000,59.866274849999996,30.37164629594899,polygon_point
2453,78,Санкт-Петербург,внутригородская территория города федерального значения муниципальный округ Георгиевский,40-905-000-000,59.84804095,30.38541208068105,polygon_point
2454,78,Санкт-Петербург,внутригородская территория города федерального значения муниципальный округ № 75,40-906-000-000,59.84641645000001,30.431256586371212,polygon_point
2455,78,Санкт-Петербург,внутригородская территория города федерального значения муниципальный округ Балканский,40-907-000-000,59.8296481,30.39898443330421,polygon_point
2456,78,Санкт-Петербург,внутригородская территория города федерального значения муниципальный округ Дворцовый округ,40-908-000-000,59.9417293,30.324341106466644,polygon_point
2457,78,Санкт-Петербург,внутригородская территория города федерального значения муниципальный округ № 78,40-909-000-000,59.93091995,30.329722838903272,polygon_point
2458,78,Санкт-Петербург,внутригородская территория города федерального значения муниципальный округ Литейный округ,40-910-000-000,59.94172975,30.34962875059938,polygon_point
2459,78,Санкт-Петербург,внутригородская территория города федерального значения муниципальный округ Смольнинское,40-911-000-000,59.9405516,30.380553727094746,polygon_point
2460,78,Санкт-Петербург,внутригородская территория города федерального значения муниципальный округ Лиговка-Ямская,40-912-000-000,59.922447500000004,30.37742016929306,polygon_point
2461,78,Санкт-Петербург,внутригородская территория города федерального значения муниципальный округ Владимирский округ,40-913-000-000,59.92503605,30.344925674999615,polygon_point
2462,77,Москва,внутригородская территория города федерального значения муниципальный округ Богородское,45-301-000-000,55.8199287,37.702941213837654,polygon_point
2463,77,Москва,внутригородская территория города федерального значения муниципальный округ Вешняки,45-302-000-000,55.72925615,37.809089649857086,polygon_point
2464,77,Москва,внутригородская территория города федерального значения муниципальный округ Восточное Измайлово,45-303-000-000,55.7956644,37.8233700651129,polygon_point
2465,77,Москва,внутригородская территория города федерального значения муниципальный округ Восточный,45-304-000-000,55.81336965,37.86258576208655,polygon_point
2466,77,Москва,внутригородская территория города федерального значения муниципальный округ Гольяново,45-305-000-000,55.828264399999995,37.80614659329469,polygon_point
2467,77,Москва,внутригородская территория города федерального значения муниципальный округ Ивановское,45-306-000-000,55.7681665,37.82352739291628,polygon_point
2468,77,Москва,внутригородская территория города федерального значения муниципальный округ Измайлово,45-307-000-000,55.7815203,37.771998583420675,polygon_point
2469,77,Москва,внутригородская территория города федерального значения муниципальный округ Косино-Ухтомский,45-308-000-000,55.7135622,37.88208013383256,polygon_point
2470,77,Москва,внутригородская территория города федерального значения муниципальный округ Новогиреево,45-309-000-000,55.7478477,37.80759734691753,polygon_point
2471,77,Москва,внутригородская территория города федерального значения муниципальный округ Новокосино,45-310-000-000,55.73985690000001,37.86030968917632,polygon_point
2472,77,Москва,внутригородская территория города федерального значения муниципальный округ Метрогородок,45-311-000-000,55.84355765,37.730447525032474,polygon_point
2473,77,Москва,внутригородская территория города федерального значения муниципальный округ Перово,45-312-000-000,55.75106905,37.75316294904828,polygon_point
2474,77,Москва,внутригородская территория города федерального значения муниципальный округ Северное Измайлово,45-313-000-000,55.80861075,37.80790535869775,polygon_point
2475,77,Москва,внутригородская территория города федерального значения муниципальный округ Соколиная гора,45-314-000-000,55.77308215,37.73000640086924,polygon_point
2476,77,Москва,внутригородская территория города федерального значения муниципальный округ Сокольники,45-315-000-000,55.803106549999995,37.676558015633915,polygon_point
2477,77,Москва,внутригородская территория города федерального значения муниципальный округ Преображенское,45-316-000-000,55.79611595,37.7239595093659,polygon_point
2478,77,Москва,внутригородская территория города федерального значения муниципальный округ Внуково,45-317-000-000,55.6011719,37.27774850921099,polygon_point
2479,77,Москва,внутригородская территория города федерального значения муниципальный округ Дорогомилово,45-318-000-000,55.7382824,37.53819538698906,polygon_point
2480,77,Москва,внутригородская территория города федерального значения муниципальный округ Крылатское,45-319-000-000,55.76128705,37.42593374522882,polygon_point
2481,77,Москва,внутригородская территория города федерального значения муниципальный округ Кунцево,45-320-000-000,55.7865494,37.33904653654985,polygon_point
2482,77,Москва,внутригородская территория города федерального значения муниципальный округ Можайский,45-321-000-000,55.7031183,37.39698873594055,polygon_point
2483,77,Москва,внутригородская территория города федерального значения муниципальный округ Ново-Переделкино,45-322-000-000,55.6460967,37.35311699406779,polygon_point
2484,77,Москва,внутригородская территория города федерального значения муниципальный округ Очаково-Матвеевское,45-323-000-000,55.6921051,37.44019185337838,polygon_point
2485,77,Москва,внутригородская территория города федерального значения муниципальный округ Проспект Вернадского,45-324-000-000,55.6754152,37.50033023079773,polygon_point
2486,77,Москва,внутригородская территория города федерального значения муниципальный округ Раменки,45-325-000-000,55.70756765,37.5220287165855,polygon_point
2487,77,Москва,внутригородская территория города федерального значения муниципальный округ Солнцево,45-326-000-000,55.65443845,37.39257394460023,polygon_point
2488,77,Москва,внутригородская территория города федерального значения муниципальный округ Тропарево-Никулино,45-327-000-000,55.660388850000004,37.46917970326138,polygon_point
2489,77,Москва,внутригородская территория города федерального значения муниципальный округ Филевский парк,45-328-000-000,55.7506712,37.49765608880628,polygon_point
2490,77,Москва,внутригородская территория города федерального значения муниципальный округ Фили-Давыдково,45-329-000-000,55.72641345,37.4715734111047,polygon_point
2491,77,Москва,внутригородская территория города федерального значения муниципальный округ Крюково,45-330-000-000,55.97381905,37.169458528587185,polygon_point
2492,77,Москва,внутригородская территория города федерального значения муниципальный округ Матушкино,45-331-000-000,56.0026873,37.212159162134284,polygon_point
2493,77,Москва,внутригородская территория города федерального значения муниципальный округ Силино,45-332-000-000,56.00081815,37.17528746023808,polygon_point
2494,77,Москва,внутригородская территория города федерального значения муниципальный округ Аэропорт,45-333-000-000,55.80051,37.543848765869,polygon_point
2495,77,Москва,внутригородская территория города федерального значения муниципальный округ Беговой,45-334-000-000,55.783367999999996,37.56524718561515,polygon_point
2496,77,Москва,внутригородская территория города федерального значения муниципальный округ Бескудниковский,45-335-000-000,55.8637386,37.55732165198045,polygon_point
2497,77,Москва,внутригородская территория города федерального значения муниципальный округ Войковский,45-336-000-000,55.82807015,37.495439980983114,polygon_point
2498,77,Москва,внутригородская территория города федерального значения муниципальный округ Восточное Дегунино,45-337-000-000,55.87587205,37.5632948148087,polygon_point
2499,77,Москва,внутригородская территория города федерального значения муниципальный округ Головинский,45-338-000-000,55.851948300000004,37.522369915157256,polygon_point
2500,77,Москва,внутригородская территория города федерального значения муниципальный округ Дмитровский,45-339-000-000,55.88992855,37.52561528804165,polygon_point
2501,77,Москва,внутригородская территория города федерального значения муниципальный округ Западное Дегунино,45-340-000-000,55.87057905,37.52073517725362,polygon_point
2502,77,Москва,внутригородская территория города федерального значения муниципальный округ Коптево,45-341-000-000,55.8301455,37.52166188725094,polygon_point
2503,77,Москва,внутригородская территория города федерального значения муниципальный округ Левобережный,45-342-000-000,55.865667200000004,37.46585000389081,polygon_point
2504,77,Москва,внутригородская территория города федерального значения муниципальный округ Молжаниновский,45-343-000-000,55.9328122,37.37291421352428,polygon_point
2505,77,Москва,внутригородская территория города федерального значения муниципальный округ Савеловский,45-344-000-000,55.7998827,37.570189165100814,polygon_point
2506,77,Москва,внутригородская территория города федерального значения муниципальный округ Сокол,45-345-000-000,55.80323585,37.50789609782525,polygon_point
2507,77,Москва,внутригородская территория города федерального значения муниципальный округ Тимирязевский,45-346-000-000,55.82752695,37.55318017585574,polygon_point
2508,77,Москва,внутригородская территория города федерального значения муниципальный округ Ховрино,45-347-000-000,55.8687624,37.49443128842621,polygon_point
2509,77,Москва,внутригородская территория города федерального значения муниципальный округ Хорошевский,45-348-000-000,55.78166105,37.525463925863505,polygon_point
2510,77,Москва,внутригородская территория города федерального значения муниципальный округ Алексеевский,45-349-000-000,55.811043850000004,37.648999101944284,polygon_point
2511,77,Москва,внутригородская территория города федерального значения муниципальный округ Алтуфьевский,45-350-000-000,55.8786951,37.58676970811219,polygon_point
2512,77,Москва,внутригородская территория города федерального значения муниципальный округ Бабушкинский,45-351-000-000,55.867159799999996,37.66307469929678,polygon_point
2513,77,Москва,внутригородская территория города федерального значения муниципальный округ Бибирево,45-352-000-000,55.89531865,37.61298891004043,polygon_point
2514,77,Москва,внутригородская территория города федерального значения муниципальный округ Бутырский,45-353-000-000,55.8145969,37.59305500081641,polygon_point
2515,77,Москва,внутригородская территория города федерального значения муниципальный округ Лианозово,45-354-000-000,55.9001565,37.566279234750205,polygon_point
2516,77,Москва,внутригородская территория города федерального значения муниципальный округ Лосиноостровский,45-355-000-000,55.8779773,37.69379539296931,polygon_point
2517,77,Москва,внутригородская территория города федерального значения муниципальный округ Марфино,45-356-000-000,55.83304165,37.59134465791635,polygon_point
2518,77,Москва,внутригородская территория города федерального значения муниципальный округ Марьина роща,45-357-000-000,55.7963709,37.613635009352954,polygon_point
2519,77,Москва,внутригородская территория города федерального значения муниципальный округ Останкинский,45-358-000-000,55.82815775,37.625204921961924,polygon_point
2520,77,Москва,внутригородская территория города федерального значения муниципальный округ Отрадное,45-359-000-000,55.8634221,37.60380242914428,polygon_point
2521,77,Москва,внутригородская территория города федерального значения муниципальный округ Ростокино,45-360-000-000,55.83501245,37.65247601942863,polygon_point
2522,77,Москва,внутригородская территория города федерального значения муниципальный округ Свиблово,45-361-000-000,55.853104849999994,37.64679060218354,polygon_point
2523,77,Москва,внутригородская территория города федерального значения муниципальный округ Северное Медведково,45-362-000-000,55.887221600000004,37.65176972169091,polygon_point
2524,77,Москва,внутригородская территория города федерального значения муниципальный округ Северный,45-363-000-000,55.932539750000004,37.5430355899533,polygon_point
2525,77,Москва,внутригородская территория города федерального значения муниципальный округ Южное Медведково,45-364-000-000,55.87348405,37.63875189819907,polygon_point
2526,77,Москва,внутригородская территория города федерального значения муниципальный округ Ярославский,45-365-000-000,55.86185515,37.69183975110492,polygon_point
2527,77,Москва,внутригородская территория города федерального значения муниципальный округ Куркино,45-366-000-000,55.89190725,37.390105501384134,polygon_point
2528,77,Москва,внутригородская территория города федерального значения муниципальный округ Митино,45-367-000-000,55.844707799999995,37.368096017542385,polygon_point
2529,77,Москва,внутригородская территория города федерального значения муниципальный округ Покровское-Стрешнево,45-368-000-000,55.8250254,37.450400553454514,polygon_point
2530,77,Москва,внутригородская территория города федерального значения муниципальный округ Северное Тушино,45-369-000-000,55.8636562,37.428226145244714,polygon_point
2531,77,Москва,внутригородская территория города федерального значения муниципальный округ Строгино,45-370-000-000,55.800037149999994,37.41443189208492,polygon_point
2532,77,Москва,внутригородская территория города федерального значения муниципальный округ Хорошево-Мневники,45-371-000-000,55.7676291,37.50356254390716,polygon_point
2533,77,Москва,внутригородская территория города федерального значения муниципальный округ Щукино,45-372-000-000,55.800912,37.47229143038524,polygon_point
2534,77,Москва,внутригородская территория города федерального значения муниципальный округ Южное Тушино,45-373-000-000,55.84253525,37.43197272741345,polygon_point
2535,77,Москва,внутригородская территория города федерального значения муниципальный округ Арбат,45-374-000-000,55.751183,37.59169274344919,polygon_point
2536,77,Москва,внутригородская территория города федерального значения муниципальный округ Басманный,45-375-000-000,55.76647805,37.66410891440593,polygon_point
2537,77,Москва,внутригородская территория города федерального значения муниципальный округ Замоскворечье,45-376-000-000,55.73480435,37.63622820792203,polygon_point
2538,77,Москва,внутригородская территория города федерального значения муниципальное образование Савелки,45-377-000-000,55.985766600000005,37.24136950404086,polygon_point
2539,77,Москва,внутригородская территория города федерального значения муниципальный округ Красносельский,45-378-000-000,55.77645165,37.65554533802914,polygon_point
2540,77,Москва,внутригородская территория города федерального значения муниципальный округ Мещанский,45-379-000-000,55.77805295,37.629204727445455,polygon_point
2541,77,Москва,внутригородская территория города федерального значения муниципальный округ Пресненский,45-380-000-000,55.759997299999995,37.56622646339285,polygon_point
2542,77,Москва,внутригородская территория города федерального значения муниципальный округ Таганский,45-381-000-000,55.74019025,37.671427092246965,polygon_point
2543,77,Москва,внутригородская территория города федерального значения муниципальный округ Тверской,45-382-000-000,55.7697773,37.606836670796454,polygon_point
2544,77,Москва,внутригородская территория города федерального значения муниципальный округ Хамовники,45-383-000-000,55.730493499999994,37.57502459583758,polygon_point
2545,77,Москва,внутригородская территория города федерального значения муниципальный округ Якиманка,45-384-000-000,55.730051450000005,37.60978466697536,polygon_point
2546,77,Москва,внутригородская территория города федерального значения муниципальный округ Выхино-Жулебино,45-385-000-000,55.69839695,37.82433210666472,polygon_point
2547,77,Москва,внутригородская территория города федерального значения муниципальный округ Капотня,45-386-000-000,55.6407635,37.80392929269863,polygon_point
2548,77,Москва,внутригородская территория города федерального значения муниципальный округ Кузьминки,45-387-000-000,55.69831805,37.77170068898855,polygon_point
2549,77,Москва,внутригородская территория города федерального значения муниципальный округ Лефортово,45-388-000-000,55.75420325,37.69541273638627,polygon_point
2550,77,Москва,внутригородская территория города федерального значения муниципальный округ Люблино,45-389-000-000,55.674310000000006,37.782028218173124,polygon_point
2551,77,Москва,внутригородская территория города федерального значения муниципальный округ Марьино,45-390-000-000,55.6548284,37.747213478286646,polygon_point
2552,77,Москва,внутригородская территория города федерального значения муниципальный округ Некрасовка,45-391-000-000,55.6973427,37.94227013925728,polygon_point
2553,77,Москва,внутригородская территория города федерального значения муниципальный округ Нижегородский,45-392-000-000,55.73281215,37.729069346641154,polygon_point
2554,77,Москва,внутригородская территория города федерального значения муниципальный округ Печатники,45-393-000-000,55.68405415,37.72277272422427,polygon_point
2555,77,Москва,внутригородская территория города федерального значения муниципальный округ Рязанский,45-394-000-000,55.721194249999996,37.770677037652355,polygon_point
2556,77,Москва,внутригородская территория города федерального значения муниципальный округ Текстильщики,45-395-000-000,55.7067973,37.73780844802143,polygon_point
2557,77,Москва,внутригородская территория города федерального значения муниципальный округ Южнопортовый,45-396-000-000,55.71447735,37.67212079284408,polygon_point
2558,77,Москва,внутригородская территория города федерального значения муниципальный округ Академический,45-397-000-000,55.689314550000006,37.577918463545686,polygon_point
2559,77,Москва,внутригородская территория города федерального значения муниципальный округ Гагаринский,45-398-000-000,55.69814995,37.557893550646654,polygon_point
2560,77,Москва,внутригородская территория города федерального значения муниципальный округ Зюзино,45-901-000-000,55.654264,37.587024079824076,polygon_point
2561,77,Москва,внутригородская территория города федерального значения муниципальный округ Коньково,45-902-000-000,55.64046295,37.52564821898008,polygon_point
2562,77,Москва,внутригородская территория города федерального значения муниципальный округ Котловка,45-903-000-000,55.67779265,37.59688144600774,polygon_point
2563,77,Москва,внутригородская территория города федерального значения муниципальный округ Ломоносовский,45-904-000-000,55.679218399999996,37.53249698848548,polygon_point
2564,77,Москва,внутригородская территория города федерального значения муниципальный округ Обручевский,45-905-000-000,55.657642550000006,37.5204589482962,polygon_point
2565,77,Москва,внутригородская территория города федерального значения муниципальный округ Северное Бутово,45-906-000-000,55.568102350000004,37.57433194255548,polygon_point
2566,77,Москва,внутригородская территория города федерального значения муниципальный округ Теплый Стан,45-907-000-000,55.6291255,37.493291866261,polygon_point
2567,77,Москва,внутригородская территория города федерального значения муниципальный округ Черемушки,45-908-000-000,55.6651507,37.564751555853974,polygon_point
2568,77,Москва,внутригородская территория города федерального значения муниципальный округ Южное Бутово,45-909-000-000,55.525828849999996,37.54812993298485,polygon_point
2569,77,Москва,внутригородская территория города федерального значения муниципальный округ Ясенево,45-910-000-000,55.61570195,37.53818486025987,polygon_point
2570,77,Москва,внутригородская территория города федерального значения муниципальный округ Бирюлево Восточное,45-911-000-000,55.59677615,37.682214995136476,polygon_point
2571,77,Москва,внутригородская территория города федерального значения муниципальный округ Бирюлево Западное,45-912-000-000,55.59097665,37.63530445566829,polygon_point
2572,77,Москва,внутригородская территория города федерального значения муниципальный округ Братеево,45-913-000-000,55.6327305,37.75725202065985,polygon_point
2573,77,Москва,внутригородская территория города федерального значения муниципальный округ Даниловский,45-914-000-000,55.706758,37.63815993852231,polygon_point
2574,77,Москва,внутригородская территория города федерального значения муниципальный округ Донской,45-915-000-000,55.70525135,37.599402007275536,polygon_point
2575,77,Москва,внутригородская территория города федерального значения муниципальный округ Зябликово,45-916-000-000,55.6211068,37.7464762846473,polygon_point
2576,77,Москва,внутригородская территория города федерального значения муниципальный округ Москворечье-Сабурово,45-917-000-000,55.6429313,37.66013026651612,polygon_point
2577,77,Москва,внутригородская территория города федерального значения муниципальный округ Нагатино-Садовники,45-918-000-000,55.6718575,37.644622975481624,polygon_point
2578,77,Москва,внутригородская территория города федерального значения муниципальный округ Нагатинский затон,45-919-000-000,55.6754775,37.68106836866207,polygon_point
2579,77,Москва,внутригородская территория города федерального значения муниципальный округ Нагорный,45-920-000-000,55.665586399999995,37.616878024335485,polygon_point
2580,77,Москва,внутригородская территория города федерального значения муниципальный округ Орехово-Борисово Северное,45-921-000-000,55.620942299999996,37.70377423301449,polygon_point
2581,77,Москва,внутригородская территория города федерального значения муниципальный округ Орехово-Борисово Южное,45-922-000-000,55.603957449999996,37.72692999819195,polygon_point
2582,77,Москва,внутригородская территория города федерального значения муниципальный округ Царицыно,45-923-000-000,55.625825500000005,37.653823591837295,polygon_point
2583,77,Москва,внутригородская территория города федерального значения муниципальный округ Чертаново Северное,45-924-000-000,55.632936,37.60208813948011,polygon_point
2584,77,Москва,внутригородская территория города федерального значения муниципальный округ Чертаново Центральное,45-925-000-000,55.61442695,37.606495086854856,polygon_point
2585,77,Москва,внутригородская территория города федерального значения муниципальный округ Чертаново Южное,45-926-000-000,55.5883805,37.59599057807664,polygon_point
2586,77,Москва,внутригородская территория города федерального значения муниципальный округ Старое Крюково,45-927-000-000,55.98073535,37.19671695569146,polygon_point
2587,77,Москва,внутригородская территория города федерального значения городской округ Троицк,45-931-000-000,55.479412249999996,37.29803052194669,polygon_point
2588,77,Москва,внутригородская территория города федерального значения городской округ Щербинка,45-932-000-000,55.504737500000005,37.560492089203365,polygon_point
2589,77,Москва,внутригородская территория города федерального значения поселение Внуковское,45-941-000-000,55.633132599999996,37.294017156052846,polygon_point
2590,77,Москва,внутригородская территория города федерального значения поселение Воскресенское,45-942-000-000,55.5141447,37.445879530400276,polygon_point
2591,77,Москва,внутригородская территория города федерального значения поселение Вороновское,45-943-000-000,55.321132399999996,37.12198675784634,polygon_point
2592,77,Москва,внутригородская территория города федерального значения поселение Десеновское,45-944-000-000,55.5013688,37.36255545236347,polygon_point
2593,77,Москва,внутригородская территория города федерального значения поселение Киевский,45-945-000-000,55.385653,36.88688588477528,polygon_point
2594,77,Москва,внутригородская территория города федерального значения поселение Кленовское,45-946-000-000,55.2946123,37.32399489042963,polygon_point
2595,77,Москва,внутригородская территория города федерального значения поселение Кокошкино,45-947-000-000,55.60310285,37.159579389380866,polygon_point
2596,77,Москва,внутригородская территория города федерального значения поселение Краснопахорское,45-948-000-000,55.4171434,37.27218291354814,polygon_point
2597,77,Москва,внутригородская территория города федерального значения поселение Марушкинское,45-949-000-000,55.57954755,37.18017811146207,polygon_point
2598,77,Москва,внутригородская территория города федерального значения поселение Михайлово-Ярцевское,45-951-000-000,55.40271185,37.15274403672149,polygon_point
2599,77,Москва,внутригородская территория города федерального значения поселение Московский,45-952-000-000,55.6185629,37.386349815419834,polygon_point
2600,77,Москва,"внутригородская территория города федерального значения поселение Мосрентген""""",45-953-000-000,55.6187752,37.46926754230837,polygon_point
2601,77,Москва,внутригородская территория города федерального значения поселение Новофедоровское,45-954-000-000,55.43835815,37.00127565993151,polygon_point
2602,77,Москва,внутригородская территория города федерального значения поселение Первомайское,45-955-000-000,55.50190525,37.21275984377017,polygon_point
2603,77,Москва,внутригородская территория города федерального значения поселение Роговское,45-956-000-000,55.2290933,37.05519465465914,polygon_point
2604,77,Москва,внутригородская территория города федерального значения поселение Рязановское,45-957-000-000,55.478723099999996,37.505779026145376,polygon_point
2605,77,Москва,внутригородская территория города федерального значения поселение Сосенское,45-958-000-000,55.5740204,37.45658104304032,polygon_point
2606,77,Москва,внутригородская территория города федерального значения поселение Филимонковское,45-959-000-000,55.56884855,37.30956742236274,polygon_point
2607,77,Москва,внутригородская территория города федерального значения поселение Щаповское,45-961-000-000,55.384577699999994,37.38527174994181,polygon_point
2608,92,Севастополь,внутригородская территория города федерального значения Балаклавский муниципальный округ,67-302-000-000,44.54866095,33.614182902033164,polygon_point
2609,92,Севастополь,внутригородская территория города федерального значения город Инкерман,67-304-000-000,44.629095750000005,33.65542067201327,polygon_point
2610,92,Севастополь,внутригородская территория города федерального значения Орлиновский муниципальный округ,67-306-000-000,44.4657048,33.768105326319905,polygon_point
2611,92,Севастополь,внутригородская территория города федерального значения Терновский муниципальный округ,67-308-000-000,44.5624655,33.764421062636494,polygon_point
2612,92,Севастополь,внутригородская территория города федерального значения Гагаринский муниципальный округ,67-310-000-000,44.56388705,33.45965577353037,polygon_point
2613,92,Севастополь,внутригородская территория города федерального значения Ленинский муниципальный округ,67-312-000-000,44.58038115,33.51375447331634,polygon_point
2614,92,Севастополь,внутригородская территория города федерального значения Нахимовский муниципальный округ,67-314-000-000,44.629742500000006,33.55064022559354,polygon_point
2615,92,Севастополь,внутригородская территория города федерального значения Верхнесадовский муниципальный округ,67-316-000-000,44.68020035,33.66919563395039,polygon_point
2616,92,Севастополь,внутригородская территория города федерального значения Андреевский муниципальный округ,67-318-000-000,44.7959755,33.62575698046063,polygon_point
2617,92,Севастополь,внутригородская территория города федерального значения Качинский муниципальный округ,67-320-000-000,44.747519600000004,33.57746318706725,polygon_point
2619,76,Ярославская область,городской округ город Переславль-Залесский,78-705-000-000,56.7367178,38.8462714,admin_center
2620,59,Пермский край,городской округ Соликамский,57-730-000-000,59.649437,56.779594,admin_center
2621,59,Пермский край,городской округ город Березники,57-708-000-000,59.4084171,56.8036958,admin_center
934,31,Белгородская область,городской округ Алексеевский,14-710-000-000,50.6299364,38.6867154,admin_center
937,31,Белгородская область,городской округ Валуйский,14-720-000-000,50.2133886,38.0986967,admin_center
940,31,Белгородская область,городской округ Грайворонский,14-725-000-000,50.4837728,35.6712018,admin_center
946,31,Белгородская область,городской округ Новооскольский,14-735-000-000,50.764427,37.863338,admin_center
951,31,Белгородская область,городской округ Шебекинский,14-750-000-000,50.4575369,37.09559306934095,admin_center
952,31,Белгородская область,городской округ Яковлевский,14-755-000-000,50.785236,36.485428,admin_center
1498,50,Московская область,городской округ Ликино-Дулёво,46-749-000-000,55.7043101,38.9569091,admin_center
1492,50,Московская область,городской округ Клин,46-737-000-000,56.3355601,36.7351318,admin_center
1491,50,Московская область,городской округ Дмитровский,46-715-000-000,56.3450695,37.5200723,admin_center
1504,50,Московская область,городской округ Талдомский,46-778-000-000,56.730941,37.528016,admin_center
1496,50,Московская область,городской округ Богородский,46-751-000-000,55.8553511,38.4411898,admin_center
2121,69,Тверская область,городской округ Кашинский,28-758-000-000,57.361755,37.611454,admin_center
2131,69,Тверская область,городской округ Нелидовский,28-759-000-000,56.226097,32.771111,admin_center
1184,39,Калининградская область,городской округ Балтийский,27-705-000-000,54.6437214,19.8941584,admin_center
1190,39,Калининградская область,городской округ Светлогорский,27-734-000-000,54.9417552,20.1550863,admin_center
745,59,Пермский край,городской округ город Кизел,57-719-000-000,59.049252,57.6535,admin_center
748,59,Пермский край,городской округ Краснокамский,57-720-000-000,58.0812613,55.7586943,admin_center
740,59,Пермский край,городской округ Гремячинский,57-715-000-000,58.5669663,57.8504049,admin_center
755,59,Пермский край,городской округ Оханский,57-729-000-000,57.721785,55.3859893,admin_center
739,59,Пермский край,городской округ Горнозаводский,57-714-000-000,58.374001,58.325058,admin_center
763,59,Пермский край,городской округ Чайковский,57-735-000-000,56.7787468,54.1500704,admin_center
2644,50,Московская область,городской округ Серпухов,46-770-000-000,54.9155247,37.4195533,admin_center
1495,50,Московская область,городской округ Можайский,46-745-000-000,55.5095679,35.986899,admin_center
2646,40,Калужская область,городской округ город Обнинск,29-715-000-000,55.0951738,36.611913,admin_center
2647,40,Калужская область,Боровский муниципальный район,29-606-000-000,55.2049516,36.48485294979915,admin_center
2648,50,Московская область,городской округ Лосино-Петровский,46-742-000-000,55.8705593,38.2032701,admin_center
2650,32,Брянская область,городской округ Новозыбковский,15-720-000-000,52.537086,31.93367,admin_center
2651,50,Московская область,городской округ Одинцовский,46-755-000-000,55.678223,37.2668096,admin_center
2652,50,Московская область,городской округ Орехово-Зуевский,46-757-000-000,55.8083278,38.9790038,admin_center
1503,50,Московская область,городской округ Солнечногорск,46-771-000-000,56.1853501,36.9781536,admin_center
1501,50,Московская область,городской округ Сергиево-Посадский,46-728-000-000,56.3153284,38.1359898,admin_center
1490,50,Московская область,городской округ Воскресенск,46-710-000-000,55.322518,38.6816824,admin_center
1500,50,Московская область,городской округ Раменский,46-768-000-000,55.5709361,38.2282099,admin_center
1499,50,Московская область,городской округ Пушкинский,46-758-000-000,56.0104274,37.8461892,admin_center
1489,50,Московская область,городской округ Волоколамский,46-708-000-000,56.0360129,35.9583358,admin_center
1494,50,Московская область,городской округ Лотошино,46-752-000-000,56.228891,35.6399029,admin_center
2114,69,Тверская область,муниципальный округ Весьегонский,28-510-000-000,58.6637264,37.2626496,admin_center
2110,69,Тверская область,муниципальный округ Андреапольский,28-502-000-000,56.646801,32.26532,admin_center
747,59,Пермский край,городской округ Красновишерский,57-760-000-000,60.4017837,57.0767045,admin_center
738,59,Пермский край,городской округ Верещагинский,57-712-000-000,58.072099,54.6674784,admin_center
754,59,Пермский край,городской округ Осинский,57-728-000-000,57.2829207,55.4602059,admin_center
766,59,Пермский край,городской округ Чернушинский,57-757-000-000,56.5152817,56.0765041,admin_center
760,59,Пермский край,городской округ Суксунский,57-731-000-000,57.1463922,57.3951339,admin_center
741,59,Пермский край,городской округ Добрянский,57-718-000-000,58.4624764,56.4007589,admin_center
743,59,Пермский край,городской округ Ильинский,57-759-000-000,58.56762465,55.69450970007735,admin_center
752,59,Пермский край,городской округ Октябрьский,57-761-000-000,56.5143078,57.2035567,admin_center
756,59,Пермский край,городской округ Очерский,57-762-000-000,57.8836175,54.715823,admin_center
765,59,Пермский край,городской округ Чердынский,57-756-000-000,60.4046807,56.4752752,admin_center
767,59,Пермский край,городской округ Чусовской,57-758-000-000,58.282055,57.821075,admin_center
751,59,Пермский край,городской округ Нытвенский,57-727-000-000,57.943423,55.3316349,admin_center
734,59,Пермский край,муниципальный округ Александровский,57-502-000-000,59.1593861,57.5861232,admin_center
736,59,Пермский край,муниципальный округ Березовский,57-506-000-000,57.6026326,57.333067,admin_center
753,59,Пермский край,муниципальный округ Ординский,57-538-000-000,57.19532845000001,56.90325538019961,admin_center
769,59,Пермский край,муниципальный округ Гайнский,57-513-000-000,60.304131,54.327332,admin_center
771,59,Пермский край,муниципальный округ Кочевский,57-526-000-000,59.60936735,54.32639043781445,admin_center
772,59,Пермский край,муниципальный округ Кудымкарский,57-528-000-000,59.014606,54.664135,admin_center
768,59,Пермский край,городской округ город Кудымкар,57-721-000-000,59.014606,54.664135,admin_center
773,59,Пермский край,муниципальный округ Юрлинский,57-559-000-000,59.3286875,54.3246555,admin_center
774,59,Пермский край,муниципальный округ Юсьвинский,57-560-000-000,58.964665,54.9605745,admin_center
761,59,Пермский край,муниципальный округ Уинский,57-552-000-000,56.87829735,56.56837437378221,admin_center
770,59,Пермский край,муниципальный округ Косинский,57-525-000-000,59.944386,54.989826,admin_center
1550,52,Нижегородская область,городской округ Воротынский,22-719-000-000,56.0604696,45.862528,admin_center
2201,72,Тюменская область,городской округ Голышмановский,71-702-000-000,56.3955,68.375,admin_center
713,24,Красноярский край,Пировский муниципальный округ,04-545-000-000,57.624046,92.272644,admin_center
724,24,Красноярский край,Шарыповский муниципальный округ,04-558-000-000,55.5329127,89.1864204,admin_center
1242,42,Кемеровская область,Ижморский муниципальный округ,32-504-000-000,56.192169,86.637169,admin_center
1243,42,Кемеровская область,Кемеровский муниципальный округ,32-507-000-000,55.3550907,86.0871213,admin_center
1244,42,Кемеровская область,Крапивинский муниципальный округ,32-510-000-000,55.003925,86.805855,admin_center
1245,42,Кемеровская область,Ленинск-Кузнецкий муниципальный округ,32-513-000-000,54.665443,86.166115,admin_center
1248,42,Кемеровская область,Прокопьевский муниципальный округ,32-522-000-000,53.8879117,86.7492072,admin_center
1249,42,Кемеровская область,Промышленновский муниципальный округ,32-525-000-000,54.918655,85.6380293,admin_center
1252,42,Кемеровская область,Топкинский муниципальный округ,32-531-000-000,55.2751962,85.6228741,admin_center
1253,42,Кемеровская область,Тяжинский муниципальный округ,32-534-000-000,56.1139351,88.5171814,admin_center
1254,42,Кемеровская область,Чебулинский муниципальный округ,32-537-000-000,56.0330343,87.6220223,admin_center
1255,42,Кемеровская область,Юргинский муниципальный округ,32-540-000-000,55.7136,84.934799,admin_center
1256,42,Кемеровская область,Яйский муниципальный округ,32-543-000-000,56.2020084,86.4485361,admin_center
1257,42,Кемеровская область,Яшкинский муниципальный округ,32-546-000-000,55.8717888,85.4380316,admin_center
1241,42,Кемеровская область,Гурьевский муниципальный округ,32-502-000-000,54.284954,85.931091,admin_center
787,25,Приморский край,Анучинский муниципальный округ,05-502-000-000,43.9656156,133.0606584,admin_center
798,25,Приморский край,Пограничный муниципальный округ,05-532-000-000,44.4031151,131.382506,admin_center
806,25,Приморский край,Чугуевский муниципальный округ,05-555-000-000,44.1686667,133.8729678,admin_center
473,20,Чеченская Республика,Серноводский муниципальный район,96-631-000-000,43.315834,45.163658,admin_center
2132,69,Тверская область,муниципальный округ Оленинский,28-544-000-000,56.208992,33.480034,admin_center
2649,50,Московская область,городской округ Щёлково,46-788-000-000,55.9206499,37.9915576,admin_center
2710,69,Тверская область,городской округ Вышневолоцкий,28-714-000-000,57.5883648,34.5720732,admin_center
2373,78,Санкт-Петербург,внутригородская территория города федерального значения муниципальный округ Ланское,40-323-000-000,59.99019175,30.3091342599138,polygon_point
1913,64,Саратовская область,городской округ поселок Михайловский,63-760-000-000,51.76791,48.587875,admin_center
1912,64,Саратовская область,городской округ город Шиханы,63-746-000-000,52.114838,47.198475,admin_center
2714,32,Брянская область,муниципальный округ Стародубский,15-501-000-000,52.584446,32.760098,admin_center
966,32,Брянская область,муниципальный округ Жуковский,15-502-000-000,53.5329608,33.7320863,admin_center
1493,50,Московская область,городской округ Ленинский,46-707-000-000,55.5571496,37.7087142,admin_center
2127,69,Тверская область,муниципальный округ Лесной,28-536-000-000,58.2846441,35.5248456,admin_center
2117,69,Тверская область,муниципальный округ Западнодвинский,28-516-000-000,56.2588287,32.0707122,admin_center
2133,69,Тверская область,муниципальный округ Пеновский,28-546-000-000,56.92379,32.744606,admin_center
2136,69,Тверская область,муниципальный округ Сандовский,28-549-000-000,58.461376,36.411373,admin_center
2125,69,Тверская область,муниципальный округ Краснохолмский,28-532-000-000,58.056507,37.114731,admin_center
2137,69,Тверская область,муниципальный округ Селижаровский,28-550-000-000,56.855633,33.452286,admin_center
899,29,Архангельская область,муниципальный округ Вилегодский,11-511-000-000,61.115704,47.97831,admin_center
901,29,Архангельская область,муниципальный округ Каргопольский,11-518-000-000,61.509121,38.940796,admin_center
1183,39,Калининградская область,муниципальный округ Багратионовский,27-503-000-000,54.3868191,20.6405124,admin_center
1185,39,Калининградская область,муниципальный округ Гвардейский,27-506-000-000,54.6478265,21.0719431,admin_center
1186,39,Калининградская область,муниципальный округ Гурьевский,27-507-000-000,54.7745571,20.6037041,admin_center
1188,39,Калининградская область,муниципальный округ Зеленоградский,27-510-000-000,54.9600365,20.4750188,admin_center
1189,39,Калининградская область,муниципальный округ Краснознаменский,27-513-000-000,54.9415225,22.4912976,admin_center
1191,39,Калининградская область,муниципальный округ Неманский,27-514-000-000,55.0359656,22.0293578,admin_center
1192,39,Калининградская область,муниципальный округ Нестеровский,27-515-000-000,54.6325455,22.5710998,admin_center
1193,39,Калининградская область,муниципальный округ Озерский,27-516-000-000,54.408741,22.014359,admin_center
1194,39,Калининградская область,муниципальный округ Полесский,27-518-000-000,54.8627556,21.1098591,admin_center
1195,39,Калининградская область,муниципальный округ Правдинский,27-519-000-000,54.447144,21.01399,admin_center
1196,39,Калининградская область,муниципальный округ Славский,27-527-000-000,55.04549,21.679073,admin_center
1197,39,Калининградская область,муниципальный округ Черняховский,27-539-000-000,54.635533,21.8099822,admin_center
1521,51,Мурманская область,Печенгский муниципальный округ,47-515-000-000,69.4062217,30.2114216,admin_center
1512,51,Мурманская область,Ковдорский муниципальный округ,47-517-000-000,67.563049,30.474108,admin_center
1507,51,Мурманская область,муниципальный округ город Апатиты,47-519-000-000,67.568626,33.404392,admin_center
1508,51,Мурманская область,муниципальный округ город Кировск,47-522-000-000,67.6151331,33.6637527,admin_center
1509,51,Мурманская область,муниципальный округ город Мончегорск,47-524-000-000,67.939903,32.931679,admin_center
1510,51,Мурманская область,муниципальный округ город Оленегорск,47-526-000-000,68.140732,33.282597,admin_center
1511,51,Мурманская область,муниципальный округ город Полярные Зори,47-528-000-000,67.3659225,32.5010277,admin_center
1593,53,Новгородская область,муниципальный округ Хвойнинский,49-545-000-000,58.8960621,34.5121844,admin_center
1584,53,Новгородская область,муниципальный округ Марёвский,49-523-000-000,57.315285,32.082283,admin_center
1579,53,Новгородская область,муниципальный округ Волотовский,49-510-000-000,57.9301007,30.7090808,admin_center
1591,53,Новгородская область,муниципальный округ Солецкий,49-538-000-000,58.119003,30.309679,admin_center
2748,23,Краснодарский край,городской округ Сириус,03-731-000-000,43.40670875,39.96542261224943,admin_center
826,26,Ставропольский край,Александровский муниципальный округ,07-502-000-000,44.7124773,43.0005,admin_center
827,26,Ставропольский край,Андроповский муниципальный округ,07-503-000-000,44.4616429,42.5082311,admin_center
828,26,Ставропольский край,Апанасенковский муниципальный округ,07-505-000-000,45.910305,43.341801,admin_center
829,26,Ставропольский край,Арзгирский муниципальный округ,07-507-000-000,45.369194,44.212685,admin_center
830,26,Ставропольский край,Будённовский муниципальный округ,07-512-000-000,44.780533,44.163357,admin_center
831,26,Ставропольский край,Грачёвский муниципальный округ,07-517-000-000,45.2028215,42.3990568,admin_center
832,26,Ставропольский край,Кочубеевский муниципальный округ,07-528-000-000,44.6867318,41.825956,admin_center
834,26,Ставропольский край,Курский муниципальный округ,07-533-000-000,44.0431414,44.4625266,admin_center
835,26,Ставропольский край,Левокумский муниципальный округ,07-536-000-000,44.822536,44.660427,admin_center
836,26,Ставропольский край,Новоселицкий муниципальный округ,07-544-000-000,44.7564658,43.434083,admin_center
837,26,Ставропольский край,Предгорный муниципальный округ,07-548-000-000,44.0216516,42.8742331,admin_center
838,26,Ставропольский край,Степновский муниципальный округ,07-552-000-000,44.2688631,44.5944095,admin_center
839,26,Ставропольский край,Труновский муниципальный округ,07-554-000-000,45.4548156,41.9756382,admin_center
840,26,Ставропольский край,Туркменский муниципальный округ,07-556-000-000,45.426357,43.44257,admin_center
841,26,Ставропольский край,Шпаковский муниципальный округ,07-558-000-000,45.1324913,42.0263304,admin_center
735,59,Пермский край,муниципальный округ Бардымский,57-503-000-000,56.930187,55.586967,admin_center
742,59,Пермский край,муниципальный округ Еловский,57-518-000-000,57.04635035,54.92345971818599,admin_center
746,59,Пермский край,муниципальный округ Кишертский,57-524-000-000,57.3599717,57.2471775,admin_center
764,59,Пермский край,муниципальный округ Частинский,57-555-000-000,57.29295159999999,54.96425968947727,admin_center
749,59,Пермский край,муниципальный округ Куединский,57-529-000-000,56.433506,55.590763,admin_center
758,59,Пермский край,муниципальный округ Сивинский,57-548-000-000,58.4277655,54.205753,admin_center
744,59,Пермский край,муниципальный округ Карагайский,57-522-000-000,58.265579,54.927208,admin_center
1264,43,Кировская область,муниципальный округ Арбажский,33-502-000-000,57.6793484,48.3035946,admin_center
1273,43,Кировская область,муниципальный округ Кикнурский,33-516-000-000,57.3049331,47.2089404,admin_center
1292,43,Кировская область,муниципальный округ Свечинский,33-534-000-000,58.277,47.512543,admin_center
1299,43,Кировская область,муниципальный округ Фаленский,33-543-000-000,58.3553667,51.5965834,admin_center
1267,43,Кировская область,муниципальный округ Богородский,33-506-000-000,57.8316459,50.7512195,admin_center
1291,43,Кировская область,муниципальный округ Санчурский,33-533-000-000,56.9404036,47.2526947,admin_center
1572,52,Нижегородская область,Уренский муниципальный округ,22-554-000-000,57.4614974,45.7878911,admin_center
1539,52,Нижегородская область,Балахнинский муниципальный округ,22-505-000-000,56.4870505,43.6039553,admin_center
1540,52,Нижегородская область,Богородский муниципальный округ,22-507-000-000,56.103416,43.516819,admin_center
1543,52,Нижегородская область,Бутурлинский муниципальный округ,22-512-000-000,55.568863,44.891453,admin_center
1544,52,Нижегородская область,Вадский муниципальный округ,22-514-000-000,55.5313789,44.2092517,admin_center
1557,52,Нижегородская область,Ковернинский муниципальный округ,22-534-000-000,57.12611,43.816387,admin_center
1562,52,Нижегородская область,Лысковский муниципальный округ,22-540-000-000,56.027885,45.038315,admin_center
1563,52,Нижегородская область,Павловский муниципальный округ,22-542-000-000,55.965137,43.071114,admin_center
1565,52,Нижегородская область,Починковский муниципальный округ,22-546-000-000,54.6974517,44.8612893,admin_center
1571,52,Нижегородская область,Тоншаевский муниципальный округ,22-553-000-000,57.732841,47.011944,admin_center
1356,45,Курганская область,муниципальный округ Шумихинский,37-542-000-000,55.228207,63.282501,admin_center
1345,45,Курганская область,муниципальный округ Макушинский,37-520-000-000,55.208321,67.252739,admin_center
2245,89,Ямало-Ненецкий автономный округ,муниципальный округ Надымский район,71-936-000-000,65.532,72.52,admin_center
2247,89,Ямало-Ненецкий автономный округ,муниципальный округ Пуровский район,71-940-000-000,64.9219991,77.779459,admin_center
2248,89,Ямало-Ненецкий автономный округ,муниципальный округ Тазовский район,71-943-000-000,67.4735321,78.7149206,admin_center
721,24,Красноярский край,Тюхтетский муниципальный округ,04-555-000-000,56.539837,89.311485,admin_center
1251,42,Кемеровская область,Тисульский муниципальный округ,32-528-000-000,55.763851,88.3130216,admin_center
594,75,Забайкальский край,Приаргунский муниципальный округ,76-538-000-000,50.365902,119.090134,admin_center
582,75,Забайкальский край,Каларский муниципальный округ,76-515-000-000,56.797935,118.2732323,admin_center
610,41,Камчатский край,Алеутский муниципальный округ,30-501-000-000,55.1979733,165.9969098,admin_center
804,25,Приморский край,Хорольский муниципальный округ,05-550-000-000,44.4252585,132.0816616,admin_center
795,25,Приморский край,Октябрьский муниципальный округ,05-526-000-000,43.9524657,131.6329635,admin_center
792,25,Приморский край,Лазовский муниципальный округ,05-517-000-000,43.384794,133.9054043,admin_center
802,25,Приморский край,Ханкайский муниципальный округ,05-546-000-000,44.7421984,132.0467903,admin_center
801,25,Приморский край,Тернейский муниципальный округ,05-540-000-000,45.0504046,136.6137293,admin_center
871,28,Амурская область,Белогорский муниципальный округ,10-508-000-000,50.921326,128.47287,admin_center
874,28,Амурская область,Завитинский муниципальный округ,10-521-000-000,50.111154,129.4402341,admin_center
873,28,Амурская область,Бурейский муниципальный округ,10-515-000-000,49.7939604,129.8734105,admin_center
876,28,Амурская область,Ивановский муниципальный округ,10-528-000-000,50.358143,128.003128,admin_center
882,28,Амурская область,Ромненский муниципальный округ,10-540-000-000,50.718391,129.290924,admin_center
888,28,Амурская область,Тындинский муниципальный округ,10-554-000-000,55.149694,124.7375884,admin_center
2808,50,Московская область,городской округ Коломна,46-738-000-000,55.0938743,38.7670121,admin_center
2809,59,Пермский край,муниципальный округ Кунгурский,57-530-000-000,57.4397771,56.9266073,admin_center
833,26,Ставропольский край,Красногвардейский муниципальный округ,07-530-000-000,45.840508,41.514591,admin_center
1555,52,Нижегородская область,Дивеевский муниципальный округ,22-532-000-000,55.041687,43.245518,admin_center
2812,23,Краснодарский край,городской округ город-курорт Сочи,03-726-000-000,43.5854823,39.723109,admin_center
2813,50,Московская область,городской округ Шатура,46-786-000-000,55.578403,39.5437584,admin_center
2814,50,Московская область,городской округ Пушкинский,46-758-000-000,56.0104274,37.8461892,admin_center
1320,44,Костромская область,Нейский муниципальный округ,34-524-000-000,58.2940908,43.8609201,admin_center
1325,44,Костромская область,Парфеньевский муниципальный округ,34-534-000-000,58.4799889,43.4086182,admin_center
1319,44,Костромская область,Межевской муниципальный округ,34-522-000-000,58.7303454,45.0299127,admin_center
1314,44,Костромская область,Кологривский муниципальный округ,34-512-000-000,58.825497,44.311275,admin_center
1726,57,Орловская область,муниципальный округ Орловский,54-501-000-000,52.96801714999999,36.09949941816104,admin_center
2128,69,Тверская область,муниципальный округ Лихославльский,28-538-000-000,57.1244437,35.4665276,admin_center
2134,69,Тверская область,муниципальный округ Рамешковский,28-547-000-000,57.3453001,36.0453999,admin_center
2139,69,Тверская область,муниципальный округ Спировский,28-552-000-000,57.4215311,34.9932788,admin_center
2130,69,Тверская область,муниципальный округ Молоковский,28-542-000-000,58.1630255,36.7661137,admin_center
911,29,Архангельская область,Плесецкий муниципальный округ,11-550-000-000,62.709524,40.2843885,admin_center
898,29,Архангельская область,Верхнетоемский муниципальный округ,11-508-000-000,62.2353641,45.0007897,admin_center
900,29,Архангельская область,Виноградовский муниципальный округ,11-514-000-000,62.855541,42.710133,admin_center
423,18,Удмуртская Республика,муниципальный округ Алнашский район,94-502-000-000,56.1848812,52.4755309,admin_center
424,18,Удмуртская Республика,муниципальный округ Балезинский район,94-504-000-000,57.9745686,53.0111891,admin_center
425,18,Удмуртская Республика,муниципальный округ Вавожский район,94-506-000-000,56.7676129,51.9313766,admin_center
426,18,Удмуртская Республика,муниципальный округ Воткинский район,94-508-000-000,57.03096265,53.95290987149551,admin_center
427,18,Удмуртская Республика,муниципальный округ Глазовский район,94-510-000-000,58.1401196,52.6464388,admin_center
428,18,Удмуртская Республика,муниципальный округ Граховский район,94-512-000-000,56.0468999,51.9629501,admin_center
429,18,Удмуртская Республика,муниципальный округ Дебёсский район,94-514-000-000,57.652351,53.806393,admin_center
430,18,Удмуртская Республика,муниципальный округ Завьяловский район,94-516-000-000,56.784662,53.3776005,admin_center
431,18,Удмуртская Республика,муниципальный округ Игринский район,94-518-000-000,57.5391501,53.0808519,admin_center
432,18,Удмуртская Республика,муниципальный округ Камбарский район,94-520-000-000,56.2652515,54.1945613,admin_center
433,18,Удмуртская Республика,муниципальный округ Каракулинский район,94-522-000-000,56.0105232,53.705165,admin_center
434,18,Удмуртская Республика,муниципальный округ Кезский район,94-524-000-000,57.8965573,53.7140134,admin_center
435,18,Удмуртская Республика,муниципальный округ Кизнерский район,94-526-000-000,56.2850255,51.5192626,admin_center
436,18,Удмуртская Республика,муниципальный округ Киясовский район,94-528-000-000,56.3438804,53.1247526,admin_center
437,18,Удмуртская Республика,муниципальный округ Красногорский район,94-530-000-000,57.703725,52.501841,admin_center
438,18,Удмуртская Республика,муниципальный округ Малопургинский район,94-533-000-000,56.5495455,53.0055085,admin_center
439,18,Удмуртская Республика,муниципальный округ Можгинский район,94-535-000-000,56.44903635,52.21859474400328,admin_center
440,18,Удмуртская Республика,муниципальный округ Сарапульский район,94-537-000-000,56.4216058,53.7753696,admin_center
441,18,Удмуртская Республика,муниципальный округ Селтинский район,94-539-000-000,57.3094964,52.1381468,admin_center
442,18,Удмуртская Республика,муниципальный округ Сюмсинский район,94-541-000-000,57.1081378,51.6147316,admin_center
443,18,Удмуртская Республика,муниципальный округ Увинский район,94-544-000-000,56.9826616,52.1884394,admin_center
444,18,Удмуртская Республика,муниципальный округ Шарканский район,94-546-000-000,57.295315,53.869011,admin_center
445,18,Удмуртская Республика,муниципальный округ Юкаменский район,94-548-000-000,57.8865761,52.2473098,admin_center
446,18,Удмуртская Республика,муниципальный округ Якшур-Бодьинский район,94-550-000-000,57.1842484,53.1544847,admin_center
447,18,Удмуртская Республика,муниципальный округ Ярский район,94-552-000-000,58.2442424,52.1079326,admin_center
491,21,Чувашская Республика,Красноармейский муниципальный округ,97-524-000-000,55.7679252,47.1684942,admin_center
500,21,Чувашская Республика,Шумерлинский муниципальный округ,97-550-000-000,55.4985162,46.4186725,admin_center
737,59,Пермский край,муниципальный округ Большесосновский,57-508-000-000,57.671268,54.602867,admin_center
1268,43,Кировская область,муниципальный округ Верхнекамский,33-507-000-000,59.3398971,52.2418232,admin_center
1278,43,Кировская область,муниципальный округ Лебяжский,33-521-000-000,57.4095434,49.5276891,admin_center
1279,43,Кировская область,муниципальный округ Лузский,33-522-000-000,60.6306233,47.2549261,admin_center
1281,43,Кировская область,муниципальный округ Мурашинский,33-524-000-000,59.3951018,48.9644445,admin_center
1283,43,Кировская область,муниципальный округ Немский,33-526-000-000,57.5052656,50.5021661,admin_center
1286,43,Кировская область,муниципальный округ Опаринский,33-529-000-000,59.8516589,48.2777768,admin_center
1289,43,Кировская область,муниципальный округ Пижанский,33-531-000-000,57.460224,48.533832,admin_center
1297,43,Кировская область,муниципальный округ Унинский,33-540-000-000,57.7543697,51.4895258,admin_center
1560,52,Нижегородская область,Кстовский муниципальный округ,22-537-000-000,56.149551,44.198032,admin_center
1344,45,Курганская область,Лебяжьевский муниципальный округ,37-518-000-000,55.273006,66.502243,admin_center
1343,45,Курганская область,Куртамышский муниципальный округ,37-516-000-000,54.9095859,64.4283925,admin_center
1355,45,Курганская область,Шатровский муниципальный округ,37-540-000-000,56.519569,64.634209,admin_center
1348,45,Курганская область,Петуховский муниципальный округ,37-526-000-000,55.065,67.88736,admin_center
1335,45,Курганская область,Альменевский муниципальный округ,37-502-000-000,54.942505,63.578785,admin_center
1352,45,Курганская область,Целинный муниципальный округ,37-534-000-000,54.50412,63.664242,admin_center
2244,89,Ямало-Ненецкий автономный округ,муниципальный округ Красноселькупский район,71-933-000-000,65.704239,82.458855,admin_center
2250,89,Ямало-Ненецкий автономный округ,муниципальный округ Ямальский район,71-948-000-000,66.865563,70.83653,admin_center
2872,89,Ямало-Ненецкий автономный округ,муниципальный округ Приуральский район,71-938-000-000,66.5582332,67.8051987,admin_center
525,22,Алтайский край,Залесовский муниципальный округ,01-512-000-000,53.9933512,84.7466139,admin_center
1240,42,Кемеровская область,Беловский муниципальный округ,32-501-000-000,54.412445,86.399742,admin_center
1246,42,Кемеровская область,Мариинский муниципальный округ,32-516-000-000,56.206299,87.751259,admin_center
2876,26,Ставропольский край,городской округ город-курорт Кисловодск,07-715-000-000,43.9128743,42.7192186,admin_center
2877,64,Саратовская область,городской округ город Саратов,63-701-000-000,51.530018,46.034683,admin_center
2878,64,Саратовская область,Саратовский муниципальный район,63-643-000-000,51.530018,46.034683,admin_center
2879,89,Ямало-Ненецкий автономный округ,городской округ город Губкинский,71-952-000-000,64.4337824,76.4898086,admin_center
2880,89,Ямало-Ненецкий автономный округ,городской округ город Лабытнанги,71-953-000-000,66.6888835,66.4347161435694,admin_center
2881,26,Ставропольский край,Предгорный муниципальный округ,07-548-000-000,44.0216516,42.8742331,admin_center
2882,89,Ямало-Ненецкий автономный округ,муниципальный округ Пуровский район,71-940-000-000,64.9219991,77.779459,admin_center
2883,69,Тверская область,муниципальный округ Кимрский,28-528-000-000,56.8734395,37.3556968,admin_center
2884,69,Тверская область,муниципальный округ Ржевский,28-548-000-000,56.2565207,34.328649,admin_center
2885,59,Пермский край,муниципальный округ Кудымкарский,57-528-000-000,59.014606,54.664135,admin_center
2886,59,Пермский край,муниципальный округ Губахинский,57-516-000-000,58.842407,57.555058,admin_center
2887,64,Саратовская область,городской округ город Саратов,63-701-000-000,51.530018,46.034683,admin_center
1326,44,Костромская область,Поназыревский муниципальный округ,34-536-000-000,58.358154,46.317429,admin_center
1327,44,Костромская область,Пыщугский муниципальный округ,34-538-000-000,59.0104505,45.6111145,admin_center
2112,69,Тверская область,муниципальный округ Бельский,28-506-000-000,55.833073,32.939487,admin_center
2118,69,Тверская область,муниципальный округ Зубцовский,28-518-000-000,56.170071,34.585182,admin_center
2122,69,Тверская область,муниципальный округ Кесовогорский,28-526-000-000,57.579342,37.295616,admin_center
2129,69,Тверская область,муниципальный округ Максатихинский,28-540-000-000,57.797325,35.87904,admin_center
2138,69,Тверская область,муниципальный округ Сонковский,28-551-000-000,57.7809325,37.1653992,admin_center
2140,69,Тверская область,муниципальный округ Старицкий,28-553-000-000,56.5081105,34.9314738,admin_center
2116,69,Тверская область,муниципальный округ Жарковский,28-514-000-000,55.8479449,32.2626969,admin_center
223,10,Республика Карелия,Суоярвский муниципальный округ,86-550-000-000,62.0820094,32.345856,admin_center
907,29,Архангельская область,Мезенский муниципальный округ,11-542-000-000,65.843956,44.244141,admin_center
915,29,Архангельская область,Шенкурский муниципальный округ,11-558-000-000,62.1059279,42.9076435,admin_center
906,29,Архангельская область,Лешуконский муниципальный округ,11-538-000-000,64.902481,45.767242,admin_center
903,29,Архангельская область,Котласский муниципальный округ,11-527-000-000,61.252151,46.647629,admin_center
914,29,Архангельская область,Холмогорский муниципальный округ,11-556-000-000,64.2270008,41.6512435,admin_center
908,29,Архангельская область,Няндомский муниципальный округ,11-544-000-000,61.6612985,40.1970404,admin_center
913,29,Архангельская область,Устьянский муниципальный округ,11-554-000-000,61.090485,43.171482,admin_center
1047,35,Вологодская область,Бабаевский муниципальный округ,19-505-000-000,59.3887129,35.9499951,admin_center
1048,35,Вологодская область,Бабушкинский муниципальный округ,19-508-000-000,59.7567364,43.1335636,admin_center
1049,35,Вологодская область,Белозерский муниципальный округ,19-510-000-000,60.03199,37.7842189,admin_center
1051,35,Вологодская область,Великоустюгский муниципальный округ,19-514-000-000,60.7612852,46.3014666,admin_center
1052,35,Вологодская область,Верховажский муниципальный округ,19-516-000-000,60.7451617,42.047316,admin_center
1053,35,Вологодская область,Вожегодский муниципальный округ,19-518-000-000,60.4736301,40.2121613,admin_center
1054,35,Вологодская область,Вологодский муниципальный округ,19-520-000-000,59.2189391,39.8933913,admin_center
1056,35,Вологодская область,Грязовецкий муниципальный округ,19-524-000-000,58.8841692,40.2515006,admin_center
1057,35,Вологодская область,Кадуйский муниципальный округ,19-526-000-000,59.199219,37.148609,admin_center
1059,35,Вологодская область,Кичменгско-Городецкий муниципальный округ,19-530-000-000,59.9923379,45.8055674,admin_center
1060,35,Вологодская область,Междуреченский муниципальный округ,19-532-000-000,59.3746522,41.0282183,admin_center
1062,35,Вологодская область,Нюксенский муниципальный округ,19-536-000-000,60.419796,44.254551,admin_center
1063,35,Вологодская область,Сокольский муниципальный округ,19-538-000-000,59.462799,40.112858,admin_center
1064,35,Вологодская область,Сямженский муниципальный округ,19-540-000-000,60.021656,41.060516,admin_center
1065,35,Вологодская область,Тарногский муниципальный округ,19-542-000-000,60.50661565,43.56205408043196,admin_center
1066,35,Вологодская область,Тотемский муниципальный округ,19-546-000-000,59.9736254,42.7587335,admin_center
1067,35,Вологодская область,Усть-Кубинский муниципальный округ,19-548-000-000,59.631699,39.726299,admin_center
1068,35,Вологодская область,Устюженский муниципальный округ,19-550-000-000,58.8428204,36.4296982,admin_center
1069,35,Вологодская область,Харовский муниципальный округ,19-552-000-000,59.9533237,40.2068249,admin_center
483,21,Чувашская Республика,Алатырский муниципальный округ,97-503-000-000,54.84582955,46.5627484284573,admin_center
484,21,Чувашская Республика,Аликовский муниципальный округ,97-505-000-000,55.7393757,46.7465335,admin_center
485,21,Чувашская Республика,Батыревский муниципальный округ,97-507-000-000,55.0681559,47.6042007,admin_center
486,21,Чувашская Республика,Вурнарский муниципальный округ,97-510-000-000,55.4917095,46.9529003,admin_center
487,21,Чувашская Республика,Ибресинский муниципальный округ,97-513-000-000,55.3043004,47.0389112,admin_center
488,21,Чувашская Республика,Канашский муниципальный округ,97-516-000-000,55.5148161,47.49863071889008,admin_center
489,21,Чувашская Республика,Козловский муниципальный округ,97-519-000-000,55.8414764,48.2484231,admin_center
490,21,Чувашская Республика,Комсомольский муниципальный округ,97-521-000-000,55.2622657,47.5455999,admin_center
492,21,Чувашская Республика,Красночетайский муниципальный округ,97-526-000-000,55.6988225,46.1593707,admin_center
493,21,Чувашская Республика,Мариинско-Посадский муниципальный округ,97-529-000-000,56.1178077,47.7220654,admin_center
494,21,Чувашская Республика,Моргаушский муниципальный округ,97-532-000-000,55.9642116,46.7687775,admin_center
495,21,Чувашская Республика,Порецкий муниципальный округ,97-535-000-000,55.1989448,46.3261836,admin_center
496,21,Чувашская Республика,Урмарский муниципальный округ,97-538-000-000,55.6802934,47.9446913,admin_center
497,21,Чувашская Республика,Цивильский муниципальный округ,97-541-000-000,55.8661072,47.473703,admin_center
498,21,Чувашская Республика,Чебоксарский муниципальный округ,97-544-000-000,56.0315502,47.2987956,admin_center
499,21,Чувашская Республика,Шемуршинский муниципальный округ,97-547-000-000,54.8854761,47.51651,admin_center
501,21,Чувашская Республика,Ядринский муниципальный округ,97-553-000-000,55.9407976,46.2006586,admin_center
502,21,Чувашская Республика,Яльчикский муниципальный округ,97-555-000-000,55.1628658,48.003334,admin_center
503,21,Чувашская Республика,Янтиковский муниципальный округ,97-558-000-000,55.5163733,47.7805881,admin_center
757,59,Пермский край,муниципальный округ Пермский,57-546-000-000,58.014965,56.246723,admin_center
1265,43,Кировская область,муниципальный округ Афанасьевский,33-503-000-000,58.865421,53.26273,admin_center
1542,52,Нижегородская область,Большемурашкинский муниципальный округ,22-510-000-000,55.7837504,44.7763185,admin_center
1556,52,Нижегородская область,Княгининский муниципальный округ,22-533-000-000,55.821281,45.031601,admin_center
1574,52,Нижегородская область,Шатковский муниципальный округ,22-557-000-000,55.188023,44.127811,admin_center
1552,52,Нижегородская область,Гагинский муниципальный округ,22-526-000-000,55.2314867,45.0280811,admin_center
1567,52,Нижегородская область,Сеченовский муниципальный округ,22-549-000-000,55.2257213,45.8937291,admin_center
1570,52,Нижегородская область,Тонкинский муниципальный округ,22-552-000-000,57.372272,46.458287,admin_center
1569,52,Нижегородская область,Спасский муниципальный округ,22-551-000-000,55.8579699,45.6954529,admin_center
1568,52,Нижегородская область,Сосновский муниципальный округ,22-550-000-000,55.8050772,43.1669499,admin_center
1573,52,Нижегородская область,Шарангский муниципальный округ,22-556-000-000,57.1773441,46.5445937,admin_center
1547,52,Нижегородская область,Ветлужский муниципальный округ,22-518-000-000,57.85287,45.7757157,admin_center
1558,52,Нижегородская область,Краснобаковский муниципальный округ,22-535-000-000,57.1268348,45.1664096,admin_center
1537,52,Нижегородская область,Ардатовский муниципальный округ,22-502-000-000,55.2410408,43.0968037,admin_center
1548,52,Нижегородская область,Вознесенский муниципальный округ,22-519-000-000,54.8906328,42.7598373,admin_center
1551,52,Нижегородская область,Воскресенский муниципальный округ,22-522-000-000,56.8383333,45.4330556,admin_center
1545,52,Нижегородская область,Варнавинский муниципальный округ,22-515-000-000,57.396695,45.0849216,admin_center
1554,52,Нижегородская область,Дальнеконстантиновский муниципальный округ,22-530-000-000,55.80777,44.094025,admin_center
1553,52,Нижегородская область,Городецкий муниципальный округ,22-528-000-000,56.647141,43.476002,admin_center
1559,52,Нижегородская область,Краснооктябрьский муниципальный округ,22-536-000-000,55.399989,45.6168658,admin_center
1564,52,Нижегородская область,Пильнинский муниципальный округ,22-545-000-000,55.5522547,45.9207853,admin_center
1546,52,Нижегородская область,Вачский муниципальный округ,22-517-000-000,55.801029,42.772099,admin_center
1561,52,Нижегородская область,Лукояновский муниципальный округ,22-539-000-000,55.034821,44.492725,admin_center
1541,52,Нижегородская область,Большеболдинский муниципальный округ,22-509-000-000,55.000713,45.310505,admin_center
1549,52,Нижегородская область,Володарский муниципальный округ,22-520-000-000,56.224304,43.182655,admin_center
1566,52,Нижегородская область,Сергачский муниципальный округ,22-548-000-000,55.532822,45.4616976,admin_center
1336,45,Курганская область,Белозерский муниципальный округ,37-504-000-000,55.823845,65.588783,admin_center
1339,45,Курганская область,Звериноголовский муниципальный округ,37-509-000-000,54.459023,64.856514,admin_center
1340,45,Курганская область,Каргапольский муниципальный округ,37-510-000-000,55.952408,64.434021,admin_center
1342,45,Курганская область,Кетовский муниципальный округ,37-514-000-000,55.343979,65.333832,admin_center
1346,45,Курганская область,Мишкинский муниципальный округ,37-522-000-000,55.3373017,63.9143594,admin_center
1349,45,Курганская область,Половинский муниципальный округ,37-528-000-000,54.789661,65.987595,admin_center
1351,45,Курганская область,Сафакулевский муниципальный округ,37-532-000-000,54.988411,62.54039,admin_center
1353,45,Курганская область,Частоозерский муниципальный округ,37-536-000-000,55.568256,67.909462,admin_center
1354,45,Курганская область,Шадринский муниципальный округ,37-538-000-000,56.087364,63.629482,admin_center
1357,45,Курганская область,Щучанский муниципальный округ,37-544-000-000,55.208908,62.747772,admin_center
1358,45,Курганская область,Юргамышский муниципальный округ,37-546-000-000,55.374958,64.455788,admin_center
1347,45,Курганская область,Мокроусовский муниципальный округ,37-524-000-000,55.808598,66.770607,admin_center
2249,89,Ямало-Ненецкий автономный округ,муниципальный округ Шурышкарский район,71-946-000-000,65.400004,64.7018584,admin_center
2303,74,Челябинская область,Коркинский муниципальный округ,75-533-000-000,54.889923,61.407963,admin_center
553,22,Алтайский край,муниципальный округ Суетский район,01-541-000-000,53.3027185,80.0450874,admin_center
511,22,Алтайский край,муниципальный округ город Славгород,01-539-000-000,52.9968921,78.6485041,admin_center
570,22,Алтайский край,муниципальный округ Чарышский район,01-558-000-000,51.4008481,83.556989,admin_center
1247,42,Кемеровская область,Новокузнецкий муниципальный округ,32-519-000-000,53.7575903,87.1358494,admin_center
789,25,Приморский край,Кавалеровский муниципальный округ,05-510-000-000,44.2673637,135.0554977,admin_center
796,25,Приморский край,Ольгинский муниципальный округ,05-528-000-000,43.7461009,135.2901676,admin_center
799,25,Приморский край,Пожарский муниципальный округ,05-534-000-000,46.4443195,134.3006729,admin_center
803,25,Приморский край,Хасанский муниципальный округ,05-548-000-000,42.8606833,131.3924115,admin_center
889,28,Амурская область,Шимановский муниципальный округ,10-555-000-000,51.9987022,127.6719156,admin_center
887,28,Амурская область,Тамбовский муниципальный округ,10-551-000-000,50.098019,128.069885,admin_center
886,28,Амурская область,Сковородинский муниципальный округ,10-549-000-000,53.9862567,123.9373454,admin_center
885,28,Амурская область,Серышевский муниципальный округ,10-547-000-000,51.091206,128.38092,admin_center
872,28,Амурская область,Благовещенский муниципальный округ,10-511-000-000,50.2600417,127.5337378,admin_center
1431,49,Магаданская область,муниципальный округ Ольский,44-502-000-000,59.5780981,151.2990699,admin_center
1432,49,Магаданская область,муниципальный округ Омсукчанский,44-504-000-000,62.5127643,155.7823514,admin_center
1433,49,Магаданская область,муниципальный округ Северо-Эвенский,44-507-000-000,61.919209,159.235931,admin_center
1434,49,Магаданская область,муниципальный округ Среднеканский,44-510-000-000,62.9317742,152.3932993,admin_center
1435,49,Магаданская область,муниципальный округ Сусуманский,44-513-000-000,62.779732,148.15361,admin_center
1437,49,Магаданская область,муниципальный округ Хасынский,44-519-000-000,60.1022208,150.9370006,admin_center
1438,49,Магаданская область,муниципальный округ Ягоднинский,44-522-000-000,62.5216788,149.6253322,admin_center
1436,49,Магаданская область,муниципальный округ Тенькинский,44-516-000-000,61.133163,149.632477,admin_center
1070,35,Вологодская область,Чагодощенский муниципальный округ,19-554-000-000,59.16383,35.329369,admin_center
3005,52,Нижегородская область,городской округ город Арзамас,22-703-000-000,55.3987879,43.8210933,admin_center
870,28,Амурская область,Архаринский муниципальный округ,10-505-000-000,49.4224283,130.0858308,admin_center
3007,42,Кемеровская область,Прокопьевский муниципальный округ,32-522-000-000,53.8879117,86.7492072,admin_center
3008,50,Московская область,городской округ Химки,46-783-000-000,55.8917293,37.4396994,admin_center
3009,68,Тамбовская область,городской округ город Тамбов,68-701-000-000,52.73111849999999,41.4341991460869,admin_center
3011,74,Челябинская область,городской округ Златоустовский,75-712-000-000,55.1674213,59.6792625,admin_center
3012,74,Челябинская область,Кусинский муниципальный район,75-638-000-000,55.336521,59.445938,admin_center
3013,50,Московская область,городской округ Солнечногорск,46-771-000-000,56.1853501,36.9781536,admin_center
3014,50,Московская область,городской округ Павлово-Посадский,46-759-000-000,55.7813357,38.6507838,admin_center
2618,44,Костромская область,Мантуровский муниципальный округ,34-520-000-000,58.333271,44.761791,admin_center
1323,44,Костромская область,Островский муниципальный округ,34-530-000-000,57.80144,42.19736,admin_center
1324,44,Костромская область,Павинский муниципальный округ,34-532-000-000,59.1213617,46.1917504,admin_center
1328,44,Костромская область,Солигаличский муниципальный округ,34-540-000-000,59.0777693,42.2861828,admin_center
1860,62,Рязанская область,Путятинский муниципальный округ,61-526-000-000,54.160557,41.121109,admin_center
1862,62,Рязанская область,Ряжский муниципальный округ,61-530-000-000,53.708878,40.062984,admin_center
2120,69,Тверская область,муниципальный округ Калязинский,28-522-000-000,57.2400206,37.8404883,admin_center
2143,69,Тверская область,муниципальный округ Фировский,28-557-000-000,57.481045,33.698059,admin_center
2142,69,Тверская область,муниципальный округ Торопецкий,28-555-000-000,56.496479,31.641077,admin_center
2111,69,Тверская область,муниципальный округ Бежецкий,28-504-000-000,57.781357,36.692535,admin_center
2124,69,Тверская область,муниципальный округ Конаковский,28-530-000-000,56.7131572,36.7775654,admin_center
2126,69,Тверская область,муниципальный округ Кувшиновский,28-534-000-000,57.0314657,34.1796637,admin_center
2113,69,Тверская область,муниципальный округ Бологовский,28-508-000-000,57.885204,34.049603,admin_center
2119,69,Тверская область,муниципальный округ Калининский,28-520-000-000,56.858675,35.9208284,admin_center
217,10,Республика Карелия,Питкярантский муниципальный округ,86-533-000-000,61.57460265,31.47962163893381,admin_center
208,10,Республика Карелия,Беломорский муниципальный округ,86-504-000-000,64.5216684,34.7625835,admin_center
221,10,Республика Карелия,Сегежский муниципальный округ,86-545-000-000,63.7435087,34.3106868,admin_center
912,29,Архангельская область,Приморский муниципальный округ,11-552-000-000,64.543022,40.537121,admin_center
904,29,Архангельская область,Красноборский муниципальный округ,11-530-000-000,61.556374,45.934135,admin_center
910,29,Архангельская область,Пинежский муниципальный округ,11-548-000-000,64.001808,44.442722,admin_center
1050,35,Вологодская область,Вашкинский муниципальный округ,19-512-000-000,60.2622011,37.9714452,admin_center
1058,35,Вологодская область,Кирилловский муниципальный округ,19-528-000-000,59.8590575,38.3758696,admin_center
1061,35,Вологодская область,Никольский муниципальный округ,19-534-000-000,59.5304186,45.4585029,admin_center
1580,53,Новгородская область,муниципальный округ Демянский,49-512-000-000,57.6423554,32.4646788,admin_center
1589,53,Новгородская область,муниципальный округ Пестовский,49-532-000-000,58.5981825,35.81432054429986,admin_center
1585,53,Новгородская область,муниципальный округ Мошенской,49-524-000-000,58.512428,34.5849085,admin_center
1581,53,Новгородская область,муниципальный округ Крестецкий,49-514-000-000,58.247665,32.522858,admin_center
1771,60,Псковская область,муниципальный округ Красногородский,58-514-000-000,56.830654,28.284595,admin_center
1773,60,Псковская область,муниципальный округ Локнянский,58-518-000-000,56.824783,30.144482,admin_center
1774,60,Псковская область,муниципальный округ Невельский,58-520-000-000,56.017616,29.917128,admin_center
1775,60,Псковская область,муниципальный округ Новоржевский,58-523-000-000,57.031181,29.332918,admin_center
1777,60,Псковская область,муниципальный округ Опочецкий,58-529-000-000,56.71167,28.656818,admin_center
1780,60,Псковская область,муниципальный округ Печорский,58-540-000-000,57.813305,27.608185,admin_center
1786,60,Псковская область,муниципальный округ Пыталовский,58-553-000-000,57.062908,27.921061,admin_center
1788,60,Псковская область,муниципальный округ Струго-Красненский,58-556-000-000,58.2693219,29.1115963,admin_center
810,26,Ставропольский край,Благодарненский муниципальный округ,07-510-000-000,45.1006298,43.4372187,admin_center
811,26,Ставропольский край,Георгиевский муниципальный округ,07-515-000-000,44.1478944,43.4741718,admin_center
814,26,Ставропольский край,Изобильненский муниципальный округ,07-520-000-000,45.3740796,41.7121154,admin_center
815,26,Ставропольский край,Ипатовский муниципальный округ,07-522-000-000,45.719723,42.916286,admin_center
817,26,Ставропольский край,Кировский муниципальный округ,07-525-000-000,43.961891,43.6311,admin_center
819,26,Ставропольский край,Минераловодский муниципальный округ,07-539-000-000,44.2107377,43.134969,admin_center
821,26,Ставропольский край,Нефтекумский муниципальный округ,07-541-000-000,44.752205,44.985077,admin_center
822,26,Ставропольский край,Новоалександровский муниципальный округ,07-543-000-000,45.4952532,41.2198866,admin_center
823,26,Ставропольский край,Петровский муниципальный округ,07-546-000-000,45.3406133,42.8459286,admin_center
825,26,Ставропольский край,Советский муниципальный округ,07-550-000-000,44.403175,43.884163,admin_center
1338,45,Курганская область,Далматовский муниципальный округ,37-508-000-000,56.258656,62.939163,admin_center
1341,45,Курганская область,Катайский муниципальный округ,37-512-000-000,56.2834992,62.5836525,admin_center
1337,45,Курганская область,Варгашинский муниципальный округ,37-506-000-000,55.37204,65.8081,admin_center
1350,45,Курганская область,Притобольный муниципальный округ,37-530-000-000,54.907539,65.088203,admin_center
592,75,Забайкальский край,Ононский муниципальный округ,76-534-000-000,50.510593,115.118385,admin_center
580,75,Забайкальский край,Газимуро-Заводский муниципальный округ,76-510-000-000,51.5511167,118.3349104,admin_center
583,75,Забайкальский край,Калганский муниципальный округ,76-518-000-000,50.92355,118.899208,admin_center
588,75,Забайкальский край,Могочинский муниципальный округ,76-526-000-000,53.7362642,119.7624853,admin_center
613,41,Камчатский край,Мильковский муниципальный округ,30-510-000-000,54.690411,158.609879,admin_center
808,25,Приморский край,Яковлевский муниципальный округ,05-559-000-000,44.4262999,133.4742211,admin_center
797,25,Приморский край,Партизанский муниципальный округ,05-530-000-000,42.8922366,133.0782462,admin_center
805,25,Приморский край,Черниговский муниципальный округ,05-553-000-000,44.3591368,132.4941354,admin_center
807,25,Приморский край,Шкотовский муниципальный округ,05-557-000-000,43.2874945,132.4563758,admin_center
791,25,Приморский край,Красноармейский муниципальный округ,05-514-000-000,45.8518226,134.5005526,admin_center
854,27,Хабаровский край,Охотский муниципальный округ,08-534-000-000,59.3619947,143.2146511,admin_center
875,28,Амурская область,Зейский муниципальный округ,10-525-000-000,53.7403584,127.2716246,admin_center
2078,68,Тамбовская область,Бондарский муниципальный округ,68-502-000-000,52.9502841,42.0663629,admin_center
2079,68,Тамбовская область,Гавриловский муниципальный округ,68-503-000-000,52.876944,42.770992,admin_center
2080,68,Тамбовская область,Жердевский муниципальный округ,68-504-000-000,51.843933,41.470367,admin_center
2081,68,Тамбовская область,Знаменский муниципальный округ,68-506-000-000,52.4111427,41.4432947,admin_center
2082,68,Тамбовская область,Инжавинский муниципальный округ,68-508-000-000,52.3183696,42.4953939,admin_center
2083,68,Тамбовская область,Кирсановский муниципальный округ,68-510-000-000,52.6509234,42.73015344421673,admin_center
2084,68,Тамбовская область,Мичуринский муниципальный округ,68-512-000-000,52.89899355,40.48326577268173,admin_center
2085,68,Тамбовская область,Мордовский муниципальный округ,68-514-000-000,52.089058,40.762287,admin_center
2086,68,Тамбовская область,Моршанский муниципальный округ,68-516-000-000,53.4428,41.813,admin_center
2087,68,Тамбовская область,Мучкапский муниципальный округ,68-518-000-000,51.8473199,42.4699106,admin_center
2088,68,Тамбовская область,Никифоровский муниципальный округ,68-520-000-000,52.8785209,40.7928771,admin_center
2089,68,Тамбовская область,Первомайский муниципальный округ,68-522-000-000,53.244999,40.285099,admin_center
2090,68,Тамбовская область,Петровский муниципальный округ,68-524-000-000,52.633202,40.2603,admin_center
2091,68,Тамбовская область,Пичаевский муниципальный округ,68-526-000-000,53.2342209,42.2036841,admin_center
2092,68,Тамбовская область,Рассказовский муниципальный округ,68-528-000-000,52.6657884,41.89469890606984,admin_center
2093,68,Тамбовская область,Ржаксинский муниципальный округ,68-530-000-000,52.2204809,42.1090698,admin_center
2094,68,Тамбовская область,Сампурский муниципальный округ,68-532-000-000,52.377113,41.673679,admin_center
2095,68,Тамбовская область,Сосновский муниципальный округ,68-534-000-000,53.232201,41.369202,admin_center
2096,68,Тамбовская область,Староюрьевский муниципальный округ,68-536-000-000,53.3227111,40.6992188,admin_center
3010,68,Тамбовская область,Тамбовский муниципальный округ,68-540-000-000,52.73111849999999,41.4341991460869,admin_center
2098,68,Тамбовская область,Токарёвский муниципальный округ,68-542-000-000,51.9939,41.1618,admin_center
2099,68,Тамбовская область,Уваровский муниципальный округ,68-544-000-000,51.9807749,42.26542253442362,admin_center
2100,68,Тамбовская область,Умётский муниципальный округ,68-546-000-000,52.560272,42.968578,admin_center
228,11,Республика Коми,муниципальный округ Усинск,87-523-000-000,65.9944237,57.5570861,admin_center
226,11,Республика Коми,муниципальный округ Вуктыл,87-512-000-000,63.844337,57.300171,admin_center
3101,62,Рязанская область,Сасовский муниципальный округ,61-542-000-000,54.35392,41.926643,admin_center
